transaction_amount,merchant_category,hour_of_day,day_of_week,distance_from_home,velocity_24h,velocity_7d,card_present,online_transaction,international,num_transactions_24h,avg_amount_7d,std_amount_7d,account_age_days,credit_limit,utilization_rate,failed_attempts_24h,device_change,ip_change,new_merchant,is_fraud
5.045316518660625,-0.7280155445105252,-2.855247991774964,-2.7278470954441034,0.8465143156291796,2.711463186808545,1.7177823075966243,0.8416044002123646,-1.1392302269130832,2.8780979136780287,-3.73209217888217,-0.2903535666254865,2.478720811058081,-2.5248625038896697,-0.5060048560019387,-0.46156763444740156,-3.6478082638510205,1.2747878203362861,-2.5833148460619695,6.951077647910054,0
7.9656542970611675,-0.49105296568940987,-0.742115869908586,1.7725973270078943,2.6535464371467663,2.049189147668247,-2.9833285751945913,-2.0287635841224385,0.2939608794606757,-1.5102410064233935,-0.9811639989614184,0.815977876267359,1.2754331614749974,-3.6515618099561262,0.6095065551542272,1.294835078904728,-3.386286458899994,0.6622626028817769,-3.308046791339528,0.4278310931495795,0
7.703593312123419,-0.07018411387968622,1.8677200116545132,0.6611305918653765,-1.9784406820539195,2.386700152141718,4.835133035610558,0.5777062011715937,-0.3326285134597418,4.213388670584234,-3.1370894435407704,0.19327941029449677,-0.5297220478868454,-4.911690466340751,-0.3675932047649219,0.2881387087282502,2.4266888494774275,-1.746787085859895,-2.4083017721615922,2.48415830087962,0
9.522053419212622,-0.3610366857447958,1.5119864429645429,2.2243304212047064,0.8728635803108762,1.0957906692969277,-1.1689917786225767,0.7095645689346199,-1.3877630858237318,1.6137493576249482,-0.35811963385033974,0.03992080935382207,-1.4567190300760848,-3.449855937938657,2.2520697648977324,0.17149467058755707,0.503371376855646,0.24036330889368862,-2.063169000634308,1.5350041145608908,0
6.120455010815544,0.056656396127535,1.879428120981787,7.186791525809864,-3.6392678650568806,-1.0320183789042288,9.413391141073921,0.3196789954199559,0.15043312676830436,2.4924074729286536,-9.800040738979199,-0.10263429974689903,0.5470724532609279,-4.770537947295992,0.6878048578289111,-4.899396708632185,1.2546735677763525,-1.951981481109437,-1.9595450655112705,-1.9690747557862656,0
5.187494233112513,0.9335615963749421,7.860213855022972,-0.5137166686096213,-3.125637462413982,2.9081220817408133,5.994330507199616,2.060352455919688,0.8408136641502263,0.404861343040977,-3.649110774125195,0.6369567259559791,-1.77119864096572,0.4810051735588136,0.7738846400739724,-0.47490251506518444,-1.802645942294004,-0.3927176623088723,-5.142951603316106,3.2607435637805957,0
8.540599183243161,-0.6482653931397976,0.6341042674589964,3.817751679127594,-0.9745417252600181,1.4000341136562988,2.146725050696968,-0.35385801109099146,0.2965704558985517,0.2038486572370405,-1.3600357940854615,0.36282320391109585,-0.36155773929620605,-1.9032930032533895,0.39956095721413354,-0.15990509535301844,1.4393082331463836,-1.892091880922234,0.738019858665405,-5.143612472078115,0
8.123463824027926,-0.09342694315602153,-1.971823700429446,1.1846814451269154,0.11017865220836187,0.5861803442641492,1.5520295591476585,1.745393098478071,-0.967006543669564,2.941578095726398,-4.187285688863008,-1.5103620615070816,1.6606778823997956,-5.665315300839393,0.9460672820122752,-0.1025515725892765,-2.763218392505963,-3.183266349986235,1.2220104654739865,-0.7084630863798681,0
5.513688723907335,1.1511174053924726,-0.4755454324795122,2.2590815472951995,0.5544980593262876,2.8043753166337866,2.250689248496196,-1.4638139156298982,-0.007522903940751632,1.5513325820632904,-4.67210806029886,0.03477310343317962,0.46030849827604703,-4.466950563542772,-1.2474005974129259,-2.817553946153465,-0.4290791890547674,-0.3738444684291141,-1.9084113825837399,2.1179492226283014,0
9.027578009146147,0.6051934968892183,1.468344181047345,5.032941917562641,-3.4567701101123194,2.080700984032755,8.877466458605577,-1.2394732774016006,-1.6158404880024555,1.6450861303418232,-8.780631973053003,-0.6054023813653926,1.8535728512707665,-4.495903742476949,-0.22800013986344123,-2.4273053149903636,0.7147851985175082,-0.8134486152130398,-4.510433885694962,0.12908645884837805,0
5.649651105854656,0.6628427297291398,2.9987017334277244,2.3678198688764907,-3.2433146339326058,-1.5278971361337645,7.443272490627651,1.1405170386855186,0.2549048718112315,1.7648545517954095,-7.787392676049703,-0.027318532972977972,0.6930153333635638,-2.0686839296484827,0.5333378334295115,-3.0747126988129874,-1.098736962575803,-0.01935005944778756,-4.026000940625998,3.310706160261598,0
4.859780263314542,0.9444363149938924,5.866426905551999,-3.274579429908977,-0.42457477126386445,2.1208752026463977,-2.7081690886784426,3.249512469003441,-0.8081843995023595,-1.088543177789616,3.0257290848522174,-0.10422535303278807,-3.037471834247128,2.539432175086197,0.3973920509565655,1.7137430711813213,-2.483677309181563,-1.2874300688555889,0.43493460031677245,0.7036892390685431,0
5.191951898839227,0.5005399507254719,0.5246320999067366,0.6228788890595282,0.6591546420143559,0.8436968286758075,1.9880685164281846,-1.2176381953448807,1.6379923444568936,0.527331421715944,-1.1774675744242882,-0.6383661634523601,0.1613649539018518,-1.7758286118356008,1.8676653817499185,-1.3115349480009821,0.7483140863413176,0.10615377867966713,-1.855930867055442,1.9190764277791552,0
3.276391645824484,-0.10207899738488524,-1.3281820782622602,0.23806755060796814,0.3972650843516293,1.6351309002097327,1.6168347432153016,-3.0802732362909486,0.422030854828933,1.6268815976867086,-5.786117776968674,1.2091918105913129,1.4975198945444048,-5.999236890068362,-0.14406347334462383,1.990050175167731,-4.949767832311709,-0.4980640237641183,-4.826848322904243,0.35354651812914656,0
-0.9570858977310164,0.6595407643286875,-4.887717585552445,-0.9898643886108824,3.4923294555222704,1.919437139117196,-1.0354933095834966,-5.818983650123402,0.5901640764134068,-2.52088235210624,-4.444728903861065,-0.43113592107124954,2.614664230627336,0.042351683854973995,-1.7966389089592516,-2.2408335692028176,-6.7923604934208806,3.577368912954657,-3.6073567333986896,1.824784804557796,0
4.810210774589263,-0.1423486865154642,-5.670129589878039,-4.047601350879749,2.730701719864964,2.5981396866032873,-0.28844075631176835,-2.400677416308323,-0.2846769245903387,-0.4469739154414205,-0.7469082129270771,1.028334777858993,4.916955675977865,-1.401962922687208,-0.41847283057180573,-0.9938993869434063,-1.8031673008290126,0.7299751857172836,-0.2653987698297763,6.382816751349872,0
2.8119251891614736,-0.868649993287873,1.7835901745998275,-0.8438366082310096,-0.7125642893166921,1.4672326890622334,-2.193637333290888,0.8346287766199502,-1.288378273612342,-0.752930342451537,0.07634781190871859,-2.5588133734285567,-2.012691317286634,3.146077290512341,-0.11041052427420922,-0.5739868782048068,-1.2211548720394194,2.260086020791488,-0.7203537542639189,1.588491646235774,0
10.06302751197178,-0.7682677029548609,-4.546766379852073,0.037401495843962795,2.7927030266417034,1.561694187109023,-3.6447909790861908,-2.0037042274093144,0.8270017541339574,-0.22402129852143138,3.5134691868938632,0.8357298299044529,3.492198313240635,-4.277969007482174,0.913353223448676,3.2687891741866246,2.40600909690576,-0.3010553297580669,-0.25530055127426043,1.574270338660786,0
2.8633200215532524,-0.6430339405943093,2.184765692454272,-1.0032284983469675,0.9295301880917546,4.24348234745626,1.5861084678360489,2.874986191368548,0.5979224299768019,1.1481570252845998,-0.41023244042600593,0.9732092783064061,0.6203985432630735,-1.9745547601340303,-1.9358045923539078,0.23766648292286763,-2.3908600950864223,-1.0815880895703542,-1.6983342791383604,3.6114429254868265,0
1.7185332199994279,0.8269359209624235,2.220733018528557,1.277423007696841,1.2117055222942958,1.780112559534027,-0.3930831613423539,-0.8631025923597355,1.3704798226527088,1.0382388322400984,-1.0802135412199847,-0.508174898563751,-2.702239788289451,-3.5956505622721413,0.9658538684255736,-0.8989972613978938,-1.1527033558148818,-2.7101366179791153,0.6017439558264361,-2.9965066186134903,1
9.234185977753068,0.08189306829679757,-1.525702813431682,-2.263149534451307,3.037230982622788,1.188974491514389,-4.801622382710508,2.899608182210476,1.4539262559008415,1.0997822825068586,1.616077245624578,0.49652541919736676,1.2010648872304666,-2.7530936711748364,-0.5998425101903511,2.283763007788679,-4.391026639689963,-0.1653171617109639,-0.18245519859934922,4.022290837526966,0
2.48859971771778,-0.6928565583254017,-2.5806215217271373,-2.2800470970617757,4.511383749341718,2.042843139681499,0.2612796519060987,-1.3473312286320285,0.7726071570836791,1.6885575159974509,0.2639638461575241,-2.168319883892745,1.8714005519062078,-4.342413443338805,1.5345015790191046,-1.8458080188414836,-0.9986747430029562,-0.47250431278987004,-1.0475890373558325,6.092515648560086,0
7.119718313260014,0.1487288484802871,4.031035077469757,2.1192667448006954,-4.413660344339926,4.1058625457644125,-1.807272951588695,3.359168903246189,-0.957345786078801,0.46743868378309916,-4.108896843381361,-1.170718420714509,-4.384397762620859,3.018146620380704,0.15322305190243202,-0.7104514572299037,-2.762197898102052,1.1400809173252546,0.5321152400907339,-2.8948953952631116,0
3.4025974970391224,1.197356171351723,3.882456830899858,-1.4126095644527843,-0.9449329617966425,2.7287927416029865,-0.6636882845575106,1.9059769441848298,1.271963454010836,-0.06701801627798587,-1.3026143497695872,2.402853976084135,-2.092754753921299,1.2512654511367904,-0.07537854017563975,-1.1487595693945336,-2.16653753419045,0.43220396959693663,-1.1106562397326012,3.1233572396757237,0
2.866783065792685,1.5021506412101986,0.9651494865605535,-2.7124295534389815,3.247358302536237,-0.720136128841399,-6.094228052659573,-0.7104190968688975,1.298623743125061,-0.18657226844955277,2.471042191217614,1.4229829955633848,-3.0831345123615486,0.29999567798684545,-0.3475289198825394,-0.6429667755341928,-2.287428742220297,1.6202692212699574,-0.3943759931367714,3.462819299315212,0
6.997830666395329,-0.5696530939500907,3.7689802749097217,0.6263742615254654,-2.447367208465405,1.7881051866249817,0.3675907483102901,0.817401650267346,1.060695969843247,0.9029369335049181,-2.0521678601519207,-0.3370690576744647,-2.687257515148189,-0.34037601118530614,0.08352846595989394,1.0264395077152626,-0.8635365250894809,-0.28221581018273745,-1.675714958781451,-1.1048951539211214,0
-0.3556264397841784,0.25495052238416366,3.886128326715524,-3.0512716424864488,-3.190658527383521,3.467755461417576,2.7438636763374933,2.8283785611102576,-1.9196424750899561,0.3159642404249041,1.094385842960946,-0.1461414450931592,-1.3350340061478612,5.462472001932188,-0.32905585413049865,2.3543196153577584,-0.49412434361709223,2.264980783681666,-2.7335506630605177,2.2209711402928924,0
6.341708114965183,-0.7047743305107937,-0.26119041867802184,0.34193485394156786,-1.2363049839814484,4.712450996647219,0.3708497995509175,1.6288868402647303,0.362916077448543,3.982223350707392,-4.1026432026428115,1.5499015637989333,-1.1623444590464929,-2.9372519435945765,0.9670163124643234,-0.13270188379615555,-1.4715556832239698,1.0205046118369263,-1.9657593072951465,3.3121972760665113,0
3.835316718953642,1.5221773786331276,6.347713101829754,1.2782848914228655,-2.523868426676091,-0.04945648610726172,0.5727382003875453,2.501430022722184,2.1320974101866064,-1.0676972080969835,0.37412493548856496,-0.9231269814766137,-3.7096318183905326,2.856561839419585,0.5085820179199945,0.16177044183273837,-0.2727535798275569,-0.9149803500125667,0.12358673515946705,-3.4918814419329816,0
6.227509920263098,-1.0969137435583285,5.241427854473007,-1.7997932164919752,-2.6706729255915436,0.9383128472152956,2.5844558866350114,3.8607736548723572,1.9476586716176383,1.4427967139293785,-2.9211080639486973,0.4511079626102366,-1.3398094301893249,-0.15149755179500446,0.5275843507201375,0.2149849391047629,-2.9045349178730318,-1.351162451720627,-1.7548177197084915,3.1164397955850753,0
4.922513169716421,0.0066871619942865754,-0.8251936762891197,2.634592179997312,-2.544250711803737,0.6254003333854783,2.5101572235908662,1.6486163724810399,1.0362050123767792,2.177429497207566,-7.09197004354873,-0.2063740569112156,0.13125016974070292,-1.211792696317556,-0.24555865590294407,-2.9658294731266537,-2.086287136150847,0.8546397646298183,-0.5164376260245715,1.0387083898219307,0
10.787607288869683,-0.10887672943085566,-5.366822037588307,-1.176158509693324,2.8810511545969066,0.45523726535501297,-6.510200342328646,0.11359316085092241,0.004280472276696971,1.8265811190955115,5.519592528146383,-2.272463738455343,1.033884202827853,-2.8261198106981267,-0.32594472833585214,2.442787660184549,3.767656202738788,-0.0076974057606551405,3.27209448834152,1.9003373462421973,0
6.458449433884873,-0.07912623493223149,3.7523143152597105,1.6541581861159074,-0.6602104890737295,2.5610601886702606,-0.9669460742796291,1.2520226508011523,-3.0379611351989544,0.25519845759744797,-1.5457296703155081,1.061593438918514,-2.9296354224247763,-1.4294949667152532,0.7254650452593797,-0.4474415093296952,-1.8042806322297924,-1.8351564970774186,0.38827025816796956,-2.681087754320889,0
2.8378091271751216,-1.286355661168292,1.297432458407285,-1.7621913865327679,-0.3765334437194716,1.8225875928574193,1.949685385635883,1.7711698690932454,-0.41113095002455263,2.1074914316825506,-2.0288035927926895,0.8179279358151398,-0.2285874253693938,-1.2357540193827263,-0.2564148802435924,-1.620040242272906,-0.7550180071185664,-0.43154657750533465,-0.7322094563972118,4.8047548814189405,0
8.728398084996158,0.7658060454404576,-2.7739034678076235,5.381770717555514,-0.4724945122170222,3.059203492392331,1.7189638737721349,-2.0623962647905696,0.058493013993919624,2.0731194048311283,-3.1991789791264793,0.2983310655800002,0.598502128832276,-6.056951589520454,0.8178904180292732,-0.06314540451199846,2.4452367217032163,-2.637254079581305,1.2561593881491495,-5.962077434370604,0
4.879226789821409,-1.1029302828886214,-0.019983292074895506,-0.08631962387179581,-0.7311631750203795,4.999562253893811,-3.8564400334066287,1.4052035625783525,0.7378817288769467,1.7695575922652544,-1.2894035801819583,-0.9720255746385824,-1.4398939683142906,-1.574702081237819,1.0150553840097678,3.0748697461220513,-3.0854382974786394,1.2642566394064165,-1.7435596412262546,0.4405667966297775,0
7.876620917726191,0.7343397809185354,1.5845100070888842,1.499902952552234,0.08706175018145523,0.3520335419190821,-2.295216818085309,0.6050641711811808,0.7012281336043451,0.24225033105302296,0.35083346440864793,-0.14146071289000747,-1.9566602399104505,-2.326075079122402,-0.7107064784356288,0.18573749033748665,0.12603260928126137,-2.7758355367213152,2.4260643893197984,-3.6064528965708074,0
4.416238727221232,1.4527011988194625,-1.8425891629555715,-3.3436729274455597,1.939497932648053,2.8825992075260007,-6.300827273804677,-0.17437536085231375,-0.3904945011681188,-0.1321063818498931,5.331983784939813,0.05256958088316152,0.22223414329217506,-0.5458985539586684,-0.23367203592123317,2.81117804163142,1.7735787585095983,0.2084138395253461,1.4923373276186016,3.108334775936932,0
0.483543911960604,0.4918742933606549,0.07318852241960612,-0.740918030897554,1.1722301835745315,1.1962295499592943,-3.7928287578549007,1.6321039360056762,0.3027386841865543,-0.0773031082157174,-0.026374990440207222,-1.143928830499205,-1.7715049669768104,1.4807053887436807,1.0845564945090769,-0.4088519297831562,-4.053178693192253,1.1782698150854922,0.8050925521081911,-0.00689986926057512,0
6.083792769050017,-0.6736407179234928,1.1131695181562182,2.995273478080777,-2.465578849181016,-0.8545934317144996,7.450392030389852,1.1055517624087103,0.3005923847394256,0.5150326215186107,-7.844500395453788,0.8685886269828709,2.1619032589056473,-0.5252252027177996,-0.5744816466944882,-5.001889717982573,-1.1174463793198997,0.9474221657910415,-2.9857100811002035,3.836146738277968,0
7.310041177800668,0.8295838544350381,1.2121078566639907,-1.4045707961938199,0.7275313606067069,-1.2083794695577896,-2.117979463359554,0.8103356713261551,0.13890383327425299,1.3433150145918529,-1.8600820665143096,-0.9254309431677502,-1.513958155363229,-1.8679200991635294,1.3624802224031478,-0.021505722089279256,-3.6659841555642165,0.1727664847484447,-1.3982085778319324,2.761845588048254,0
6.065893950115304,0.5191596300266333,1.1614514683264305,3.1736704415078716,-0.15570929869772931,1.8585953832197937,1.499779691934531,0.22095595609520324,0.264052812102645,1.0433154265933937,-2.659802249200022,-3.4648091473983578,-1.0505283388276812,-2.98778624208831,0.23033980946520471,-2.1525372444586166,0.3565337706931775,-1.7882250520530636,0.5862453406450483,-1.95117976084092,0
6.295641197769022,1.9799704754619196,5.861315205340915,2.149259452328544,-2.413884563275701,2.569337189412691,3.691314066847036,2.0260737052305906,-1.3635594335199779,-0.48627585450453514,-2.487805480130818,-1.1055553575092072,-1.9305852445907243,0.49110329797579144,0.11670343981096912,-2.540666573335418,0.5440969732811343,-1.5273447405783376,-0.6770438962167808,-0.37420396943777773,0
7.421356575320691,0.6056726638334079,-0.03751075596503448,-3.455756518469284,-0.5050494465209256,1.6657345788730324,0.0744464525541419,-0.3046860764736157,-0.7305542399127896,2.0436310402393634,-0.3546232712396281,0.011345039935087908,0.8712217849984011,-2.487899619968369,0.07641666126279278,2.4210351748550676,0.08341148526034514,0.16964343417941596,-2.744663725879281,5.591836860358793,0
4.649571127604839,1.4215544338592052,0.6638845225912096,2.710799271174997,-0.5946811483617072,0.8293218865607097,1.4205079367607183,-0.7808789111902141,-0.6730948965848316,0.5453264046420407,-3.0507400237152766,1.8173606218018574,-0.08845010525960928,-3.192917275134594,-1.768248781569552,-1.1749760421804496,0.34085602020758965,-1.3050973623553874,-0.5975046141608142,-1.155404862125493,0
4.979164937586127,1.741180653086573,2.0681840688084665,0.40123760872188785,-2.7631953434578884,1.8827609169248003,-1.6252967906137687,0.6910506566335957,-1.0406955846090045,2.265794540921628,-3.8302161127240786,0.779697242618353,-3.780877146722597,-0.292918597625766,-0.7481224482991055,0.46929110740577473,-2.080930142379512,1.1355943882637163,-1.2933546664346796,-0.5487157866972305,0
4.377091143551947,0.49005378011533557,4.868756178673955,-0.8208905684125467,-1.9177331957648112,2.4671773730152924,0.8678829102340972,2.9562167971097466,-0.4789190750073355,0.8338989292126333,-1.2583673355731904,0.6246916966252715,-2.5328735992672415,0.709801628019754,-0.3350706583533571,0.3833449614553539,-2.1612801801451575,-0.8723052339012826,-0.9139143442651253,0.4809484958195758,0
10.570302186421815,-0.18320254704799668,1.8415790011171884,2.159676468620421,0.07489313376430395,2.314073456884119,0.6498452780293869,-0.9837291165505349,-1.2537852648535535,1.5000625848139553,-3.6462063631248203,-0.5861341961953691,-1.1060878846913684,-5.532195197278855,-0.23005627608410767,-0.718059690107558,-0.9054636857746446,-2.1100967142415845,-1.6044968953872478,-0.25183352395315656,0
7.325353098371678,-0.1044490973550001,-3.9820530741910636,-2.9595979903665213,1.2232519606165337,1.1920974118749408,-8.531247022708088,0.5356159448951847,-0.13261386707201303,2.0300271631917237,3.9269722006981596,-0.9169614999989003,-1.3229371703465564,-0.3104770941493228,-1.5477255647349457,3.557842278531768,0.3451101185743979,1.7947569746101424,2.139521863576545,1.778799585473855,0
3.367491984584585,-0.49420309212607777,2.252645682315667,1.8785185644589437,-3.524897849327013,1.7397603574983673,5.168945142932445,2.9912050690226986,0.5445047947986142,1.5874835385136845,-5.880281855963743,0.0860860820516856,0.6976642345796926,-1.3332166153649538,-0.045891306198795376,-1.0326041365548073,-1.9327518213954376,-1.4890593097214864,-1.0274554717125266,-0.021831461095673174,0
5.071991382499799,-1.5324231727539546,-0.7770832897094884,-0.20140658769098607,-0.7804760173601192,2.265208024716728,3.413747474847914,2.8252528047181555,0.23596079371972573,1.893003673139205,-3.8088950810159456,1.2286388853720145,1.8877848808771192,-1.2328995791950739,-0.028865870887092887,-1.7754385535001753,-2.2947289452188833,-0.781152627772562,0.19246916679482395,2.771710171023027,0
6.394406170974708,-0.6607791909136334,-0.8917637963506744,-0.8116777271681772,3.1781016943184723,1.4376458305201834,-2.3817830962551607,-0.24999891480851189,-0.47023731235541427,-1.657078739109048,3.5350303762838156,1.460020729964084,2.4281758875450095,-1.6224193210074067,-0.364182135779838,1.1681220233240224,0.19166331303643225,-0.08645679673548878,-0.9038777424427397,3.2113463534401596,0
4.6424613594454,-2.1143765243673354,-7.695775253730825,-4.976964339520704,2.2826147634912646,2.5419228825867553,-4.033554949056799,-2.315483336417026,0.5704836020669427,-1.5717402230238502,2.7953207485363794,0.8456370569266659,5.529853128753385,0.4596428706557256,0.8727241400080541,5.065309311419953,-3.274562430188938,1.09151832234399,0.47505855090734883,1.068591267799067,0
7.012463403037375,1.5436602220692561,0.9901149562715258,-2.4630647214512753,-2.0721214253187044,2.941155720799456,-1.0218605991204355,1.3727109764164718,-1.1373157227337494,3.1925809882563305,-2.7158931690294086,-0.45069354874900486,-2.3218779450866545,-0.5787611409522695,-0.2188013855903284,1.0754080711051337,-2.070743435222004,0.9355824798025294,-1.3186000522051495,3.0172214378127533,0
7.335120697684513,0.8429522378643018,1.6094177113514259,-1.6604311037905355,-0.9196265083948678,-0.39415585406978404,-0.7380223928635987,3.9197714440876092,1.3946350570072452,2.5787921473237274,0.2009155738314985,-0.5258103488447642,-1.2615858462186345,-0.6320126879292954,0.3141384872073403,1.1931594786146311,-0.9937836156691118,-0.6768961665910787,0.47836887607596434,2.457685267006965,0
9.760873161175606,0.19232086822882802,3.4484025092608404,1.0741419986240672,-2.329160371164436,1.5480287383107214,0.7157275176262644,0.6692953995513682,1.195275000969058,0.6246315792532178,-1.1626471312883753,-0.6773551458737697,-1.8526650140264924,-1.2759431841958582,-0.8462046943933126,1.5108288364310494,0.425861234547793,-1.5501475640128581,-0.8025635203502712,-2.15722721719512,0
1.9430393405459983,-0.778615470330168,-2.3061917429665315,-1.4460175458934788,0.4824673023998989,2.97955780296754,-2.409912963541956,1.3680181045500754,-0.4115898896163862,1.4754188266840758,-2.0993925151669366,-0.23702171434345756,0.05942925284947087,0.13141325965207754,-0.9693153189781866,0.553283189667247,-4.646372454449421,1.9135614035729775,-0.5836014613035697,1.99220446834195,0
2.7621712481891447,-0.0820897103526709,-2.737388134853991,-0.9220921344189278,0.8445612475194348,4.1612901826122926,-1.2157228804657598,-3.695346109300002,0.08588672898942211,-2.0743744214285025,-3.7165638068397198,0.11621922044552556,0.8694214535434139,1.548573304698403,-0.08306770378994614,-0.4568560756984057,-5.996753132043402,2.2772240599780145,-1.8036915971763028,-1.532212232315905,0
10.115617326457977,0.9855380493602122,-2.904873711479568,-1.9176413879911178,1.8145301612713038,2.130817900970183,-5.086304576962376,-3.499582574921698,0.46563368828838514,-0.37373413428236657,5.260252798649082,1.5836550623017955,0.8830725762639776,-2.223571574098008,0.6903485327015935,3.612747619193947,4.4799034897027,0.2357323166523282,0.1144093222787399,1.4911982326908482,0
7.702591636840079,0.8983612807951485,4.369394129110755,-1.8692443628740993,2.6920173402347656,2.8911006885034043,-0.3999083800793721,-2.710494288692135,-0.14354427163965075,0.12293576279086171,1.5332256979022776,-0.8249804258598371,-2.3449321927825526,-3.257663250074324,1.245224632610653,-0.47917076355139565,0.6391269125675558,-0.4456313610997138,-4.052590475760409,4.7835597892723465,0
5.63569255366644,0.08817024454997512,2.564307524908544,4.026402671807927,-2.0733902065625545,3.2567923160078545,5.950910487528183,-1.9396416666072969,-0.8723766967774441,0.07621802743493622,-5.913767088534893,-0.6918705130693079,0.08883956062489418,-1.7924372075848238,0.08331576607682815,-3.162840857056784,1.1681585538317103,0.952209510243708,-4.538934217950237,1.2476684767273543,0
3.823198017269662,0.0856907001941139,2.752157011950547,-0.2915711224546029,-0.6689831921104238,1.6700007199046614,3.1886235864767194,2.3084623374905027,-0.4681671042616876,0.3980521950813297,-2.9585049118057474,-1.8764816412441143,0.0021653408662505313,0.35021376749232946,-0.3030339363444389,-2.3144896210741033,-2.4376965108619064,-0.07819202917508838,-1.5243046142244778,3.252238506260033,0
2.675606146551793,1.3903187456066874,3.40260602438656,0.970446375075271,-1.7086917395853432,1.5261210297747407,5.765350333001873,2.995540354299358,1.0063288786046374,4.486042800290019,-3.4841726410765146,-0.3799521283567389,-1.1999678600962773,-3.551796865020805,-2.030335502311706,-2.8878545619373335,2.63066294433983,-1.1148485151836676,-1.8863938546694632,5.613056165578611,0
4.479299610598094,2.2199044098860377,5.419784695775545,4.871821321110468,-2.0607942764504648,2.2085755549404684,0.4059081780902563,1.5184758309576634,-0.5688967195807201,0.9024626800197918,-5.219517542180871,-1.1923964367266762,-4.860398243992057,-1.9589308785222863,0.8500700029358019,-3.485673775083351,-1.5730845564257852,-1.688555557554663,0.3270022381887483,-3.8862038555060106,0
8.316421361419739,0.17786343919463343,4.981960837022416,1.6149917222017116,-2.0433121516735993,2.424111433793564,5.260478725776254,0.31079419651869755,-0.1611155605234562,0.716771392965639,-3.786687361863238,-0.39751808273275624,-0.9168510240800769,-2.1166891669696097,0.9711475306081842,-1.3199797913021907,0.20191026485126562,-1.3429333865485438,-3.3780126795060847,1.2237136215114863,0
7.109585267880937,-1.348330811323041,0.31607278544239725,2.271456981868729,-1.0345203007035817,1.243487095421903,0.6300244361090444,2.498068425024737,0.7733084303760223,0.7964831238139763,-3.1242181655032732,-0.3493148112601962,-0.8851420057110314,0.25434901067964044,-1.155826914850996,-2.751601556037289,-1.5430251034390952,-0.4780526077461892,2.033660888649524,-1.4493759659619547,0
4.996195904702529,-2.3494716128298023,-0.14776636215982203,0.5927414449298578,2.5818891048764256,-0.700449977393909,-3.991663123904885,-1.0237748865034675,1.2930470708054373,0.6040317419490293,0.03792609145608819,-1.4289091993670664,-2.141373942907629,-2.820620219541351,0.9335652010445455,-0.9317060351450408,-1.6607960760104725,-0.505430725915837,0.6270663018950631,-0.45687458413643434,0
8.181285276454087,-0.8600552618521243,-1.8449711774874662,2.030888603236598,2.0002085072938636,2.0716678857103585,-3.556765543027634,1.59580378380143,0.005047482534333146,0.6473531725434571,0.4165979440900474,-0.078606352531869,0.8545899199144875,-3.245845454502116,-0.627666253111806,2.469094267787759,-2.886867706280304,-0.07529982973739524,-0.4440543976866037,-1.265543283739336,0
7.435473977719788,0.6473836779374215,5.386611404234298,2.0608615990775325,-3.082211421938975,3.2166999917834813,4.973997758870523,1.5506326085178999,0.4874970342346831,0.6479088506360781,-2.7767378842995747,-1.6169654293177342,-1.200316391223522,-1.5477009421758796,-0.31783899612216576,0.6727163890603667,0.08029947040910046,-2.5515035668523027,-1.959680919207755,-2.4255535150704888,0
6.070291972090376,-1.2273640638841194,-3.3985074687065273,-2.028087743677619,0.5801178873052041,3.5229565494750723,-1.5809327291511925,-2.851075535102443,1.1936361559528104,-0.2548277080058221,0.29919507759284225,1.1370215517533433,1.8063206940421241,-0.3605766735576255,1.3525955830583578,0.0839067780342444,1.5537732722882245,1.4549159235710265,-0.4176909546269302,3.4586732502494177,0
5.502846763382642,-1.362990571849512,-1.2155611313124985,-0.3590870941703941,2.2149413173199552,4.057395564327372,-5.317789040728777,-0.1409703427274458,-1.1497968220108628,-0.1943897534764254,1.073533444369251,1.0502314637895005,-1.6506154380423186,-0.0856658775172952,0.2731651140474992,-0.8054439045222007,-1.8544056121416088,0.7839425010530543,1.6431446005437507,0.10730933968057488,0
7.987814565784096,-1.6750183271487744,0.7128475841944244,-2.3473009962454334,-4.992369557755202,1.9041876942917477,5.521084917538249,-2.6724821066181823,-0.23968075040766404,0.974978711213446,-7.305698664370169,-0.3284198583453612,0.003283887229359461,2.2608586589163604,-0.35431304692691684,0.2732659834524551,-2.664710341552429,2.402863192944502,-4.662042575478354,1.5208665328546735,0
7.120597337001905,1.510758329383278,9.341902841713239,2.1078705498383368,-4.782278632593544,3.543125580835878,7.955727723899438,2.0716601087937554,0.8964421239370935,2.61730838688268,-5.515061359737568,-1.2444827702350758,-3.305363812627597,-3.315144364165673,-1.7859793339975425,0.22127366941967597,-0.010892701747005407,-3.2018398753093353,-4.60462962035891,-0.6813715101977235,0
7.846210615221727,-2.22245671465525,1.1430386154589112,3.48088961324758,0.7392293009067514,1.9494204136570674,1.0749000399294995,-0.8007186584520288,-0.07787904419048568,-1.5395746297587833,-1.6355526995230714,0.7970600558424391,-0.05227883702911096,-0.009608203224356474,0.28786322184255553,-2.369208935875741,-0.28893219080712806,1.3634985673544116,-2.069634168905111,-0.22266452809408527,0
-0.25360835562799355,0.24852924354263523,0.3803337605962411,-0.7067537128412711,0.03702338828592655,1.5145759176736915,0.3197967507552032,1.7721955317791762,-1.3242882280436996,2.2835973686557534,-1.4730480446524201,-0.4532314409543337,-0.570366905389529,-2.039088186544625,0.18514675023791763,-0.6261414978722892,-1.032653857403836,-0.8383554383913776,0.1969519700226492,2.279619405652753,0
7.813712744024028,0.690316369520433,-0.3435519081082862,4.290126873106647,-1.7041356078363452,0.27302697378999596,2.824297511037435,-0.06203956103309882,-0.3313817509180886,0.44682365048395,-4.2261504291462355,-1.9819913301288832,0.333955842391235,-1.4196717323337875,-0.3059064294320786,-2.3361220369938582,0.7859990738784586,-0.4312739042745135,0.23550449247361005,-2.5633076603182823,0
6.5246133619585525,0.6422759146723328,-6.720875867163605,-5.602689626272291,0.4475025523297782,2.8903771841521,-6.0072236200001745,-3.1675427626949344,1.1256399069844518,2.367542919108688,1.4741775270106636,1.095378025536582,0.1065641123776,0.5308562809766076,0.13729213357088585,1.3503780700675487,1.8739142648503617,3.209638149074103,1.4401605580171877,5.428495287984648,0
7.036148608725314,-2.136429781557474,0.6161444479499125,-0.43833020839359016,-2.345386747918779,2.048760279203758,2.174807851711628,-0.790536138288997,0.17983633100893445,2.9620319585511474,-3.1523753937416656,0.08282023907537148,-0.663221229485971,-2.4893993090198987,0.2882993393086122,0.20123979291167193,2.028570667465956,0.6857212598568574,-2.7696976325261824,3.8047980646994937,0
5.599565398109116,-0.4978565052689906,3.985205395840834,1.8374505789381546,-0.6069768382515457,3.2880929564872496,2.1818619881634556,1.9468254120989825,-0.7763903193501732,0.33782206870210263,-5.8952491341312525,0.38276966811446356,-1.8523313846175768,-0.541241052306376,0.671318834988832,-5.325951429154992,-3.5127781407055463,0.32451083668773206,-1.6672099711886545,3.374193661105612,0
0.4111991493312199,-0.2827438291943005,-6.718404045896782,1.84820825529314,3.272279450049826,2.0011050297214568,-5.2778173485986635,-1.5195614120526701,-0.31275976091809454,3.7124739204164077,-4.256886655780602,0.5573170997509046,-0.06919456695618087,-5.229237963577754,0.11298409396601339,-1.2622194627074061,-3.743853009993485,3.53811391328455,-1.577996430135391,3.3755754978619694,0
5.734211583175294,1.259608992662629,-3.1058140942804298,0.7420830410626817,1.760578263947206,2.636515907858398,-3.123311898882273,-4.939218637436875,0.6699435970383879,-0.6114128159946488,-3.6626527439309498,-0.10819817404364118,-0.31197104460161174,-1.8761598623308846,0.3440683112607269,-1.70517191022769,-2.7418242141639304,2.4479269496592697,-2.0746181263750607,0.6289399082152441,0
6.807684700139783,2.1768855870920594,4.210643974706009,-0.04150966433751302,-3.389275448033128,2.6560789737389388,3.589687375389776,4.595511339389327,-0.3399807386395143,0.5336452341010702,-4.0031006225979295,0.13716372776541397,-0.24007461669330088,1.1388685375585272,0.39923507941964886,-0.1626057559373888,-3.7773985797958383,-1.3013553701084242,-0.7511322643764197,0.3394666724924135,0
9.145292004259824,0.032339972566338554,2.0457778657188914,-0.9225372549702295,-0.20030092675301903,1.892066849384367,0.03883778260572105,1.1115614787323544,-0.7343760138747265,1.7982999760472675,-1.6002866828694866,0.21102299564456029,-1.356484135451086,-2.373967595098575,0.20561940255534814,-0.0726456493950417,-1.458685380998332,-1.1320103861316793,-0.836395938810673,2.063775701737432,0
4.437812972043608,-0.18118318735913388,-0.34655745898548596,-1.8593687024757188,0.46678852342258137,-0.01086395115733979,-2.401265362815801,1.7393414776895648,1.5676487805604686,2.4893949378791893,0.14990865918644894,-0.5328201135587287,-1.1336777527275288,-1.3296037507593876,-1.0546148387576826,0.18607862158292787,-0.5071554303480614,0.5636119922972246,0.10529605377984996,4.057770480686298,0
5.111595536418591,0.6302561891758802,0.6514343417508606,1.8872081148627973,1.5168968455679805,1.5407510347522788,-1.8379592061898604,-1.5102132860329611,0.30435594537721156,1.6982225458440996,-2.5370792887827918,-1.3743537752497743,-2.023390061534564,-5.489337622939064,0.03816728032892448,-0.4315099569193708,-1.8185561525091218,-1.4936500377973512,-0.9795690288849218,-1.108055860021944,0
5.436549196866181,-1.1383307649368957,-1.2608085078603426,1.8726315459704028,-2.554567500530816,0.2508299334674928,4.581176560140255,3.4318305622003873,1.0864162778862558,2.368346534938376,-6.7657046339962985,0.2519556015623387,2.3550656320193273,-2.073406855638498,1.141958031970453,-2.4983368031955013,-2.337028333669088,-1.3289454817270554,0.8396702432683787,1.2066836356144857,0
9.020972345718398,-0.23832592505938788,-3.076072610617537,0.5586037326910283,2.6173759154010723,1.4735921532586889,-4.399904050645298,-0.18285718842263965,-0.04819358354922144,0.9716721921220676,2.1850206600110473,1.6604894632002456,1.3405114572236339,-4.4328424411235074,-0.22588080925220005,3.8425600981907433,-1.0150639234864913,-0.47328342745172725,-0.40745824577851275,-0.5473610821587683,0
5.789547613894777,0.10558645867020876,-5.31968641385895,1.4162388146811193,2.533976004212198,2.6170883052920226,-4.069542372206408,0.03939057215056341,-0.02855574674135324,1.4714062817136093,-1.3081078855257215,-0.2856673174256925,1.7226052707464832,-3.399881682872026,0.48778943071008896,1.413726460716461,-3.526651623075233,1.5839464594929487,-0.5135710970133698,0.32708872128102245,0
3.6629653444151584,0.9855540199739409,3.1743583566632543,0.3823148773341345,-4.6024191760548145,0.2891530717893094,6.7339108265327505,4.913269309223567,-0.31745212822026786,1.186481093767099,-4.95389047250756,0.21503162357716854,1.024500452875993,2.202390959648548,1.2472648941631475,-0.9460274028340949,-2.047323812892791,-0.374252033578517,-1.1765463009946426,1.4231962791730608,0
7.0295487800459275,0.5789235161144306,-3.287946336028078,-2.270450800641556,0.20110230002455198,4.374537211673825,0.8793820316218608,-3.9734722334089754,0.9229936975329114,-0.17327232500404643,-1.3381833733104997,0.013803444034454397,2.3374189646570542,-0.7573364003087432,-0.011234800994153627,0.5606421925086262,0.17275353789283554,1.112557924574913,-1.8084365117758923,2.357068946337297,0
6.186495249116092,-0.6785165940650364,2.1035805169674218,3.7509074199696366,2.176229855678538,1.769768644691407,1.0197797877261088,2.670940200233876,0.665285577911523,1.286372199910218,0.10139189362493946,-1.4623609121262489,0.580998237738883,-5.136014660248495,-0.7631794935134073,0.12874968993675684,-0.1485721858591067,-1.1476915887431351,-2.572305300035958,1.8210790086877433,0
7.908657680981852,1.696007539192141,1.0077679807642617,-2.7450290919071625,-2.036898243397263,1.436063162719595,1.4617669386673693,2.9099212065536864,1.6257120874875082,3.092324009622247,-0.15474933732012536,0.2393087047308876,-0.06452289474931105,-1.2696253439386005,0.056146621942903645,2.4871728817500554,0.16517743948379104,-1.5135691009403596,0.06088426842879868,2.342810142677738,0
6.653440205090186,0.41253804101868013,5.505832734892368,2.986601365097842,-3.400572100875248,2.4475178742346104,5.900772610512385,1.3779351425321438,0.9482755943781451,1.2976338324441046,-6.999065193361925,1.0878595719221902,-1.3956764226148417,-2.4392554119559233,0.8755130884758273,-3.142627949723792,-0.7378517758847545,-1.3593019018898451,-3.059752677176708,1.4209950423716626,0
6.6588750703280795,0.812868601427834,-0.7504080601190487,1.8191123402085272,0.1396163633698101,-0.30816710797249547,-1.2890165300993712,1.170728984336887,1.0307698361537676,2.704118716735615,-0.45835778345268935,-1.1407142460634656,-0.32093195203593905,-3.799619764935414,-0.24392562270522747,0.9112537322765897,1.5811041980021106,0.33627046764243074,-1.067314009613036,2.0683241414047266,0
4.403240059664287,1.6118755229194364,-1.1073494094342842,1.74044120263496,1.9263732411544576,5.151412723135062,0.786556881716832,-0.8317591022172526,1.0482194976654406,1.1571009122373925,-2.343024793312642,0.31555470482280346,0.5588528194555422,-4.264648776119581,2.126112142510964,-2.2832468121706193,-0.6987928477747557,-1.3501423384774462,0.0005388243123958247,0.6832802728848607,0
3.1322813955993185,0.0052770512524989086,2.658277426942007,3.3884683332782632,-2.820164749436092,1.3649308079907028,5.487230496071422,1.147319650421584,-0.5614410674327482,1.302214623926801,-7.4414174553983825,0.7745121701538501,-0.5332314441468775,-0.9838839852671087,-0.04617275083895113,-4.636858933076271,-0.721057313958017,0.6239108104442621,-2.4709199434734135,2.324772484983069,0
8.35222899742104,0.448518093086383,7.54223574333733,-0.32886435437772055,-2.5036621811903723,2.1298764430184,0.8893037890219225,3.153865107636421,-0.0620142558692347,1.0792354947568923,-0.8530626548073956,0.143317262183517,-3.629776434550235,-1.8820751379399394,-0.931748011663485,2.4751013687705377,-2.1873991424478127,-3.8898080373347828,-0.7296693349723655,-2.5976933957437867,0
4.187719309706317,2.123318380763226,4.475357197425221,-3.8930895778170447,-1.721978227904005,1.1940485294436725,-0.5914105047855476,4.791683043998026,-1.5709381942930685,-0.006277085400381521,3.132651090019212,-0.30892564418288465,-1.7707598626188852,3.841582912888951,-0.5190957442561246,3.1548040691110746,-2.279197325066778,-0.9985315566023758,0.7815785114262754,0.1857472943296911,0
8.069257208927173,-0.15245383387072922,1.2582439591478456,-0.5795536734450648,0.23079014551416632,1.5728752519594973,0.194373063786754,-1.790874816216701,-2.161553421588635,-1.4772279660599894,1.7310940100184375,-0.8336862158388284,0.9794448211786628,-0.5647172028938696,0.9510047857605047,1.2839941084400561,2.0704694638860817,0.18322094783854026,-2.3252129056242317,2.0468210691313002,0
4.464340768512646,-0.5265928893700166,1.232081667359632,1.4084960450617043,-0.934731160937687,4.031110729911182,1.0184854241791825,0.8283135307672981,-1.344285520459956,0.44330949842717515,-0.9247733544180528,0.7958448141466172,-0.9422151451159407,-0.04947717016779002,1.3544002046074508,-0.8406273016636012,0.6110070395610636,-0.4810566554798462,0.42337915732161835,-1.161635502857056,0
3.2509945247448346,-0.5291205102719603,-0.48091033969470054,-1.7433641494870207,0.9500536116777836,0.703950402028277,-3.904936112229312,1.4440432701941122,0.09371963913405221,2.1143849619938524,0.22891572497190033,-0.9906494790093483,-1.4539936839263725,-1.534028835003189,1.2417395715578545,0.27374464794856124,-1.255814396598864,0.716563429748642,0.189933920210394,3.75934195556703,0
4.9115077381914185,0.784722705569361,2.0956365074331456,2.6881919429966192,-2.499300621665274,1.353218279781132,4.924397885201385,-0.23057774044549117,0.25504126275974415,0.9708736778268542,-5.781561653643182,-0.5349747763048136,-0.2973721430471248,-0.7742298476456212,0.41408840584841056,-2.689808763740336,-0.01101557247314,1.2279237833393717,-3.5072299355582706,1.8532452291312038,0
6.2987388938595315,0.2704416380166474,0.8513485790776203,5.820458161830966,-2.1292921208515008,1.0075859979840274,3.243852370887908,1.2090524441243344,0.8264419871416387,2.495803017539399,-8.480279164693485,-0.7767265712876015,-1.2146086202072297,-4.503276617413355,-0.520682789325362,-4.140971885954501,-1.805534400028487,-1.737294360840406,0.29529069986171375,-2.7217449005726393,0
6.542449036816006,1.6345376081085219,2.0802495148564932,4.5259522625289925,-1.064703323331519,3.576293280252796,8.091009198699322,-1.9468487613041434,-0.7969339636703027,1.4140647713732366,-6.491234308148817,1.6956528551338856,1.7889557067950896,-6.967821801486045,-0.34944576083758655,-2.5763889593521956,1.4413669412768262,-3.0949920913694924,-3.530227183101381,0.07143164539038444,0
5.901669242942569,0.17708585994592507,-6.547055047663019,5.708267412418718,-1.7786396331644856,2.333307371984077,4.166872214287723,0.15207691843191617,0.42216935723010257,2.596919113119066,-7.210533116191408,-0.11177440113342847,3.6785043254294107,-3.7345394658760838,-0.3695422447416143,-3.726594273159656,1.415668005822127,-0.5006226668898501,2.495539561801714,-2.214704171748372,0
6.217026670790942,1.0080728785946997,-10.10374016776307,-2.4877480188569674,5.864649498863597,3.8086992807110596,-7.673709216124326,-5.261790553258608,1.8356636446612806,-1.420933654541145,3.4435073465615393,0.8813211976535255,4.343867629796143,-1.6361234904044897,0.3607976518977052,1.7733323629213413,-1.124979652501719,3.566214528263352,-0.05973152104184698,3.4238671402176992,0
10.639130667596254,0.925902736232894,2.0928371952526055,0.7434820342190223,0.1842652674911458,0.9209104267959182,-1.2110363350052713,2.4358168680146957,0.5621208453593864,1.778592983908143,-2.750719190278114,0.6287440826323036,-1.9391196033829345,-3.486518489613571,0.2914779967903114,-1.4083083141307635,-3.010392839785132,-2.7774170260033175,1.5926288398333055,-0.3971309622036098,0
6.650923170373937,0.0952660657293702,0.9829805326281165,3.1966568757061014,-0.7706924862579128,3.146760480115982,8.52636223773204,-2.4095518496984987,1.3566828807354367,2.5501146641948953,-6.023404348081307,0.44913804540040747,2.23533698373363,-7.407700060532149,-0.0669704355618009,-0.4540024652093566,0.7442690858658245,-2.352323951449419,-5.120568872295581,0.665400525752762,0
4.498850625161602,1.50688467322154,-2.4959799961928972,-0.47665026475580097,2.325990610359605,4.031081965820993,0.2057700187569379,0.014223499051137845,-1.4974383155201456,-1.7894943199392284,-0.26742177609391693,1.1017277091572402,3.721803482717947,-0.11169621376595548,-0.7468578379962864,0.5727389100646986,-4.0534028547519405,0.6703166787438589,-1.3802230256036863,1.204753346142741,0
7.259351825460286,-1.0670295737349071,-0.9822759064415411,-0.7015066911777394,2.1952498844231276,2.979857202815968,-4.4883689305200365,-2.6702850149731594,-1.077330988986731,-1.6000733548745076,2.893770322740641,-0.0037264415151146055,-0.2280397708925177,-0.9211539931401039,0.7436720446280284,1.04465447271432,0.7839052942732645,0.21182376721514828,0.18412745783583473,0.006207939973212177,0
0.5098578703777827,1.1714531925667497,2.6750624654895225,0.28804324349463317,-0.3691025086522637,1.6945289629873517,-1.6216650214619064,4.59604103100984,-0.8676794411769628,4.154577105711659,0.13300757278814593,0.8961996968401595,-3.3658576342498563,-2.7756933634124192,-0.0918555342081815,1.4292892078148254,-0.9903349918094295,-1.2067930460823852,0.3423495273224386,0.7095482233631312,0
6.060667305182315,0.5813678413224882,2.0406645995846984,-2.764778368073319,0.8758243805174719,2.756470434976201,-0.8703768119143501,-0.435293100641423,0.42098650343326766,-1.1537281052248898,0.946953364322489,-0.06364550359093274,-0.21260367448249484,-0.16398896037491825,0.1036571910152308,0.7540516081508134,-2.1016741226039874,-1.3244815683129691,-0.47379901287983517,1.1849909926388404,0
6.985388749375801,0.07387398261735174,-3.803339684358718,4.508680449532663,4.089919374911657,4.30160234343313,-7.940026426854971,0.4804060124068732,0.3015201402613486,2.901768134260095,0.47262131491014514,1.0322626876568672,-1.3141875753933805,-7.331182028035112,-0.07811142779156595,2.058480366481648,-1.8161019175194082,0.563008067846614,-0.11141511218603517,-1.5747392246670513,0
9.737641288347977,0.4351428501408283,3.6763203211667914,0.4593775641646576,-3.298191224130671,2.002596121068163,5.818672890098547,1.7080591463662276,-0.11253745862577005,1.0379478524146768,-2.79250250422187,0.5763057317857808,-0.1271122730999914,0.7051340026242737,-1.223920500283785,0.06127559751733269,0.4975949644848958,-0.05065071176235836,-2.9061618673144416,1.2524923335191058,0
4.839344071951173,0.5396403164777592,-1.598741063501562,-4.384477056927167,-0.671893048429637,3.747438314118182,-0.37849827513959405,-0.8139013987909044,-0.605754373049177,1.7881817833449667,0.6365380748862951,-0.06646024758528435,-0.030152961554662072,0.6004507166709203,-0.321024765115745,0.12084366473622721,1.7839568352201263,0.4984889777924396,0.7647079255048219,4.3462128990188305,0
6.121600213953365,-0.44780179502302725,-3.176258846963898,-0.7518742785447133,0.07185137413640696,3.0548920982357415,-1.2160259286395445,-0.7775412387206284,0.7046316480786053,3.6396472142923653,-3.745089668591817,0.22011873895108547,-0.37538989823989044,-3.114001402983896,0.6780547546480025,-0.8118961027013041,-1.0574179459952497,1.7159896632326583,-1.2189372272479968,4.138547989261914,0
4.921216937442828,-0.7280376568543149,2.140073740363998,0.5381666596558001,-1.1022788362719058,0.7669103609997998,-3.687846216806337,0.8006324932807719,1.7451966439182498,-0.6200232530827088,-1.4681069121785577,-0.8003789525784434,-3.8039593495461435,3.6649776467817237,-1.958367359255651,-2.214586144481359,-1.7023444657193125,3.2832217430922874,-0.3789084577148003,1.0300854809485511,0
3.66171788982565,0.687867563554149,-2.0072587318050616,0.3931382805810104,3.392900177657932,2.4253441617729976,-1.8894231497540248,0.30708722472645045,-0.8559616119275864,-0.5441074405313577,1.782078530390473,-0.4742153218914117,2.7823682113337416,-3.320127293855537,-1.3719323300653774,1.8318611538889296,-1.970242003349378,-0.5206023266443176,-1.127241662017282,1.341063174269938,0
10.58877041408309,-0.872126066027456,6.915467468922735,0.6787498578470987,-3.10246609782153,-1.1358837170568168,1.7873687259514128,2.1388495955652895,0.023916892043071056,0.8608349393525385,-1.6195127647641985,0.12224835154544111,-3.060280923795097,-2.036288561300506,1.8498000890621644,2.6395862359882933,-1.3883278875009464,-3.483149927442188,-1.4021080425802541,-3.399052158714042,0
7.714114219430032,-1.2665431622236865,-1.055591923640959,1.5352041848641371,-2.505843047720264,3.129172091769079,5.2741200137343505,1.962977210601185,0.5128478593958218,1.962972983522161,-6.68089457596886,-1.9740992937648725,2.487911522547566,-1.5807800541178276,-0.019102657053795043,-2.453785876832392,-1.592095542141743,-0.02695957706567198,-1.1140328677036104,2.688602464883343,0
7.190247131299719,1.2354632679716666,-5.463845308022981,3.159839104211329,3.742928605178321,5.909268423403316,-1.8283525952345325,-2.4360677755834512,-0.28098825632769564,1.1268241857031942,0.13755018882560976,-0.14617156623027006,2.7972504546478105,-5.8469562835604725,1.7402225032816505,0.9635350896998021,0.5872331070909356,0.6598671723616918,-1.4781310137923447,0.20017740600817147,0
3.1187355674524637,-0.6413034538996595,-4.6510369900830595,2.4485645162239615,0.5400413125125547,3.423711948128678,2.9035903012952935,0.06706833238847043,1.4570126476915022,0.5294477745075932,-3.937815887300615,0.4786246234247962,3.770595653466425,-1.619663757999776,-1.2313500387297682,-3.9491124052211215,0.17980768244273437,0.2427724318168849,1.3127714643158837,1.7040720840769643,0
9.269799369073274,-0.7846818489664805,-1.3988566120449628,-1.0506364993735462,2.6831399820060873,0.9130002472258094,-0.7266110487631343,-0.7149840286082705,0.14931640089269288,-1.188868063877615,2.472656816247661,-0.051725258527121704,2.850332630499569,-1.811601291507629,0.9484333208711097,0.8432907848141925,0.26413989033201446,-0.4582466438341182,-0.8209545217189594,2.907051895763671,0
2.533604089489436,0.008120689268083221,-6.634081680206854,-3.1891990481980272,4.49264867509506,0.8821839602307678,-4.347332949255629,-1.4296166457264672,-2.030520147881475,-0.5669184174596911,4.095488252099587,-0.883693325028694,4.548609917887868,-1.798573791025577,0.19402173394549346,2.661133832184123,-1.00963579651652,0.9602256363812356,0.37562741816793843,3.7982633082772437,0
6.7337781823891385,-2.386906076797749,2.5915187595941918,0.7625664696498553,-1.2967858651387747,1.4270193699909308,8.491185447858253,-0.7990173006468222,-1.3884481587874082,2.7700058674358776,-5.918685974434764,0.0720705623300432,1.2574624220176882,-4.544920598256926,1.1132210917568195,-2.5039081202343483,0.8333024471586146,-0.5384721036683793,-5.534316979939694,6.003144094786485,0
10.948943759472868,-0.3575205500924194,-1.9444800779086748,-2.5806594213001874,2.8627056467965435,1.072416446792122,-0.5396948290525158,-0.8888946605462099,0.7770439006735941,2.2290839974413443,1.6952454624131676,-1.764555886570605,1.8510574655346876,-5.6836144452639985,0.19799271848174108,1.5132193270415788,0.8000597642092933,-2.2818047951110936,-0.3560881276074177,4.097524714454407,0
0.812945805518392,1.4443959922775003,3.218644860066566,-0.40589407338275296,1.9296982399427458,1.3813839049428442,1.355437092173073,0.3058495224982605,0.9969027478424904,0.3915592399181024,-3.4678849855302802,-0.27249297944425427,-1.6654931985199473,-0.6772138476642147,2.670895300912629,-4.687908197087934,-3.5947663131134373,1.6519353747368597,-3.533636367399939,6.387671384717892,0
6.343752456697128,0.618014033418791,5.524721666679234,1.6961393260576685,-1.8603877436701897,4.484099867129958,3.1265544709100417,1.13454859800275,-0.9236089658442138,1.6079874203301063,-4.919476721014285,0.8357574362268518,-2.597944747952588,-3.121970424534873,-0.13871804667865975,-2.1604376824082667,-1.3039435388814566,-1.7639759609677323,-2.4103805279491937,1.2961953401487873,0
8.879296723208167,0.1215456312549568,-2.3201428450419272,1.4132704306329904,1.967286258343235,3.2548610908532316,-1.924928567444117,-3.767801388997998,-1.1821940478476487,-0.1744821773289531,-0.5873025063772023,1.2472049374725163,1.2835811234881445,-4.409714849159583,0.03866817181239503,0.5860966566272634,0.8979118766365737,0.4595705570556069,-2.2646543221166286,1.202167451272341,0
6.696716207919488,0.2712750569510705,6.446878280139561,0.119024782682571,-4.210602081226863,1.629297720308096,-0.06111823846219582,4.885584047323444,-0.2521921798273263,1.3677770589802667,-3.519506125377715,1.0931089531556069,-3.906558132445596,0.5214331520161264,-0.49572919918635777,1.4256090533588681,-4.277309675421832,-1.8918649754876253,-0.11074619104692074,-2.26365223030692,0
4.619860439859938,2.289772908294331,-1.762015058399493,-0.15462032804223014,1.2925257149472844,4.359277190914378,-6.493195639964586,-2.0378104151847793,-0.2272045715492639,1.8101617906561973,-0.8369213350268727,0.15395576095863386,-2.329308986385972,-3.358630260262244,-0.4294169741267795,2.045765702504153,-1.9996948267990962,1.9156020555246653,-1.8154360894229273,1.0662201853788829,0
5.5305886784935625,0.45827498436655634,2.685821350302717,-0.3044100748405325,-0.3612822653105604,3.5046531610799017,4.721337807261474,0.2908360100850771,-1.0556058055457032,2.5302004480314615,-3.1944944251883873,-0.31843956923626704,0.05153223088989911,-4.196745267848681,0.32613386527777527,-0.5755700043087677,-0.4654726146701128,-1.5337611032901712,-3.4073064519255616,3.687804421117004,0
4.244210943978239,0.08973241817508035,6.421729338050922,4.57747881619041,-3.517695865084047,1.4005732053935396,1.729781584632886,3.264885399668925,0.9108692693879625,1.2044855527648952,-4.608607112030061,-0.8319335769439743,-4.680702819416711,-1.2565453744990955,-0.48981233733727036,-1.1851982460755053,-2.0282596954441767,-2.8504952984653507,0.7310339548964946,-6.280920052981946,0
8.388287413899004,-0.747426873235427,0.6978179971993912,1.900134086006274,-0.4752433718573815,2.23032345811919,0.2919311940974027,1.292788345257176,0.8025016569853647,1.4406158310510082,-3.7107585242009646,0.1454481836313283,-0.49291933181328107,-3.6605597719586713,-0.8945897916278989,-1.1634777983984739,-2.067896536284314,-2.3136637687119794,0.8871211042844871,-1.2050658230970326,0
2.6000344967374316,-0.6242019494344019,-1.127956248518351,0.3095376357368069,1.5425061839611873,0.4455272754762667,-1.912755583911424,0.4436387266727826,0.5906116900530688,0.6179320089005285,-0.5071909413574375,-0.5261337171384914,0.16655142882078833,-1.6156804304418002,1.4858155135893285,0.8312778047766959,-2.8190805668477408,0.598401054817485,-0.9620450770756499,0.40502059589923717,0
10.123831024118303,1.0266094147608986,-5.681498359716932,-0.028511563432433662,-0.014459568274363566,1.234041551687122,1.1791502685128066,-2.9228744178181167,-0.6170032340287014,1.5067696975902707,-2.1943577695647747,1.1683461549174594,3.91192851773445,-3.4158537357699514,1.6477434796292036,2.0603039207267253,0.7354414768508712,1.0583058432799806,-2.075962743628517,1.6322496125363315,0
3.4351486073952247,1.4168236087173127,1.0463156263551014,-0.48860130503578025,1.9072101853033345,2.080971085130832,-3.0488245457158483,0.29923588185824546,0.8795432708717379,1.8285136406522546,-2.527919871428717,-1.4467692217632768,-2.8435946210707908,-2.72057549220351,1.3131978700339435,-2.695867373873092,-3.3173529472181924,0.18450072831417064,-0.3650162824895745,3.21843270167546,0
4.939035423672419,0.5458670623954857,3.880366446806335,-2.016870667921119,0.9164516084563978,2.020252598507973,-4.291312276807372,2.3603734481986534,-0.4430361482500008,-0.18072026842114353,2.9434451946693914,0.20624033204636394,-3.1557211552204962,-0.3419779005762561,-0.8699545391701422,2.449065819898336,-3.0875266348385546,-2.581415722054028,1.684535942824398,-2.297362351782044,0
9.32241304550078,0.03603594964259474,-5.29579032104021,-1.5661712745058973,0.283406446341259,1.7581267745119848,-4.202550507212149,-5.67194984667306,0.8668969064410396,0.371215064021889,-1.9490652908510342,-2.09715316907932,0.46333050980467383,-1.2065905331626468,1.67144211721802,1.4865588752260515,-0.48367527427436396,3.263576412191604,-1.9740420212691654,1.3974173307791204,0
2.7447830478514894,0.29786694181475487,1.1392856405118037,-0.21909533365205902,-2.070301494330441,0.8202912189244032,2.978272084680555,1.1835808659149532,1.0645628682333728,3.2885824126194985,-7.972468508192167,-0.9235953727829695,-0.5403888064038815,-2.7942335401961698,0.3988672465447395,-0.2675937330167828,-5.96381151853714,1.0137937019698573,-4.510981543566862,3.250303703919639,0
2.7455912326560674,0.08767558983118957,0.1194307129215422,0.2794971562459396,2.7010421407732292,1.4152596558218058,-1.3330979567095045,3.484573596502581,0.3046270556681214,1.9709237353864961,-3.293181125499994,-1.153298606736926,-0.4988632916595859,-2.137054023518421,-0.07751874302948063,-2.460478696097633,-6.533692670219512,1.2238910562810874,-1.6188870080269937,4.658436661593969,0
7.817681528614,0.5099587764729221,-3.9020286819101697,-2.0514041881234855,1.428317989195442,0.34376201888779323,-3.9383696879014924,-0.6371273927620276,-2.127477869101209,1.5088507960481643,-0.11592024778817098,-0.11015650195005006,0.6627055167808736,-1.6338560163311913,0.1811916031862975,2.1698095957032075,-2.7079539862275044,1.2727709394791833,-0.2639151805652762,1.601264207167041,0
1.9827150656843913,-0.5883997640078611,-3.4303469401333437,-1.6494234611487575,3.4502526420561317,3.701944762629685,-3.920870418693235,0.5019809715183873,0.3248689283008043,2.6868931776921654,1.2991383599963036,1.1660935222629347,0.17304503858779952,-4.992679515056127,-0.7632129793255864,-0.06485004350513823,-0.9127990192123964,-2.524236511449998,3.386694136079564,1.3259487855724186,0
5.1486954475433935,0.11723731961767477,-1.909252753738815,-1.9378647431145204,1.300885864243375,2.102445409917026,-0.6819901378166164,0.6274062984630357,0.5988840111662089,1.8374287851388842,-1.920753249066881,0.4106164459162457,1.4051388086461265,-2.471664119611387,-0.14631413955870642,1.189664090404737,-3.9821616589685775,0.8459625911793607,-2.2654823024234396,4.007672544598103,0
6.734783300043695,-1.208422538925062,-2.925940347299151,-0.7008280471609714,1.1306194468595212,1.9702755082940047,-3.4259267425343936,0.13205109168902185,-1.5925790886348263,0.030914423965539117,1.2311794043499158,-1.117771299123109,1.416399057346657,-0.9110053475388503,0.06836171785195935,2.7033698713827494,-1.7048992906721363,0.598498256814287,0.15277209522204394,-0.11701423114317315,0
7.190322106618785,-1.423425186488901,-2.037051904948528,2.4132290110568757,0.8980873262719364,5.196046222653019,-3.165290531107424,2.4812817773168954,-1.1558076880954822,3.8901446212877158,0.20857357231093668,-0.9769685856824871,-1.0889814612227293,-4.346247985631244,1.2784436743886802,1.4007815849643728,0.7555074033639797,0.10165028522398067,0.6194678795928448,0.30686222990785905,0
2.126766353253907,-0.17070046945334166,6.263876517054706,-0.5680694822780767,-1.3399490140226993,0.31741498280214264,2.5488723007838647,2.6318330145734206,-1.014075854224495,0.2230900965978695,0.5693224651194875,-0.8967834800293222,-2.3865153833706483,0.40225350716770686,-0.34464297615372724,0.31203242410257137,-0.2911415344215553,-2.2226189157396044,-0.7594133158779588,-0.2837548022304465,0
-0.8903758539368498,0.4390215149212864,6.324408890924036,1.600714865380798,-3.7437127073046175,-1.4815348396723413,7.460741013346575,2.5766405793795286,-0.018804250268212027,-0.20332881338618325,-3.267538019862567,-0.8731599392471293,-1.8658054749579251,4.537720553684797,1.7343665751370785,-3.530478731606678,0.9067610943156139,1.7412105638789002,-3.2086747764013506,2.060993485955953,0
6.342251816705318,0.49005378011533557,4.868756178673955,-0.8208905684125467,-1.9177331957648112,2.363715547948048,0.8678829102340972,2.9562167971097466,-0.4789190750073355,0.8338989292126333,-1.2583673355731904,0.6246916966252715,-2.5328735992672415,0.709801628019754,-0.3350706583533571,0.3833449614553539,-2.1612801801451575,-0.8723052339012826,-0.9139143442651253,0.4809484958195758,0
4.719036544328451,0.6874452161321071,-2.955706792935469,-0.8044770810262526,2.3690428295851746,-0.0683849789821232,-4.99002699499902,2.132130727695324,-0.5524673656313704,-0.42369378605481156,4.061927911099905,0.16631808007380922,1.1802587243562186,1.087333045301235,-0.3249273815399503,2.233669471971439,-1.2502457714946023,1.5180276475785965,1.3245363170804891,0.8493340598026274,0
7.841974962436481,0.39599218495049376,7.4308917325979325,1.0429683049012126,-2.966086964796701,1.1678873863871622,1.474407683334295,2.243866139015473,-0.2340207789900928,0.3620341750274797,-2.1979518806589597,1.5217172432681816,-3.8999216440076006,-0.22292396684238674,-0.4342389478291515,0.3497433506456318,-1.3403736456186317,-1.684764060726701,-1.8057464892601247,-1.4889439197571994,0
7.676064258363052,-0.4270185062409909,1.1231072162830817,2.2552463516618015,-1.2468162164829815,4.1632274455553,2.173230676187728,1.049041112615335,-1.5416138844962919,1.91828703900952,-3.3048799706430194,1.4395866058012001,-0.35941954544822896,-4.024614881133025,0.05261386507633952,-0.15883653319292423,-0.5435379889103105,-2.9603959264733444,0.5279042601137505,-2.4530249572271106,0
5.435059418419249,0.05097434096619951,-3.303913896148823,-1.0557669366323974,1.1959063672487176,2.0075715438651107,-1.1158881201584558,-3.5948971656058104,1.1528027463551933,-0.5098613564476104,0.9938128522952275,0.6461376519121663,2.1130215083288943,-1.1863093164205332,1.1687180451155654,1.2133881965840723,1.7773668751302742,1.5403158064109528,-1.7420999603051652,2.3554495214062814,0
8.773000020851534,0.526191200762283,-10.147041119169726,-5.056864952966647,3.3807024637977356,1.6165381156807594,-5.560813423437574,-7.474742837351137,0.06600706223895522,-1.4482630903875857,2.1713017942369284,0.8213705836786385,5.467211659397656,-1.367457869906497,0.2982442996136698,3.4702609181596493,0.0599405544960907,3.356256840497891,-1.487915849577945,4.627065759028673,0
6.305169998779976,1.2191211349350441,0.32811307250498783,6.0925922947393385,-1.3831866464761182,0.5270658194582397,3.3881821323188803,0.07421924518904932,-1.0460645239005468,0.1182351601005932,-7.798108244942952,-1.3108919853473924,-0.4288953296492728,-1.0033003075872795,0.7868163802433819,-6.795237902678046,-0.7556387112582539,1.0647369919290797,-0.4480434371218547,-0.29898741961560743,0
4.963380866598303,0.25411407726760576,-4.924112240005311,-1.9304612356069581,1.6098938151637658,-0.24979001511797394,-7.244560700574077,0.28304806244675085,-0.535150848761504,1.9972400266396462,5.049457067952829,0.07969450281080252,-0.16434834843403734,-0.7671690985153997,0.5109363010943567,3.196017380032229,2.9111681826039546,1.5791999295176282,2.5213121564751972,1.834740967537941,0
9.190710233140113,-1.1986665614447305,1.449735732067467,0.12954676422646572,-0.5785346795444013,2.7485381631384236,-3.633653068512659,2.6644611454738394,-1.0298909218428414,-0.6026039984407381,1.270998276289707,0.966228584177621,-2.2978094866826293,2.1776722506128463,1.7810879099319745,-0.14782503776006783,-1.2255888044040713,-0.7138549414648682,3.380434742385736,-2.6934177877507337,0
8.392125611970918,-2.631638975303346,-5.657510833774185,1.3940060159891954,3.1144676351232925,2.238463776481887,-5.301556469423656,-4.675445077518695,-0.03673247224036213,-1.7220613333262071,-0.9921233814156497,-0.6661418210675643,2.463199097052426,-2.341432935639819,0.028257291374267347,1.8712146433229622,-3.118231668253719,3.6527206562803936,-3.4051664903110135,0.4833039247952183,0
3.3732717446359186,0.9458081946479563,5.4217259229324695,0.04497412641656795,-1.7973624730563493,4.008228219243104,3.8936450277671804,3.520281496869283,0.3735302575501287,0.958192915248006,-4.4459730322541295,0.9438306234811077,-1.087999917152531,-1.0388559812778755,1.9059795370109318,-1.6063594716903355,-3.9276874554509664,-1.7940925334300255,-1.934238605302336,2.064601753410782,0
9.165206257541435,0.6765406058787167,-1.929484459112598,-1.8984487828829868,2.168024202227203,3.8402006403412723,-10.501285457011011,1.3257338211109801,0.32435537603377684,2.1169161487597314,6.729475057526832,-0.05817021233642363,-2.885405400757856,-2.237570742947825,-0.8024300811851787,4.972716695698725,1.6361835669671203,-0.2059273011818663,3.108448768711918,-0.43374667747512685,0
4.335605001109464,1.0526818513987979,0.4639489198509944,-0.1534034876581355,-3.5790780463177754,2.5913184719120244,4.334445500459619,-1.2200070802012917,1.5024021735296882,2.4622203080307328,-7.244048666833926,-0.18891016369501698,-0.3348354651367835,-1.1043260657299587,-1.5684488908935097,-1.2400969006586067,-1.320987216868978,1.3891070234935599,-3.570636548443022,2.750187779574492,0
6.183200494875957,-2.1095817645691337,-6.237827250023102,-0.21229889892621567,2.350234949516711,1.584335093519488,-1.6467224009647505,-4.213357149586942,-0.1356568682296705,1.8160680024240754,-2.560192790541739,1.7708173869564539,1.6947725496012889,-3.550403793303065,0.22472161917974498,-0.7573004962902989,-0.6524610524489135,2.338920869619942,-1.6357509895113826,2.8995968838246173,0
7.3245106572073295,-0.8796044669768555,-6.314290310940605,-3.7950754969743214,0.7348770047912682,2.8669248379999175,-3.6713566298573848,-1.8161909952011845,0.4750454539933738,-0.1470860752673655,2.4182875633528114,-0.5997133596181614,2.5451788315802624,2.0515773186794024,-0.0649808295705706,2.1341067230285033,0.5088932535574304,2.2893050561038315,1.5986806248656928,2.0112533259576684,0
4.093385113449937,0.7964277376999757,5.232821835292418,1.0649614281031035,-2.504606756621601,2.5769700649214276,5.851902280497694,-1.1947120374232716,3.2587046829700625,1.0237599557238852,-3.8418907278906556,-0.1202426869709029,-1.525575408522911,-1.1911683012223429,1.5642538737387424,-0.8000647315822891,1.1229333108712596,0.8373175291540256,-6.0017414616556195,2.973942445851826,0
7.386724049931547,-0.056956133334118565,-1.216028902670751,4.024007453589973,-1.2515474015732493,2.815487387949546,9.39822983672635,0.011102489777117142,1.5127992058671396,2.525319118644732,-8.874164768642451,0.8593923970288424,3.7888425388336247,-5.359729660141928,-0.5949631337826202,-4.398365929203521,-0.5368547718274177,-1.1907175896352653,-2.94091161955642,2.828831735751923,0
4.178711552286627,-0.23312729729313908,0.06056203429276927,-0.8313006133420879,-1.55793721623334,1.4083994517239606,3.1722779152102976,1.2855792579876182,1.036872071553734,4.069456586797223,-4.826487311913931,-0.02973554280530911,-0.6943439146320098,-2.8645291212400634,0.17574869921143835,0.13282862609405544,-2.775358839804003,-0.808154721309964,-1.3535922571058088,1.1681484373021267,0
7.569362065123772,-0.16303827123629044,-3.028999952540054,1.9382218236401259,2.2438895633297387,3.0063457729036966,0.47692163988259306,-1.7113703435731922,-1.0098795669041687,1.2628811838559386,-3.3408100190285293,0.1612623151396733,1.3326451598764022,-4.2738748182374815,1.701384083332884,-4.309508096745086,0.4209184779582773,-0.0738774540724455,0.18014070485161637,3.228827201926016,0
10.790157917980318,-1.7457550762053582,3.532783118753893,1.5123779127505432,-2.5307709480483904,1.436371664122283,2.238186982681572,1.4386756710441955,0.06816726584601153,0.9284322136427106,-3.5902557709509173,0.3181505897585357,-1.2915548228415032,-1.5745387071807724,-2.1741042762808487,0.9184451023446782,-2.0972955940454012,-1.3842266250635695,-1.7919547407956893,-1.8711314242590598,0
8.05751316422219,1.270546214240185,2.8080198840522033,4.87715944647289,-2.1994940713973827,2.5562014599604175,2.4053524864727214,0.2541122883753779,-2.069553646759356,1.3780444199596649,-6.829840691089576,0.15620676230573885,-2.0363751125209983,-3.7618613110835715,0.25177319199767506,-3.614279241505827,-0.5620328092686541,-1.5481740929327907,-0.6251480106054406,-1.7407813705457384,0
3.2737920032879533,0.8667128767333714,2.1829171609266576,-3.5452806640223944,1.06618120186153,4.676141055738423,-3.4799569031956192,3.027771422845423,1.3494864834701654,1.5149746306601564,-0.4523348745346739,0.7723034587473592,-2.4655852327451013,0.015866353743392715,0.5601317028908395,-1.039748931588516,-4.302139560551261,0.12524693523925312,0.34816056461261513,4.980508954562657,0
5.9670536268252805,1.2709602795481516,3.7529554070364797,-4.501294572203018,-3.85861293682403,4.943595354171045,1.1736054409242629,-0.28056862310768915,-1.5423228656403505,1.4053031054654488,0.24167059426276716,0.13071873237858947,-2.523075577106677,2.109854191976044,0.6583187400292791,0.9589507211730303,3.2849274480307997,0.2248126839775606,-1.0539872273938706,4.167212885164358,0
3.0315645845039523,2.007980294688319,-1.7694726984892446,1.8641609724217243,1.3643222487720026,2.7427001069239787,3.1193164276125818,-1.7956958324328358,-0.1698105406044685,-0.4300025787245738,-4.026351342332697,0.9533175567563243,2.174260424980826,-0.9651765368995462,-0.10328642507581806,-5.549780693956029,0.35635910597049847,2.0719494309133495,-2.0572180840339627,5.2850103261092105,0
2.454345540594824,-1.0386858667799703,-1.1621323546513427,-5.09728583404547,-1.9375200495846183,2.995776992057565,1.867533945244069,1.6802558007761697,-2.1264593725626124,4.049673526211659,-3.448700442461821,-1.6632184940817525,-0.6791055542517381,0.5355295587885339,1.8803442788121054,-0.9424692215625594,-2.225652388583603,0.13911005431514556,0.8394308872685119,4.767749761365046,0
8.76944776202317,-0.6170934834843386,2.8761660336382286,2.3441593502405627,-1.9914661085952265,3.876102028948248,4.740340026123609,0.8398695954019426,-0.8799154393645893,2.22362102145238,-5.226426922496297,-0.9325290144863839,0.2076709376008794,-5.713079604515085,0.5568773118245234,0.7975260648094444,-1.7396920159409412,-3.5795169653438443,-2.2095857717495013,-1.7382815780735374,0
7.506458459589092,1.2712818897898315,3.8817423792045265,4.246485144592051,-3.1218185559952047,0.7503670245365552,6.275688385588091,2.0859353977275155,0.2519008686200559,1.1613984964110835,-8.586898552761516,0.9853464945436947,-0.2095654992846403,-2.638927296019905,-1.7747955711014824,-3.25869107617335,-3.144326705404374,-1.3978991494350796,-2.6054236564275106,-0.44643841771270576,0
8.523664446086354,0.868134285688852,-0.48082468626598,4.027164786890326,-4.586367748636697,3.2707397105688267,2.1713495735277704,2.8976434635958137,-0.762482079925141,0.17952705624681609,-5.3193417570825545,0.31375750657913903,0.3830809820561756,2.099083016087186,-1.4219452517447326,-1.3896320934641482,-0.9142770630309529,0.34590172354631155,1.863207891614957,-4.120041667631691,0
9.269478669901288,-0.30104037082951873,0.48937284435427936,1.4933458778914948,0.41356372939401786,1.610965647526743,1.9733476468559497,-5.286755342656313,-0.4942867547954338,-2.4092026219083778,-3.430953124781934,-1.2142150673168641,2.013728339731106,-2.6055959435676037,0.004951687353384687,-0.24620692347134643,-0.7235940809445283,1.2751962077594579,-5.797288794300728,1.8218583471716208,0
7.456425912621556,-0.24801129350668688,-8.613137224518164,0.38968645313979056,4.82673953286636,3.16780817682124,-6.438559596824665,-2.371123005011423,0.3664965690188197,0.31870362535526775,0.7272834619787057,-0.3246746199700241,3.256420005102838,-3.1700521587621404,1.503810630063498,1.9409085424740167,-3.3703048650443344,3.028199125296421,-0.6594403368472955,1.275967226154262,0
5.079910920079434,1.8389627081736903,-2.306051443801661,-2.6436527523480353,4.297477388890121,4.057748623727043,-5.760959083614928,-0.8358317275278782,0.5063616350347804,2.0081472596165155,1.9201300194079745,2.0830590044491477,-0.705498976534499,-5.378395595506895,0.6453851063564284,1.6939639083618476,-2.8222836929276625,-1.9247836732078762,1.2285223940439507,1.4261846279693364,0
11.24624242381917,0.20487974041279308,-4.4027731736105125,-2.125173759281581,1.8523613677115316,3.4092861908856125,-3.744756771259357,-3.1000165243381654,1.1898206493813999,-0.829534693111925,-0.1378455380463694,-1.012388167964538,1.6799293187621314,-0.2185849728134314,0.8094235740522454,1.1894468297262544,-2.470774061121916,2.146926396611579,-0.9327171491226767,1.6597149599345835,0
6.055018016638497,0.7137628654504841,0.2940712112577965,0.7201338958406405,1.8014051287425437,1.5386181538264645,1.6416772402221653,0.20453435896063865,0.55945748126917,1.5927671673201949,-3.925773844579349,-0.5921899423967839,-0.02222044334958395,-3.4500070242381846,0.1848614688507154,-4.761788738196193,-1.509321570805712,-0.3619714585667987,-0.8800570561479228,4.920788003406049,0
3.766764169489419,-0.28786448476910614,-5.621065104771139,-4.121891409277978,-0.0357595804953863,2.0679937557160852,-3.6641075376112817,-3.2030230000432067,-0.038644248945256934,-0.10510746807881621,0.03621008856278474,0.11474124916738121,1.2802692316812787,2.4984878056048108,0.9441789359199938,0.6580451072138876,-0.27724013093827815,3.270059841170971,0.6092592698404382,2.990680820071747,0
4.4329966690976494,-2.4260284040145192,0.911621382306321,-5.035409057583948,-0.7645793161709871,1.6885898169748808,-2.731763274003717,2.584443940900655,-0.4118965266104975,1.7364309595851757,2.5039002657865526,1.5500988526300943,-1.0449354852464308,0.7422702331663782,0.6917111158858751,2.1986814456048767,-0.09594277604206303,-0.730664277251114,1.5260398074952821,3.880706136888839,0
6.501910231027089,0.7526296364291698,-5.73963775483892,-1.3044726994373814,1.7215640294261345,3.5036903788965703,-1.9472127147043043,-3.0223624822762307,-0.46310262746356523,1.6752456869074188,-4.063512409702236,0.07043774012799149,2.295430586467325,-2.7380736266926613,2.6022043951811153,0.034635886704232455,-3.543700268384349,3.7474624833030306,-3.6901800697938274,5.469827144186878,0
7.861567055877825,0.526191200762283,-10.147041119169726,-5.056864952966647,3.3807024637977356,-0.8260247013674308,-5.560813423437574,-7.474742837351137,0.06600706223895522,-1.4482630903875857,2.1713017942369284,0.8213705836786385,5.467211659397656,-1.367457869906497,0.2982442996136698,3.4702609181596493,0.0599405544960907,3.356256840497891,-1.487915849577945,4.627065759028673,0
6.274499545424014,-0.5960240345255355,-5.278813179723829,-0.41328390135363435,1.0899973762559398,2.568277060863337,0.16715385298435637,-1.7786479740014722,-1.565737304012801,2.3265222076542154,-1.7060484988534035,0.3959984054565249,2.2869803901071286,-2.4794542261317947,-0.03970665098930676,-0.8793007991291715,1.2883941267981767,2.0025713796896385,-0.9712950781956703,4.452081434300634,1
5.307535763294698,1.942053764822754,-1.8890557945692974,-2.129172496201231,0.26165011290613205,1.3343834283248346,1.555789475401275,1.3351914964997293,1.054638986702549,1.2286136857123524,-2.495631189950313,-0.8458212296701921,2.6391073844190664,-1.96423105029413,0.41293561509903254,1.8634792915795084,-5.034371099929961,-1.315122155631022,-0.6204356057080104,0.7189290448391138,0
5.428887506597504,0.6212474964509921,1.1009462870064313,0.521566446694842,-2.2188518528036125,1.242954543681238,3.1984593935702614,-3.446687687463929,-0.8727428646887487,-0.8899502050923287,-5.91288362696612,-0.3123500530904053,-0.3768416304793685,0.6989540437270537,-0.6536943686408428,-1.4667680825829708,-2.531542523066948,1.565245561223069,-3.680113983009073,-0.41029882730555595,0
3.292829244721033,0.4351748312243853,-0.06344408936455614,0.9614426371687659,0.8582742701111189,2.780521644152838,0.8587012717728533,-1.9592698332286904,-0.824983167714289,0.32142099523657564,-2.95313222255908,-0.12457875305963446,0.08404398783979106,-2.431347404979126,1.4891560602457299,-0.5634566439999904,-2.213413685749149,0.6014861385179879,-2.916842471607494,0.7211996736526128,0
2.6603038084617063,0.0527548265426723,-1.0399956150373448,-2.7812752775876586,-1.6555957436292204,3.2448087792614038,-1.743927824109562,0.014252501884845836,-0.5493711814986264,-0.07816448776629681,-1.2973238599838979,0.24222410926162463,-0.12959051023086388,2.2156720980571736,-0.7636344171222635,1.6091038029318532,-2.9397063672513326,0.9102005779269233,0.3696926632956554,-0.1783841381241718,0
7.436795535486485,0.5461452443019862,-1.8927808972662246,1.3619313599378313,4.755221954720774,0.6596066068812215,-3.999710232804556,-2.5470683761865196,0.5957406289875972,-1.424303511820019,2.267789638748028,0.963720349443483,1.9507932972554034,-4.697409287291237,-1.6311877156790526,0.5221156355839704,0.006654627144421221,0.43198199495414247,-2.2842473948416733,2.896053025862367,0
7.802621973299473,-0.47469511029647116,0.039021348297260935,0.1689630881282247,0.7757278713547806,1.9941278748800482,1.7335429022754958,-2.1718872774184907,0.3069231746087986,0.423748789622995,-2.6571507714202145,0.45874234972853806,0.7209310040903467,-2.842360595452375,-0.3583452166702081,-1.1782256991250746,-0.6798509863903924,0.11694170987649344,-2.757743358299508,2.6651169885167745,0
8.23381217355856,0.06426014269732197,4.797804801109966,0.43731531286577807,-1.3666891051567769,4.919881147236484,4.035587837496806,-0.36498806806658024,-0.804069420272177,1.3922668380222394,-4.218725294661299,1.10384430049893,-1.2594742147499876,-3.281728188384379,0.11134545007157447,-1.7494643179307077,-0.057993847028235845,-0.7675599458374862,-4.287878970355055,4.261953467742577,0
4.48219088021612,0.8259316856302218,3.95999883621573,-1.3696165925006487,-2.9342454838062206,1.4953699258876945,4.081341371605521,2.382923311465044,0.13562172285655064,0.477866408200183,-4.084103512719985,-1.128952290152867,0.23834315875987455,1.1502738055282646,-0.7028891311404247,-1.163502633539524,-1.930559328063167,0.86579068421229,-3.511998471422613,5.532493698774291,0
5.392634974701108,0.3409066859389286,-0.12898734724450342,-0.3570096517941953,-1.767847564827112,1.4712516612346023,2.7689245957318063,2.3884708887188313,-0.39089504595890534,2.0062841450711772,-2.4954565977765024,-0.030085564417886436,0.3004344284386802,0.0730122046636046,0.988111957343711,-2.7584030923742975,1.12075912093607,-0.7829001346156401,1.9037640232315298,2.5708966769321426,1
7.406334722337117,1.811373940530131,-1.9507577529593256,3.0441107716773588,1.153657276596463,-0.018093927459913228,0.15026762132267477,-2.0087417325501105,0.14765462835943888,1.6597538663412097,-2.4899897324658644,-1.1906455133311875,0.18038358115289355,-5.557814105612739,-0.11078530309509733,-0.9612206610328857,0.7167263704596407,-1.782282755825872,0.32265204548548687,-1.9991419128418229,0
4.372770282138366,-0.19608312238819706,4.91516707873226,0.6965535634471605,-0.30858265516069006,3.0194399342213667,-1.3724110797499383,0.6423980267993112,1.573380898163724,1.444305840407539,-1.8535890332454261,0.6245650063577998,-4.213481960946325,-3.048001310512749,-0.07113905243469394,0.9394388151588153,-3.0191841305015052,-1.7892385112431475,-1.6281153119586342,-1.9092668788137015,0
5.9327672152977255,-0.2030746116618741,6.409992412573869,0.8951441044683147,-0.7677398585268056,3.593092879830268,-0.003959123136412998,3.1187304018331057,-0.20812852214450403,1.5458041515831273,-2.8130335567198865,-0.34549840308309765,-4.552895856061308,-1.9777889941612394,-0.6277307734634403,-1.9622090668352663,-3.1381272361603916,-2.5433315798394465,0.08991752608866221,-0.4984000619041741,0
4.69228974174395,1.4103567404844541,-2.000466213635536,-2.330658504656859,2.0442424599755586,1.6792285297773346,-1.6175335673446762,0.6601206164522775,1.0879575949199938,0.3071079177106991,-0.2709940962163287,1.563910096492009,2.0495713978549035,-1.4781328910834208,1.1816945290660101,1.9976762820199392,-4.7994358165856426,0.3865569421296754,-1.5116815319976846,2.5324227619308215,0
3.02251975134704,-1.0760291339014654,-3.894105787073404,0.7863238254257434,3.5407819827706817,1.781646654908093,-5.759966211117153,-0.619070826966174,1.9209006481589361,0.7745843759219595,-0.32981934200033425,-0.14072986928383377,-0.865259298704478,-2.451246105043309,-1.5572612593558874,-3.6412258745455435,-0.992524621724931,0.11514310292131169,3.698610111631914,1.1214898968110576,0
6.759794335512364,0.30068355171858424,2.0543576392703295,-1.2059548871044024,-1.9842298987656575,3.502031970502021,3.4712070813233833,0.29775270467990445,0.5481145859831005,2.454618865670353,-2.9292320333490696,0.917273122017567,-0.8891972030775945,-1.1361771658584925,-0.04271816528662712,-1.8375190480005248,1.74062916994772,0.17253636561435548,-1.9228529342019354,5.04051066938738,0
6.274940725443112,0.5612256531494256,4.776882276839559,-1.1850706305899457,-1.5477630999422471,2.757509370706672,4.786774872211776,1.8971303966655362,0.6082459287183172,0.7418013958618018,-1.984504698654522,0.18370818167790065,-0.39069822170609547,-0.03971588897921564,0.3803564962021349,-1.2150335623759356,-0.3561529180804712,-0.6356933058502561,-2.8837545720207336,4.344924366544594,0
8.9157242994868,-1.3774784427358033,2.600348634009601,4.912063826103186,-4.121895485757129,3.5115563254604343,6.331866493128608,1.446443742593432,1.6619151914688548,0.42480861510746193,-7.4643206975927985,-0.5707943723600243,0.07605925498943256,-0.17898753804670017,0.5117328223301848,-3.737702353620369,-0.1440202282063484,-0.05747477145987767,-1.5743711323967249,-1.1532367455532588,0
7.833749697168118,1.2752701631505166,1.463647223242962,0.9471972154789345,2.006415815445184,1.6308985422221554,4.587165686785416,-2.315594725983349,0.6083228892068416,2.5347846747075256,-4.096345136538388,0.2444551447163554,0.402780748926141,-7.267715551738459,0.07697017751111888,-2.939901789270118,0.23410962211981667,-1.7983057769300008,-3.929396540692821,4.915228469307122,0
3.5442352985196814,-0.360509801173473,3.301838158055004,-2.7033310168797597,0.5803255056745289,0.9577717497973531,-1.3393338981322704,0.8928414933817509,1.1018058719050894,1.7736463255195372,0.2623612960533559,-0.6829291319664588,-2.1213177182854173,-2.825960280242531,1.3387483043251127,1.7754843479166391,-2.147854117346284,-1.5722073910588046,-1.6457119647804277,2.5857085644401914,0
3.406390880057149,-0.206984959673353,4.085351177999531,1.898856741380931,-2.7635326459975307,3.5525966698642533,1.1983935222555313,3.3452924811091833,1.2585749457571884,0.1206962169105601,-1.754105220390891,0.47027567029030454,-2.397307913917313,1.4742677868131349,1.2336377289730376,-0.43259770972018885,-1.2266985809273048,-1.4379044873747715,1.2450403221282276,-3.584038595804746,0
5.965539792574259,0.41301519746921483,-3.677751457990014,-4.5373918950914875,-1.1260446780818865,2.545895078969164,0.9579477377365069,-1.0632960767380144,-1.8782639498559524,1.6865564239902118,-1.5866530494726026,-0.5937419157246197,2.0377868263490897,0.9970836582782606,-1.3623373595777581,0.24051718087523766,-0.09579110644324385,1.659438386854506,-0.39002047402930484,5.201332080461807,0
8.37468008944102,0.16001243959720066,3.581567918610909,3.0246305338837045,-0.8364151444879566,2.531769670861786,3.459162267113684,0.00984474930412349,-0.5941079110916483,3.0405163396874206,-4.639872523085269,0.41382660245399094,-2.0201001361167803,-6.813971296579915,-0.43376417520427274,-1.1328061896923816,-0.057805139323663046,-3.6732458291860612,-1.5023999992005543,-1.2983887517020418,0
9.675415847340233,0.12265836526033441,-2.9126408398218038,0.012539452579361177,0.31617936916894107,2.271192231637396,-0.267998480138176,-2.912181918774896,-0.825081016275562,0.5532626355397692,-0.9267835776112098,-1.3746976034007026,2.3244178215856457,-3.4384363986522506,-1.039637924754919,1.8909348372840875,1.1522441128881145,0.5013527232719135,-2.2933926503264983,1.7900280779671531,0
13.943324249775742,0.4100808863828213,0.3985156548200374,3.558973821063658,-1.674252202167505,2.1673063883641928,0.9641577408364602,-0.3055710081586862,-0.4465126332180078,0.6082949088115186,-2.3290904765323233,-2.126775442508045,-1.1691146790728193,-1.0422848835595462,-1.8820481219671463,-1.1218414514457513,1.6642335247045943,-0.4267985492228231,0.5974970975861311,-3.2752167846199742,0
4.752976450237682,-0.7051130282408845,-9.107881221947018,-1.4757907781619162,4.050823475657283,0.5405527507741935,-4.808635755748195,-0.40623154295183883,-0.42369027026080164,1.8266405904850258,1.3405885037047334,0.3226643954390749,3.5532139157839775,-2.0751152815678995,0.546622492579014,-0.0486331519312333,-0.8300589866695293,2.305074947102958,2.0141090408675506,4.24477465550438,0
7.007593881543539,-1.2979118048724576,-2.887796320960719,-1.0900086996887464,2.3717382782923266,2.912890928000842,-2.206346961884954,0.9231404691807634,1.675949528923732,2.6494540020299713,-0.40479573956892206,-0.2712874365411974,1.0123643412381775,-3.6391737510485718,1.8215731862995324,0.8574539204651654,-2.1348276458217246,0.7511102114367246,-1.1158335007709117,4.251164808086584,0
8.158072478577056,-0.3981345018444867,2.259965909784441,1.2560642890565947,-0.5827655519409161,2.2129310111850797,1.2640857672899166,1.1863543726646124,1.9872284282261756,1.3589234999562019,-1.6516739627280237,-2.0773690179248696,-0.99519717840177,-3.2959963351578874,-1.6876606561208694,0.6384862880447792,-1.092216449978266,-2.902453415964046,0.14985328897114214,-2.3077928138272576,0
7.7377602081857955,-0.010066914022588956,4.402532248148207,2.9066814889052193,-1.2758530522805716,1.9018503866997758,2.6063092628368065,-0.5307259012281433,0.14524967160272004,1.0490533991233768,-6.02442364300337,-2.3878599314102216,-2.7206969139770316,-2.6977199849754294,0.20090993092754872,-2.927701602307862,-2.0280080853362485,0.11109122163630047,-3.7348349522346296,0.9692667867062946,0
6.1248594356909685,0.5998951062493613,-0.8087690781990019,0.5813080295077151,0.12374063975907346,0.7442015704598507,-0.46755920596212863,-0.9973882211145872,-1.2594669845985307,1.0063116944089645,-0.9369926066349072,-0.717851794093856,0.4347959093144972,-2.2695864779596677,-0.9764012528245876,1.273839693661381,0.18314436137625,1.1185815951724714,-2.5739016454466177,1.8085787383855316,0
7.976180288386778,0.28453195210841314,5.860908523417887,-0.3527072316280724,-3.8487923653283738,3.451233786924838,17.206278751679314,-0.7329272954689003,-2.134384313931683,1.76003255226537,-6.602333190995251,0.827359435185319,4.87326438741746,-4.022068806258703,0.3551472944528192,-0.70139730053862,2.6346214986596084,-1.4817547680173233,-10.125517804951883,8.662887904580021,0
2.44029542401477,0.6283793366418691,-5.022187309134675,-2.116293765361464,1.9256855800254953,2.8287237070917666,-1.9574747002447548,1.5399586220070014,0.13303435793799906,1.8771202964560292,1.1332062561597436,0.015238348378895173,2.8999099785092897,-1.4922664270636856,-0.5065700777032857,1.814390894240939,-1.5917231101404834,0.699591810874493,0.7857844049216007,3.1770239215148193,0
5.755375113634578,1.1330023954422428,-4.859554897409381,4.658016307372048,0.22655946827300344,2.8852842655991666,2.499736539854031,-1.7393671958835712,0.19607473196752737,-0.048302548199538275,-5.48528164918565,-0.9657202812920065,3.2983755521161777,-2.386141549794753,0.7730015498509023,-4.331288259629456,0.3833474960606489,0.7942613271601258,0.47349258403553196,-0.256090481325935,0
5.431289449980021,1.9178570624266529,-3.420039770444922,2.307283347732165,4.681514324576316,5.099307555697345,-4.37765678361082,1.5339385005639445,0.4183151392554321,1.1875052372659223,0.24025150616173682,-1.5245292995561854,2.4567895590913293,-6.42136351900043,0.5623830926894915,2.330548233171929,-4.460719155403791,0.030292783711965643,-1.84635261396937,1.5452302761298813,0
7.2350870332962725,0.6575064022088112,1.7625908400372745,1.0827354304752932,-1.154390885638041,0.7056680947503531,-0.12436317860559318,0.9125147519592769,1.6020806324793668,1.6821521810150362,-1.8839003500275893,0.22394137776192996,-1.7268662015986025,-2.7347703796506178,1.3928268983646979,0.47172470918771103,-0.5082792348780019,-1.9467541728361373,0.3855706821134772,-1.719600376267003,0
10.26213293866514,-0.4232151122135233,7.833110887820351,1.1006618097721481,-7.430525964673306,0.2458826118346038,13.36655257964783,5.130049900547529,-0.9436246271714656,1.650656445133062,-6.138084266667122,0.06616585275472495,1.1102290164786783,1.1853253028629622,0.28882309517471905,0.30270740452926237,0.24396538952865776,-2.3505268985115286,-4.193459606073764,0.856915086196606,0
2.8655990808190186,1.405920705180279,-0.2643337874096809,4.338052274237556,-0.9441426394446228,0.3714137356040198,3.741453907505049,-0.8775980778126213,1.9316261530117538,2.2440082585568053,-7.853198192555065,-0.30578403435329105,-0.20478434965634795,-4.124454362076591,-1.03806547682572,-5.403509008970072,-0.049613256831489205,0.3942589993608925,-1.7733190366376257,2.2676937862156583,0
8.897549326060119,0.4148531455204386,2.1699331463263953,1.602848912660255,-3.1466629184932224,2.1437258277576214,11.225201004942464,0.2400260364998248,0.34541557140991597,3.2778487110518397,-5.057898093007055,-1.5009884301937357,3.5348469230845936,-6.85392121955492,0.09602858087513828,1.8859664432963958,1.9487893688330815,-4.457381605162745,-4.086459566427248,0.41158749728432636,0
3.039520700208433,0.7089257507389941,-0.60237255617403,5.042027471446219,-3.2349753604837135,-0.010824844128042299,3.9079625675576386,1.9272267531574268,1.9659618095969538,1.0125480114214964,-9.25086780665791,-1.2798289791913884,0.6109778563959274,-0.25545313270103737,-0.1674382157909752,-4.997504233318436,-2.6441263637871186,1.2333993294292158,-0.3766550264114531,-0.31012905428547105,0
6.446261195651184,-0.7478203017799623,0.23416645044046167,-0.30535320104139085,-0.7490733639095778,1.297805210731519,3.9871074773401594,0.012130741642272458,-0.8749765563412344,2.2108579348454476,-1.384325634032818,-0.171683202496882,2.066952122394262,-5.1731254793285,-0.43851755678515997,2.4285844921288793,0.7426568681063008,-3.36950413026903,-1.3175721083167033,0.19186616594934372,0
5.601087321287428,0.46410870249161174,4.276885081366248,-3.1710190119663677,-3.1032221174889685,4.306178953213566,8.627941058117507,1.8829315450295443,-1.662557152633962,-0.12510076464655984,-5.4450640621974875,-0.6820775033942963,1.8545810906218245,1.723255915301798,-0.7040555678806137,-0.6293990724848091,-5.040539102140986,-1.2749070920208245,-3.570900584695864,2.9225683729386116,0
6.870257496095566,0.7166427514339926,4.498724249494662,0.851572212416379,-3.118847104191215,3.8109266659785352,5.44296871709026,1.5490012902268038,0.4044968823407569,1.5201078732290227,-4.908567572886682,0.2935511735214301,-0.6353234378087103,-1.486189937630345,-0.5016132618814974,-0.797232490178532,-0.9278250710693017,-0.8177663238220282,-3.448579554957652,2.0774359905072366,0
4.71979581861955,-0.20185257548201524,-3.1456887176068715,-2.1482678424335324,1.3278699111923769,2.0378689716267737,-6.083765569408145,1.4242140315682361,-0.15798883471636493,2.4594184946555906,0.4370729234152983,-1.8684804090141167,-0.43988821746784,-2.2076531565668067,0.14403960491348733,1.9362357728105164,-2.3978112143486983,0.9247584404872236,0.9534073230501656,3.0175117415817865,0
4.5826355141578015,-1.117193942442173,1.0913614967370402,0.6053975564417287,-0.5450319679928834,0.5805512858214539,5.774397678148984,-1.9904880036072332,0.9061688780250866,2.597139451538939,-4.081917089431689,-0.34912322475250834,1.0308837691732902,-5.104974506266057,0.858166346251826,-0.46082935637587297,1.092331177241288,-0.5969351149320605,-4.857776317067589,3.855154527984556,0
8.729795559216356,-0.8312525399909271,-2.824779831929979,-4.6697871086429075,1.361800432058053,2.04955838961035,-5.993867102783379,-0.6187523663892536,0.22654199322522922,1.094680043619926,4.878644707960642,-2.123185233605416,-0.06255803742816957,-0.6108177584713481,1.3549451148011946,3.445529308004194,1.7244662371384134,0.1290421315943472,1.8710132808307889,2.948130585640962,0
4.974744554273233,-0.14593535832675336,0.9436162157967044,-0.09336704414016217,1.6941855966900103,1.8253726858886623,3.212425137885014,-2.488465286362127,-1.8239318277386947,1.4184625251918044,-4.875103229833909,0.8078342377915504,0.8934943648976081,-5.0238193231003345,0.09287995961751991,-3.049469128694938,-1.5313155878204223,0.6912021241617057,-5.398830511771431,7.3815724075312765,0
4.9956581218942855,0.010326224153292377,-5.181715221544771,-0.4228465693190663,-0.34487040729385754,2.103650354027473,-0.9210854786468147,-1.9073892232245873,0.6182555837649201,1.6572700060539791,-1.3565850139105937,0.5650118289133486,1.2280938604924005,-0.21826355472994707,-0.2754149347029827,0.2659493012686557,1.028226442805877,2.299113906365694,0.13473369660357326,1.1034857444057322,0
8.138372488010246,0.514017326294719,5.646486472536893,4.5532910013088035,-5.5742007356722425,-0.06954293679491517,1.396754807337387,3.2849169467175874,-0.1592909523006995,1.205324493125745,-5.781908382790846,0.9146798802775489,-4.377757986873213,0.16986388876828756,0.8944107673044667,-0.10247951948081613,-1.9195170894170035,-1.392463828933564,0.12762160175747939,-6.276133383926467,0
3.5323540619163687,-0.396436173591443,2.0239527504317913,-0.8094432433019152,-1.4329659811164377,3.23479082802356,4.328798229140757,2.924936255310676,-0.08099194264039333,1.2267601986625876,-4.454628509793556,-1.1406577465290049,0.9038030711386769,0.23605578218741566,-2.247574850023463,-2.976610340928361,-2.363827234555184,0.4152705554568936,-1.8843049286577682,5.672053018879037,0
8.719998964482016,-0.014848096342360619,-3.264965610650252,-2.0370700694708423,-0.5952779894901634,1.5394389182530612,0.8996359594813647,-0.404219180135866,0.5812202573857238,2.164502306909344,-1.9679886768474288,2.012465316890799,1.5513230797432422,-0.45935410427235623,0.24286882784954333,0.37849802746584504,-0.39702031819910777,1.7240428125953524,-1.1598935745356758,3.803752807578803,0
6.549879004523417,-0.206984959673353,4.085351177999531,1.898856741380931,-2.7635326459975307,3.810954511050401,1.1983935222555313,3.3452924811091833,1.2585749457571884,0.1206962169105601,-1.754105220390891,0.47027567029030454,-2.397307913917313,1.4742677868131349,1.2336377289730376,-0.43259770972018885,-1.2266985809273048,-1.4379044873747715,1.2450403221282276,-3.584038595804746,0
2.466004806913665,0.5626202103344505,-1.0394147767746753,-2.3886766574364415,-0.1635503882057645,3.653651996222022,1.4031971862426258,-0.30570389633063055,0.1858415316983992,2.5836598072796244,-0.3285582617292489,0.30944611372403885,1.013360305956594,-2.8587171794102573,0.592902124057848,0.5164263382336467,1.9538598473693192,-0.7435053462995136,-0.7132476163599024,4.561100806836301,0
5.830591120355054,1.2481477559046172,-0.50242264931376,-1.3381792385477351,0.9625281369318601,1.776204783855657,0.43264198091269185,0.865003392668596,-0.7948218943543952,1.649313382966501,-2.8912158460886896,-0.16629847211996254,0.5798842026580213,-2.13963950350534,-1.1496805511049546,-2.3376723063667635,-2.233577180702142,0.2027226684888217,-0.8843834130087417,5.402062230214121,0
6.0178433103507505,-0.7714185289727925,-6.9447698418375765,-2.6111011285380084,1.8463388340494689,1.4588245107389899,-7.751217980017907,-3.4104780237646772,0.33894250298592554,1.9221268150141517,1.1270715055206182,-1.2296608289541968,0.09305225097369874,-2.1978667161654526,0.45767958525309543,2.4297694031564188,0.11097868967870661,2.500006167301133,0.8807374056177575,2.14404823890512,0
8.150458593257474,-0.06811265119607059,1.7456875899835262,-0.07951794889771291,1.5994984781532025,1.897468075084393,3.6490484129359633,-1.3456969517642445,-0.5548088720750396,2.0816516754980148,-3.0363985945212795,1.5374611326016856,0.7069381779946997,-6.644688731561661,-1.1283407533448926,-1.0080061558241067,-0.8669268895945443,-2.4995298940121105,-3.324182422695957,3.7629706360024295,0
4.229479718202497,0.35089967748603823,1.2976819077367205,2.372600798164907,-0.8854026392652303,2.90239155330509,1.7874771751506304,0.7304335139204432,-0.43495100378588425,-0.3021113387668226,-5.100877861659111,-0.41660798267614174,-0.2966217174630248,0.27514473750365837,1.9024455037624972,-4.251878113424886,-2.0238677319268428,1.3798564486440603,-1.4101751485403415,2.253601641411584,0
5.066993155762352,2.4927534069808885,-1.9547956570164244,-4.620608746558608,-0.6578445934668118,0.9701390929444327,-2.603513976815041,0.09348761146655504,0.4060129583041485,2.1642011254247673,0.9328031739075826,0.4320261197731384,-0.7233902954836524,0.570941065404232,0.14346871122549376,1.5701863879228513,0.057097653671355664,0.43826838988641614,1.4341844115983666,2.9031415741633957,0
5.315169230996177,0.6461128442111511,2.0961998897159813,0.23737525987765173,3.1680614607872606,3.864737496775994,-5.377874245900551,-1.6178994216606415,1.1526178868830699,0.23354274572796663,2.5964181634899193,-2.741663521932642,-4.4075689262208435,-2.3120208865961542,-0.7450507641137286,-0.21523952205450692,-0.5083461442644142,-0.7278530616308605,0.5014885267612545,-1.5585475348353168,0
6.630617039175972,1.1999922618328345,-0.7900285585443533,-2.0494712645102626,-0.6475999642605443,0.7121137987198324,4.216699786673516,-1.7775202063370301,1.206611219312782,0.02578447333125322,-3.5658553600005543,1.221660897832515,2.2597521537108625,-0.2995592193713465,0.8072085502465935,-1.5557126327865207,-1.360520851796712,0.02687861970678629,-1.8480148915609171,3.235836052223915,0
2.526816383611185,1.6798841477075936,5.067004103031734,0.921607258653004,-0.34291066822281024,4.7858414873100665,4.541186219409039,-0.9931099101027991,-0.28662168533275145,1.5754991679284718,-2.4224252270484405,0.20047055954242063,-2.1548936628127517,-3.1707665060548957,1.240212436813569,-1.8939511881134128,1.330225895002596,-0.9623352557091847,-3.9893166828404585,2.789921667699455,0
6.326991785991032,-0.24038737474609845,3.4593973458951495,0.7323868203501938,-1.2284965052464094,1.0230729672442218,2.9766371626472914,-0.19180143062324784,-0.36294788498075725,2.100863174068254,-1.4109334326291665,-0.772971320210366,-1.0924585570479444,-4.8778520335271,-1.7051104128483592,2.723050042321917,0.20451995537316847,-3.2974346951831373,-2.270783481264985,-2.030323659225344,0
3.27880631002387,0.5368628736171863,-0.8386900104751362,2.575258950417052,-1.7702871853104607,0.9070229228493004,3.6435746968304668,0.11524279678800553,-0.11966417555926188,0.11392171717330568,-3.1452663003726027,0.43868148031687076,1.199529702792875,1.008403658978372,0.7729433043034076,-1.8457370906668351,0.8664732509212678,1.4313323580577189,-1.013859902304318,-0.16887695895422317,1
5.442368240876999,-0.9463759197229156,1.4900000629763823,-2.7241656788365685,0.8692182689687659,0.6307220137865686,-3.423124223557952,0.9894664493812615,0.8294188800268162,0.3735700661205671,3.0382559808762406,1.7611483277604214,-0.9937349358424781,-0.7599509141007623,-1.7533772006350665,2.9574018050172532,-0.7595456437715015,-0.4404479296947881,-0.5622952797558279,2.0044021135017744,0
7.482328773050137,-0.3845416092935608,0.5026573897470904,-0.8910294442670562,-0.760880530371132,1.7157348864146398,2.9803396296892175,-0.34701528950693383,1.2537299229379717,-1.705477648374849,-1.829788302702866,1.5336620338276676,1.6896815944671513,2.7139152928350727,-0.6060626609224414,-1.112295006465902,-1.782826440522898,1.4994329057301474,-2.0732239862957935,1.964362771827068,1
7.925853811922341,1.1845247565704886,-4.221189047739746,0.1527795071306428,1.605771013466219,3.447253494045431,-3.673235866398243,-1.409111968856383,1.7833848166618582,1.9428336631716334,-2.1287902683911906,-1.5710338402488198,1.1943773632682761,-4.143772296139512,0.5348841119975545,2.1388287050346184,-2.879084470590353,2.0083933365396653,-2.6022736007320972,2.431842932016439,0
5.205836738786077,0.17217858773617808,8.572407106563048,1.3424075457605578,-7.401069588412703,2.558694620696824,6.1847973738348045,4.592848680383266,0.005094115997798146,-0.16479895330224759,-1.0118363391667609,-0.15041002186236482,-2.011752882002123,2.870314532917543,-0.4312756611159144,4.113940409567557,1.1975005067958007,-3.1265359808683426,-0.9965492594521291,-5.947616896814108,0
6.4965962477281165,-0.14902704634314642,-2.88377843017959,0.7081810885883928,-0.03553817257038161,4.1911796652312505,-2.0619915081133087,0.8399318408458241,-2.062138438520815,4.715313347316194,-2.8351857693629796,-0.8490434141890237,-1.3055798660795648,-4.674352857369355,-0.37443387262700684,1.786101253413067,-2.020977892018746,-0.20237073327020383,0.124923259814532,-0.7920853393598908,0
9.726548135319065,0.5072764113522333,-2.015800956719188,-2.3414882870429956,3.449004771573002,1.0781929041332976,-3.985440532710978,0.9389497339328332,-1.699598088527126,0.5611921794853894,1.966101962057366,0.4027860744556235,1.4339626106754164,-3.1022245318235786,0.45530878206359515,2.5288096941887317,-3.8947959301885806,-0.9199782176821689,-0.003237479956105793,2.025059963411094,0
9.434320712611036,-0.5610429326027628,6.831849624475069,0.24709428996244065,-3.107676672502342,1.1639009995446095,3.7412398939659037,1.6459721524589055,-0.09330141282503533,1.8223522868110593,-4.208209429586987,-0.4394239838819226,-2.7527583058635985,-2.3313558382908632,0.442409431493195,0.8588640793852891,-2.105559942839178,-1.6773868396138742,-3.99811657163813,0.8033923811669998,0
5.545168534785683,-0.553115566983051,2.975095988265721,3.6751771178637513,-1.4465687559021212,0.18382619122727517,-7.147530421641572,1.319041593761722,-0.07072517670515642,-0.7366150918010976,0.5393360692599554,-0.15508210418381102,-5.529681453335618,-0.10667861935929975,0.2516364343189522,1.5341945416366696,-1.3774501443228042,-2.0646100177372775,4.110080109879844,-9.58797972419943,0
3.9894974265321776,0.6130905141149307,0.23704607524520882,-4.341915063768745,-0.8364323268985778,-0.20918644533882969,0.9605696944539737,-0.9594455769919005,0.44765771110554453,1.8456624795333234,-2.245987416215722,-0.4109480990440305,-0.8509046761399777,0.1893125220080577,0.9126513379200741,-1.639083363796399,-0.547550498685712,0.5821413214498763,-0.7629933916291386,5.579183307986736,0
8.590897042925954,0.677022359889089,-6.842080710037345,-2.2170907077089175,1.818332360292695,2.524882531324681,-1.3911511226759878,-4.744321981372796,1.5162431928055635,-2.16959258458187,0.40998100122360687,0.9414574071567863,4.946762420592014,0.2857550958500822,0.3407165282446759,1.6733928153692983,-0.8367255416721008,2.0854644919052485,-0.9853023230800226,1.3107388405246458,0
4.4909883936970125,1.858253474584224,1.9790689062192703,2.022543976586277,2.5972007459613042,1.859966867564419,-3.0593522586098545,1.8786287927929832,-0.08088479826289954,-0.42841518311463345,-0.0906865756676603,0.8666964195554417,-1.1232953789581646,-2.026974122913247,-0.29590501764667004,-1.2682470348444266,-2.8967900690101214,0.3967682053246865,-1.2859156937720375,1.8975518715791269,0
7.682747717868687,0.05097434096619951,-3.303913896148823,-1.0557669366323974,1.1959063672487176,-0.6175288010579854,-1.1158881201584558,-3.5948971656058104,1.1528027463551933,-0.5098613564476104,0.9938128522952275,0.6461376519121663,2.1130215083288943,-1.1863093164205332,1.1687180451155654,1.2133881965840723,1.7773668751302742,1.5403158064109528,-1.7420999603051652,2.3554495214062814,0
6.814060851685704,-0.7370805430636312,2.050001818385615,-4.715754947418698,4.478950783218989,4.0788421941616795,-2.6204292161506944,-1.6750496021073773,-0.4764263934327096,1.0537478201088466,3.5300670917562877,0.12230621291398042,-1.2842354845623745,-4.093685308605702,-2.5966739052474295,0.25922724727647206,-0.2739175663318625,-1.3259018718712439,-1.9649065436295796,6.849502824117105,0
4.539802714516787,1.2972420058538119,-3.9743780412887193,1.725161969730248,0.2919455081641561,1.86104209890554,-3.2945694156631236,-4.877380493294586,0.41158168481918767,0.7328917449880128,-2.5666583811662593,1.0726090432678355,-0.8555034914900914,-1.817426694913959,-1.0391426999865268,0.2585560949610659,0.2667181492138686,3.1689818471711506,-2.0424748281448983,-0.8071088728093668,0
2.537533219860528,-0.4913858385001259,-1.3006383344230985,1.267141900165829,0.08708310070571046,3.880231679341416,1.8713923931686807,-0.9265117372275028,-0.7788047094259378,1.0323645656479121,-8.78975717319475,-0.09367802635210719,0.22850723450021315,-1.5294289860718169,0.032802519241185116,-2.5503061394416053,-8.30605149908775,2.158391413494942,-3.758270337470819,0.8763979155421487,0
-1.60993663168559,-0.8530064482059386,3.514687030369123,1.9087289843998827,-2.085837175186266,2.3268693547970436,7.020925620799827,1.2260011014645957,0.014577972897263449,0.35679176410890123,-2.75802271625316,0.18928580689310892,0.4403635041251799,-0.05879089448776568,-0.12462124877094174,-3.421201804661854,2.6808900658099315,-1.1043903675173603,-1.2272611485137555,1.902172949961526,0
4.760683463884157,0.7208521771012956,4.6008765763789095,-0.39976351713428526,-3.1084264710498055,0.9345026922827204,0.6960646220425725,4.562391459878436,-0.06812906948386936,0.7622979118924285,-3.077291967358302,-1.2101409296904437,-2.0541445600039476,1.2347789173997048,0.28009789810944874,-0.1964508572079905,-3.5535405117251915,-1.1482347869061453,0.2526126725423268,0.1651500346152793,0
7.4935264904541725,0.6584694923399574,4.309584526600156,1.0352140072130542,-3.6368916589327362,0.5999477823328849,6.049196667943674,3.585536874239775,-1.610657977670876,1.9124935221556094,-7.158230999484182,-0.8926680545369561,0.5314046323167987,-2.786653577057467,-0.729445871231227,-0.614548261616971,-3.9351410705784957,-2.5192600847159463,-2.4927025740345177,1.2677344916419186,0
5.0039878878944375,0.042473557401193886,-0.6095291166127267,-2.204445214012711,-0.310662888995223,3.4634560921415516,-1.6537740128226508,1.6309653951599508,-0.4489390878097205,1.83917015511261,2.4899550246797917,0.1805548283492298,0.7442548931412271,-1.7949385029240625,0.4347506512266109,3.7782945044516376,1.2187511355983323,-0.7136736995410455,-0.0921940786315053,2.2550432968605545,0
10.234338261304066,1.2129675587236348,-3.7330761010040203,1.1908080821568636,2.5786467232321972,1.8907068049902658,-5.140373122680511,0.5395506195100495,0.8911538606319307,1.9039049915780994,1.5459153223731241,-0.273023896005761,0.9471242203089424,-4.76456369339243,-0.9260886869109264,3.5616124865012604,-1.2175820271497635,0.2686928024470021,-0.3926000811122041,0.011818500228380293,0
2.732013084541655,-0.056212664591075066,1.8066241604103441,-1.6643405436310914,1.8556244960065436,-0.772489391419116,-1.5119910359673776,0.8681371829274028,1.4445307755887333,1.0068563333008338,-0.8986831947989677,1.1653295835363682,-1.2778779050397548,-2.4158509483122836,0.6297862340316515,-1.5029886731638076,-2.6897217872681454,-0.9006891783360148,-0.5532210621939135,3.863756125801081,0
5.933528203275823,-1.6630927539295708,-1.8745120054565862,2.3966235898794577,0.8834720375394469,1.0073712157182915,3.6498492681038095,-0.6358643801947892,-0.4668297568803193,2.82715544298567,-6.084377535330699,0.5861951101024616,2.1167913307193067,-7.2873404378037305,0.27511606345640416,-2.3692386654559607,-1.661429010184698,-2.344765887474077,-1.1890746924377338,1.6681216724800658,0
6.055851379687214,-0.9401042316005177,-1.80874151744208,0.1974005551599043,3.11000863970276,1.8314773140105218,-1.426118336260947,-0.17038740251424123,0.10844613973328884,0.4038771964472927,0.048572601752090876,1.6751228514634804,1.8756902246217702,-3.916955699371289,-1.2573097447081771,0.41512478490832194,-2.1232078038108755,-0.4234309144258004,-1.2461282780089176,2.3511964757041066,0
8.359865079065495,0.20501911324356994,-0.17135175423343396,1.0557847252153563,3.8367808023378984,2.3031755104195364,-1.8664903997224949,1.5978161872844798,-1.4212422521523551,1.2198458872639804,1.2786872893659276,0.6627846790723423,0.9527264242946847,-5.240673201027736,-0.3584654906443613,0.9396606181970939,-1.946403217598451,-1.1043033996422116,-1.5026691597673554,2.5362218286297002,0
3.568704106097496,-1.2135592413961729,-5.811160111701451,0.0626309014979265,0.5305070420653389,3.907529736067989,-3.6759618765070967,-3.0408526420981445,0.604732188664011,1.8277549342340684,-1.808267973772241,-0.15359356488183107,0.6619983691523497,-1.928439713068768,1.351839999894243,0.81782083489429,0.18194981090742424,3.160017930130054,-1.0259870396003636,1.8024302504081209,0
8.136966983056984,-1.7271245848862196,1.428725223265346,1.861772386686488,-1.4268201427641962,-1.3903858015764636,-1.456314268967892,1.0066088915619578,-1.4195750686819786,0.11829073084097452,-1.6506902459970363,-0.06974179752503845,-2.2930331575151657,0.7943938979255544,-1.4025963703930764,-0.7677295196981363,-0.8145426922698078,0.3234312495269289,0.787680563948536,-2.3196294236424415,0
6.959208552307552,-0.547062407748711,-1.0531349040072537,-2.945400351038252,0.6640000585066681,3.51830396066883,3.2294581598144636,-4.226254472781888,-0.6448649481613004,-2.6412738471606185,-2.4919599896078095,-0.6120117929988756,4.029081931416705,-0.15308643078606346,-1.0068274389487586,-0.4841958736341394,-2.260001021085781,0.6342441221036499,-3.839291108903233,4.181029496301972,0
3.367806127155946,0.11148520379766708,-0.5931964141377956,-1.0852469673549718,0.6893002941044419,0.2531743660897522,0.8477487903210273,1.9244452102616836,-0.07338248841316947,2.0849701104339697,2.7020368941280624,-1.319859715959764,1.1410661637434394,-2.390481331765651,-0.6151811407071439,1.1027039316689538,3.0060625915326034,-1.9281158592206746,1.3284786480999302,2.2758455023054065,0
5.363014627428405,-0.2913822165030858,-6.938484783150552,1.7034734860753944,3.4259554683624325,1.8737154971718275,-2.436512852484674,-2.2711685862152327,0.25215697775557905,0.33458137974826807,-1.866266117583499,0.814470965290091,2.4907603139363452,-2.2761513635199746,0.52551681380464,-3.9541546979087214,-0.17653296491784265,1.7875752114600978,1.7153456478717142,2.346362228645871,0
5.696930595313247,0.9944792579826537,1.5265897076741708,-1.286508788597223,-2.0716906071831556,2.99525486900663,2.2777313429361596,1.3931688765923251,-1.0935035054072075,0.8512628363127278,-2.8051991008301878,-0.590740408185835,-0.032291339824366494,1.655271757976049,0.68161817956137,-1.0320610816961606,-0.9483928221524602,1.967650615731058,-2.496516962184949,4.698817073051157,0
7.254235490365556,-0.9242473353574188,-0.3014320903462294,1.239083475622448,1.1541664172848345,1.4458413771719836,0.925914237393602,-2.8169302561243788,0.18945519010693238,-0.8862391759957158,-2.163162565669992,-0.8263874200325231,2.235671921948585,-3.8373433067042027,0.4836698310928089,0.9568045290592517,-1.3208893665820005,0.3543521286190382,-4.473201994904411,1.8708740381569113,0
4.818972342575711,-0.6430339405943093,2.184765692454272,-1.0032284983469675,0.9295301880917546,4.274376818156246,1.5861084678360489,2.874986191368548,0.5979224299768019,1.1481570252845998,-0.41023244042600593,0.9732092783064061,0.6203985432630735,-1.9745547601340303,-1.9358045923539078,0.23766648292286763,-2.3908600950864223,-1.0815880895703542,-1.6983342791383604,3.6114429254868265,0
7.804461406897385,-1.0952776325950309,4.88084556760154,4.557213433534457,-1.9848408052657742,2.5767137064964865,-1.8180592709122694,-0.34093801800240997,0.8758150579092053,-0.7253121232728188,-0.27948799843698646,1.0731741187176382,-4.517125249402174,-1.5344759804463408,1.4188603788197263,0.7511103679898337,1.4993669215062315,-2.687463412749933,1.28669943149115,-8.131812236660101,0
4.925643678676264,-0.7787214717394427,-2.47636491416442,-0.8308887710042656,2.7440189907881125,1.135915740259265,-4.077066244047393,2.289035021136965,0.13986812954339037,3.2251933596190856,-2.054701515019636,0.14173026460475313,0.1349556606347917,-4.700600484177282,-0.14955517467821566,1.6485336060191966,-6.300017468029765,0.5592399342003719,-1.4524352714842284,3.2230673823992397,0
8.562540470020068,0.6740632701350431,-1.9847533661858037,0.25968101106929975,0.8798133088700384,1.2897376618156795,-2.720944420715854,2.1247222166923727,0.13508734654073892,2.42533150416541,-4.218145875762136,-0.0445779769439683,-0.21704111842124518,-3.892368754981053,-0.22982861084655054,-2.339395899389219,-4.023793644235442,-1.4183623813316404,2.3894092422636883,1.7459765869715296,0
8.268246166077978,0.4179624766312838,-1.815834751798885,-1.4506124219632075,0.5844576570784228,4.44556575016597,-2.6384119084911233,0.6945824869699893,-0.666549240446711,1.248525785396216,-0.044970291449619976,0.6759391862785279,-0.034250803236530514,-0.6157974877151423,-0.2363155951599803,1.1302386797975055,-1.8395220482041124,0.7810151897073512,0.18513545063010528,1.5186963304987056,0
5.529688865742141,1.5002345509055661,0.49671838145833386,0.32658810487727297,-0.500398172483991,1.4928790245515642,-0.2726314683244657,-2.8957395489009743,-0.20788137961581415,-1.8170329282587363,0.42182500590086475,-0.7980215466285713,0.4027581226289786,-0.15062024583361383,1.024630794867457,1.2099713261741836,1.3988176557732923,0.1238762265435257,-1.480050579782473,-1.1100391184722331,0
10.727419131597554,0.13440065437308582,2.3864972452279183,-2.0255196044344848,-6.26973505715217,1.371945611827919,6.693967629347923,-1.284758439036907,0.20819790998252857,3.1096840040270695,-7.521493785940477,-0.965791155332508,-1.3904564290994386,0.8375972892948952,-1.4832431155161792,-1.0726343984516156,0.813597484866567,1.3234827789430517,-3.7554324997495714,3.621299670605021,0
0.4530536750351959,-0.46949260765650913,0.2841994257590765,0.07912461227338285,0.8202076515809352,1.480880127802862,0.7232166131636484,0.71460786202638,1.5292089324995042,-0.8547125300358116,0.30728485138059836,-1.2213860811514485,0.9559936033548406,0.8679878415684407,0.045458455666512944,-1.291360792994582,-0.23606565433771765,0.7451549456852083,-0.6247177635346971,2.23006413819967,0
5.971783244937783,0.19630022623278315,-2.190610724650682,-0.7781542551256654,1.6800316788811664,1.2547827826529387,-3.87306016274373,0.7168116708776155,1.011551707297987,0.5461378065086806,2.1474671831836667,-0.3176895068854,0.9346775778698242,-1.7727933215538687,-0.20996699765527307,2.994791934332042,-1.301401626293616,0.2350590651901704,-0.006471031671844818,0.6171954469911137,0
9.566358485092975,0.8818249454585808,1.014947715392023,0.09161064213770675,-0.10398594870008548,1.3760259596530986,0.2823761423453007,-0.3458415596496065,-0.10892604848255281,1.7840223560173487,-2.6252967948902097,0.17787960202018677,-0.3103765821672697,-4.699876843514654,-2.3355675118158574,0.43579970448239136,-1.078841894788619,-1.8889840061377727,-1.3197426311763507,1.2592776280553282,0
7.839960328795894,-0.7221611766677078,-2.6078747537045412,3.277066593942715,-0.6839471976149274,1.3048372197414286,8.091716241084654,-2.1245900292270807,-0.7845943179208912,2.9475265558644272,-8.03973875720234,1.5566313576020385,4.29322722494418,-7.42129068455098,0.38724898084016846,-2.3899965049694516,0.4276558066136169,-1.2043376717299203,-3.969436330309256,3.1996176634479623,0
6.053171849908736,0.8790977408872663,1.6524446869037568,0.36828683787046135,-0.9409013820676027,4.246083490909458,2.4946160767941756,0.8419575756520543,1.3230457910367701,0.1085739437479063,-2.172995141467304,-0.32618686377533507,1.0213280563222429,-1.6949010910485305,-1.5740402018454642,-0.17891325263588576,-0.8604828922644782,-1.4538375724668815,-1.1165586501215015,0.9726568427406269,0
4.776264452455285,0.5098991431534154,1.6704792410590812,3.558235007469105,0.21924106045465952,4.185335668864787,-4.28806954052677,-0.3023512369998338,-0.1459757600002452,-1.0572839606021947,-0.2807967923040207,-2.6021688028914793,-4.328176844551683,1.3002411744233122,-0.8007061656386013,-3.0728079050009702,0.39851400318217167,0.7079263186002833,2.4119109320339858,-3.9605717025537213,0
6.413513387627706,-0.6879692222977807,-0.7534920582476605,2.1048937860202375,0.9356749370098998,3.2408659411690133,-3.444170030495732,-2.0326357986401935,-0.6794315615858262,0.3142146151313956,-3.252558865753264,-0.36872925330802964,-1.6752634230354353,-2.7012697972070914,-0.9572107921657528,-1.5055542050129267,-2.137422723863229,1.0505984485639606,-1.0069884612928455,-0.19396395866919963,0
4.164563096445567,-0.4751640056170291,-0.8225394829432718,-0.2052633009505338,-0.33473122278243406,1.5603298509452008,-0.0070517974003927305,1.926412453058476,-0.3077562258084259,1.3095063654185348,-0.820503122129999,0.2431820217429136,0.6082114946663042,-1.4160744471684996,-0.024797343507263637,0.9084814776336687,-1.5251965458114438,-1.5304701500750502,1.4218958251075544,-0.8994680404101248,0
6.994914172635978,1.9122390166532417,-0.30823669193999453,-0.7895000948810057,-3.239366281875469,3.5903475332160957,-1.2852754897964067,0.41983350000370834,-0.31931908290306,5.477509388631916,-4.245101291393918,-0.7340142295565729,-4.463904915654654,-0.9154200468633995,-0.7461492596865292,-1.1536831073455338,1.405078931009343,2.3358661146315853,-0.37640725302847977,3.264056051328191,0
6.576795206948654,0.9783043824196664,-5.257464631546827,-0.7268617890502971,3.5123836191331206,-1.3371167986397543,-6.370517868599859,0.06989390065508094,0.9544481451875925,1.2161129871166305,2.4925708273627802,0.4536518296585289,1.5930898294749083,-3.529395003412831,-1.2040360247154285,3.556039425452432,-2.4004244925202443,0.4448001840101308,0.7587629536611245,0.3079117643748692,0
3.8534603290562437,-0.7304248121630577,-1.184976469478172,0.20448292783437383,1.2276502333307895,1.8837789187302323,1.909653605285192,-4.083965945435963,0.273147397061862,0.17133272112184872,-2.935776451354705,-0.21398730003138774,0.8389373739724353,-2.7455020061092354,0.8989801457825469,-1.8976087287804928,-0.1056199670126512,0.6460558797355129,-2.8145892799950385,2.3034743049713127,0
8.269116939224007,0.47472859411475465,0.7518135436404066,2.505513461451941,0.830417219908872,1.6319349759305575,0.8307296661966872,-1.9933373051662193,0.1904600762987684,0.6203608698736569,-3.2646851588719454,1.3987829507342573,-0.8723593311458511,-3.5144276300371478,-0.08933873964835644,-2.800943169703487,0.17548292345435867,-0.1195534984169574,-1.7621795315029485,1.1107850990102635,0
7.891526581535707,1.1705967336693965,-5.700670230795838,-1.4477490169323677,1.301759681714957,2.8833944945928787,-0.1121521723354736,-4.274496197656359,0.4257682086330093,-1.3093096885115352,-1.6190553478220742,-0.04514138369694068,4.935173883982397,-1.5135280414028192,0.49836898270927943,1.6156586392640495,-1.606518927653804,1.8895724874623336,-2.741277765920122,2.512392473185245,0
8.189582423982802,-0.2336096670020835,-12.139082898904281,-1.9322745884845602,6.442278450176089,4.060863576457672,-11.081644673169748,-2.41707853211641,2.4518603174095785,0.7145945179761695,6.038134759086694,-1.773488899390177,4.36388469981185,-3.736600687980265,1.2482391942568927,4.132358219078642,0.08335518337787384,2.549501404341509,2.5733686957791924,2.619373899138891,0
6.1947163321694845,-1.0402785469171036,3.8296916249716113,-0.2891704321097799,-0.8091149843800407,1.5487532582548056,2.656857437494659,1.2731583472909886,-0.8444363987116744,1.6681620364040715,-1.9064579936468695,0.8256513372740681,-1.6259172491668754,-1.7897846514214109,-0.15946321024911383,-0.5852130306794713,-0.737362883439115,-1.1789791413248298,-1.949940996501487,1.9330136774458877,0
3.69316852710691,-0.6446731781743715,-2.480338896504991,0.14959039214550507,2.2257571426302567,2.5409670342513437,-4.907702127809718,0.9536720849912492,-0.506008680568354,2.74152995990853,0.31719677868804264,1.6375835017723142,-0.9088529924791882,-3.801360270132021,0.05157475520202223,1.6917892079845653,-2.012269836790459,0.6437891057285716,-0.12193694793500787,1.3600946236515088,0
4.6049264968354535,-2.2981082289382226,-2.520550503315855,1.8752800906439124,0.4968325619579044,2.5173305746082346,2.010402516721797,-0.3174798123954392,-0.08947323354649499,1.642783931355885,-6.914367435161789,0.01619007376182185,1.5887475251476233,-2.850003821414461,1.6764142707328533,-4.933917217505826,-2.4570875478213035,1.6187888284292407,-1.685021610427243,5.033852210342288,0
9.31908540152535,-2.2386268544179457,6.21132172828012,0.790012119201355,-2.269148981012722,1.1314955951924563,1.6834964729744695,1.5513442374365933,1.7376857083376396,1.1679827755717098,-3.8258876950867386,-0.5168110443546653,-3.071441671353739,-2.2318430157555196,0.5385963734154078,0.07674795332093431,-2.5122038712358306,-1.6471960968926278,-2.754753945762129,0.12427802951438029,0
6.986398353915198,0.18265159110595816,2.6808927351964797,1.5505365122287127,-2.1187949067372216,1.8079637252153575,-1.4245312556038001,2.2945298757241517,-2.3303360679956127,0.7338847153279362,-3.4791828919380885,-1.0736292562562553,-3.291538019987502,1.2349972395291282,0.0404228544583651,-1.7269583378511129,-2.567665876494824,0.8098075114632506,0.3031446653983694,-0.8808591961501328,0
3.886039105180069,0.6743017272847524,0.07670820391757265,-1.6335142597612076,4.505582618801044,3.8914853725845866,-2.6269411843975883,-1.5894257223696795,0.022475597731933483,-0.9247359361442673,3.4600220004991833,1.1570556879343097,-0.22799654798470448,-1.872686723581153,-0.4393682433849448,-1.2184766688993236,-0.03961720655250833,-0.8459549809600062,0.3183189971025244,2.5723753569960537,0
6.649255781473217,1.03978369436312,2.739467467259247,1.819829877513882,-2.7782830635347153,4.463774509337214,8.038513348262356,-0.7030914918191229,-0.9118220109793086,1.2200688579306067,-2.7443855994182615,1.5242209778001414,1.5048690226481916,-2.8874655016696114,-0.41020708394969074,0.8499659466163256,2.999055618828131,-2.0277601810583983,-3.458273352638035,-0.30685474232523585,0
7.131202096428799,1.4103567404844541,-2.000466213635536,-2.330658504656859,2.0442424599755586,2.927438497957827,-1.6175335673446762,0.6601206164522775,1.0879575949199938,0.3071079177106991,-0.2709940962163287,1.563910096492009,2.0495713978549035,-1.4781328910834208,1.1816945290660101,1.9976762820199392,-4.7994358165856426,0.3865569421296754,-1.5116815319976846,2.5324227619308215,0
7.0333293290933145,2.0118344861006414,0.8133506746708694,-1.9933311743036919,1.2098022626387421,-0.4278771719722285,0.3329762430189322,0.20886851656887706,1.2168470888613383,-2.433541462912174,2.3349278432074043,0.035994280941938885,3.3045381662808295,-0.3887260269710417,1.2883042641218125,1.8729692076104043,-0.6412153957302853,-0.9564309087900484,-1.5839890576803435,3.0488629388036226,0
4.602472163156595,-0.9509030675471917,1.3193792364200485,-2.2990522713949497,-4.071206031671002,2.2703314878721357,5.597187406208736,1.801129563166016,1.9673909751831227,3.268531750788125,-4.824654549319011,-0.3651265406743017,-0.3046113214303747,0.7747886005558287,-1.870112888481786,-0.11417200086751689,-1.1511663615842103,0.13482204635017225,-1.644321138817677,2.602448853497767,0
4.79777294723362,-0.6171580493098426,8.014398120982692,-1.216374141402623,-4.481610872702582,1.990834608708974,1.2499304218697032,3.9097117680114954,-0.7905929633434368,0.07174003869498413,-0.17500577724659994,0.53215618332322,-4.329948515154786,4.0148127724088685,0.40707215640703376,2.440654061337617,-1.6876553027689793,-0.19756716115053807,-1.7640501184003932,-1.521632260605277,0
4.492046791268297,1.6798841477075936,5.067004103031734,0.921607258653004,-0.34291066822281024,2.8479612867842508,4.541186219409039,-0.9931099101027991,-0.28662168533275145,1.5754991679284718,-2.4224252270484405,0.20047055954242063,-2.1548936628127517,-3.1707665060548957,1.240212436813569,-1.8939511881134128,1.330225895002596,-0.9623352557091847,-3.9893166828404585,2.789921667699455,0
9.495302066821315,-1.5600261066430936,3.630115707108336,3.5454921561634456,-1.8632864368418427,3.6080617497828884,5.251836848219067,-0.00571487091436218,-0.039940022636219624,0.6265920648549888,-4.8824171779786445,0.6908765398370366,-0.24514610542414195,-3.4926556238114763,1.3495286850099453,-1.6432844870222745,-0.07492597242933685,-2.2253582428206444,-2.305787325446158,-1.3317285130182506,0
5.930598860731315,-0.042371473470932904,4.573355532623247,-0.007866404426361662,0.2594605419492033,1.992537210149009,2.865015926524371,0.6080200098254211,1.8471835769952156,1.9102498416263545,-2.7122611753407515,-1.3171279056107779,-2.3457350696102717,-2.8448511252546376,-0.6475330736076818,-2.150778919663507,-1.191501657011794,-0.9989994709242948,-2.881202144845747,3.3660942863811485,0
8.814571523913353,0.5286081947525068,-0.32456794265985256,2.434094398207587,0.8899740352035739,3.557994778280265,0.5983747895846508,-1.2444885285202436,-0.25593266037545115,1.4727463437876287,-5.423047014740738,1.0907482170605713,-0.2523714832883214,-4.847387632315549,-0.048820445601059206,-3.3168643017226445,-1.899856166515368,-0.42593054843033384,-1.486526327938059,1.9528690397433601,0
11.29564400688181,-0.058301726104173134,2.67820431685615,4.641231093470148,-4.598087172974905,1.7206718245301922,5.7807410218491855,0.09592247799442255,-1.140122520590242,2.9023917482212465,-4.64188664462428,0.21393297747666284,-0.7858123039113326,-5.096885034450534,-1.278712599280267,2.1924335158262793,2.6388408071375147,-3.6054203479897544,-1.3416381108417217,-5.9587338900834395,0
5.499642177604133,-1.0199139725206534,7.35173612830696,-2.452382556836888,-0.7217031921379695,2.1948736762385703,-2.8575403597253217,2.642833473535882,-2.3736318960737184,-0.3054734840411961,2.2135616675926877,0.43449921154669496,-5.065813598387658,1.8593997923864167,-0.29601661792854417,1.3935503653929988,-2.248811974962474,-0.9294190859337098,-0.6236800146044587,0.28029318237995393,0
7.917511797231894,0.8646765072290512,2.325796120848859,0.4683836110178481,-2.4115265173733236,2.2348717557384217,6.102650048567872,1.738943632370129,-0.7896361996965487,1.5287731929139081,-3.404245958645727,-0.6969332410232647,1.5650950659469287,-2.312353051774783,-0.47508124127719126,0.19880889082145292,-0.01130026459726774,-2.156044975436734,-1.9121428200414896,1.2548349502740663,0
4.439862838434658,0.7717838612897227,2.0804768026162614,-0.3736656507750542,-2.3337233220705,1.3718555770586027,6.432484487943423,1.504873005783523,0.5896015398143205,0.6128661491383787,-2.272502645455755,-0.9607392314652979,2.1356552387774754,-0.14385709355243564,-0.4108821849428507,0.6618206180153874,-0.016086326847111643,-0.8054539158289213,-2.710918108176205,1.904924193139803,0
10.082865551758116,-0.7682677029548609,-4.546766379852073,0.037401495843962795,2.7927030266417034,3.007254797569746,-3.6447909790861908,-2.0037042274093144,0.8270017541339574,-0.22402129852143138,3.5134691868938632,0.8357298299044529,3.492198313240635,-4.277969007482174,0.913353223448676,3.2687891741866246,2.40600909690576,-0.3010553297580669,-0.25530055127426043,1.574270338660786,0
7.421085356778617,0.3157085414064428,5.71008144557425,1.6967811822036454,-2.2695001539595245,0.7462441170567273,-0.7936140724241748,1.595364095089169,1.1291626145619327,1.046627883277703,-3.2769629379803167,1.421840007638047,-4.511307173049251,-1.4857020507514016,-1.2365799590770725,-0.14957737765530632,-2.3409842963961034,-1.3729722608328434,-1.025148794923464,-2.1581067926315884,0
6.323888632769389,-0.727069138786534,5.92903007069479,0.3445041191399125,-3.6758219935402128,1.987436768023786,-4.6294745388109915,4.755774270834534,0.5772805493155644,0.9524496952385838,-2.1349047390828986,-0.5497619904591692,-6.689610914108564,3.21675930323291,1.740860266977501,0.6172195342756217,-4.521069534104846,0.30073960982663084,1.4265281243862251,-3.4505554928117954,0
7.896393079969155,-0.8277719562083803,7.085491796190956,-1.036942583285068,-2.153257921935694,2.531484304071481,2.5904678682270568,0.7563761607249588,0.759018715841735,0.785545510467871,-2.340066219371908,1.239460591951389,-2.991901206354088,-0.6970547211371854,-0.03301912413769266,0.6109777833403762,-1.5045751401853913,-0.22356054317298724,-4.808705513784931,2.9010753739418624,0
2.85479920140432,0.5300750695919215,-0.31046332674583743,-1.4088097621244233,-0.12296048478354837,1.4375790724539477,-0.9246368745057001,1.1594682935202059,1.1501000453335144,1.3155523207897155,-1.4207486541642143,-0.9950321790825924,-0.6566180514852993,0.11967506563877647,0.3481247990817231,-0.5862403478204008,-1.9705353228875044,0.7551826894763355,-0.028096004620264514,2.381330580891814,0
7.469374613934707,-0.9347708324007801,7.607481619114724,-2.314142825788231,-1.0218770188898612,4.201102078204151,6.962256401350915,3.482047779819526,-0.8380750749637154,0.631229638242981,-2.1126440897383434,0.9327659040631021,-0.9842470744978475,0.39287096954750605,-0.05531784661611735,-3.1781456603795943,-1.5168542513486596,-2.119113025812314,-2.5158783673356426,5.80574554292498,0
-1.644481558716187,1.3033742995909956,5.473897178468529,-2.1796132269575246,1.1199359655487324,2.0124540762728045,0.7454043510324031,2.2243095744657655,-1.2680502658423967,-2.5251670609933448,6.495297623784209,0.5707262876469903,-1.9729379053828526,4.466797391165049,-0.8890751812708477,0.8500246958413163,0.6362173699636067,-1.7541262841373115,1.3803829445270306,-2.0972026463112283,1
2.846097607045978,0.6497268983315554,1.5771561501456623,-1.1202876211581168,-1.3437330653721271,2.179219585721637,1.2787515789741335,1.0041635609537556,-0.7036162146467192,0.6367726637099598,-1.5873129593440576,-0.3845024825295721,-0.3749427418212037,0.7574721918994661,0.7497374220585732,-0.02080757769738728,-1.0606183785251027,0.7974973448170602,-1.7063266706848639,2.5189702839720027,0
7.002656388602595,0.5579485629961247,1.2356019742435043,-1.5929516415377485,-0.19057352510675285,0.322474736721991,2.829538705423041,0.5463299449575906,-2.1071094730224056,1.8783252239590231,-1.3607764769711264,0.49492273706172923,0.48215235091839137,-2.126376954605042,-0.133994328605119,0.6499803268857354,-0.7837088266866656,-0.5564676147122636,-2.510451832243084,3.4141880450535127,0
8.162825636405044,-2.607941677793107,-4.522707041600358,-2.5567225154367668,1.0877757057267445,2.8813158651362905,-3.914083526147022,1.805367725030322,-0.41100429950934636,5.281933315852283,0.9006484555297556,-0.5937636110679878,-0.005757870212219629,-4.225916312980513,-0.30153795972675934,0.72204620086279,2.0966651854870357,0.07005662790469103,2.2219678277976125,5.889479166061556,0
5.592169398699704,0.26315121257930296,0.1865130444270793,-1.137983539171238,-2.904037732969651,2.6595398684212515,3.710833077091546,-1.0631539410275108,-0.780231231294167,2.9142300123367004,-6.791424559414895,-0.28035885771238084,-1.1705192401729758,-0.3499734862029712,-0.33769341256205637,-2.266429517941777,-1.5802757708575599,1.7072362223704838,-2.698102230974382,3.506129993918942,0
7.182811341765011,-0.9926038484423895,-4.803652065248806,-4.872542640387584,1.631321580700319,1.9748605730049849,-5.796452576840688,-2.5471163684133007,-0.21521355492114733,-1.3493334595243014,2.3835813200190876,0.1571472081347998,1.6496445703369407,2.1279050165073903,0.7026891732913735,2.610400232722703,-2.2539713852046677,2.5876723371024264,0.2723952205187794,2.5520813175019055,0
5.082083758102236,-1.7858861159738473,-0.8575802074491289,0.24868014298767416,-0.47463997405713276,1.8552304358513823,4.764288636917146,0.688369917786243,-1.0658686452988395,3.7765435311674205,-5.55317781202536,1.0314064071233713,1.7097367047305911,-4.514418421997378,0.35044739680340786,-1.5043524061771834,-1.2050602265929633,0.34313797422362724,-3.613359680935181,5.8521132761875725,0
2.5195668532650437,0.5656834609110117,0.22799457767338022,-0.8313696990817101,0.6246299552784833,0.09366827099183994,-0.3700514337625994,0.1936569554743235,-0.2112004400507665,-0.07751855644035066,1.4946447059998633,0.6159113526138823,0.05093467357271786,0.014889706835389687,0.5966835160331323,1.0437672540094902,-0.15697265095003776,-0.33051226501274833,-0.04475685227292869,-0.06199988829139239,0
5.952666428423524,-0.3674147771014576,2.6935235079041053,0.8965721743155922,2.2751412975218344,0.8873836510431308,0.7770237531926754,-1.7689802332575355,0.35214980845855604,0.4482981957276647,-1.9478651601244028,0.2543741743170795,-1.4110051614743286,-4.082114799391275,-0.8324302836906099,-3.010168907146357,-0.5656184257607257,-0.8500551127150056,-2.5067393197371803,3.2094951879790523,0
4.621540459891039,-1.101753069724625,0.8219817762050062,0.612434602676843,2.4724257450703826,3.2191171407633514,-3.287739635757338,1.8986404544372375,0.6688027008263827,2.1272871276849,1.7021702448809386,-1.8992011334746115,-1.3526864393334903,-4.058538952366597,-1.4788789349529046,0.8119521729464394,-0.2305340771681882,-0.39838078865090676,-0.7877567228388256,2.79301780031422,0
5.388325338407893,0.10257687706869813,-4.966685317284824,-1.2519763619590676,2.0016204845779386,3.296358066146042,-2.750015496831647,0.31019404911154624,-0.42106701802051044,1.8906469656778848,-0.7751269319220678,0.7857526615347094,1.3064453380129324,-0.9958711892657008,0.08654353307891131,-0.6072508742553682,-1.9492567778469687,2.108162871924974,0.4848121920685926,3.65214837868396,0
5.25200431307106,-0.2701957352712775,-0.8057541652192987,-3.1350162717120607,1.6605520442099162,2.8182465312628158,-2.2760889723744087,3.948380946278406,0.17483080269590368,2.434532068306919,1.9150244176710451,1.0131628322143957,1.2825830269106644,-3.1779431892930083,-1.5931113096445528,3.5926102900244383,-3.3448824060697677,-2.092297879935913,0.7150646331284658,2.661779805043118,0
1.3073515470050165,0.32670283115062176,-4.2481509657381045,1.726579591907671,4.922859108460399,4.527286060813715,-2.326993342508077,2.0368029095499716,2.125613208180576,-0.46763775876441716,4.418159751940438,-0.8842984162904857,4.099494263581722,-3.5976755525014363,0.9380980623716659,3.483121946374328,-2.3221304857143865,-1.8116711321018601,1.3355240065007998,-2.7867025609464946,0
1.6557057010699974,1.0384749098526895,0.4550597417704233,0.4636970159105436,0.3811721368148613,1.5105922073115616,2.0038859645185063,0.43122180657293896,0.6871386080945509,0.6301238365527078,-7.061442246242904,0.5187683784408925,0.1620180669272867,-1.7290188124241546,3.0618776405359034,-0.7083128683147646,-9.47487606603547,0.2430570295140393,-3.2608228268283423,-0.8760136316021135,0
6.637896951445927,-0.41813759982686893,3.446668594707936,2.3812933405622334,-1.8381023396437342,2.560773710661999,4.569866173188099,-0.4841288554782004,0.5101311506835449,-0.32483714483014103,-3.940062450652196,-0.6424842315555688,-0.48759521773311076,-0.24010923146262278,0.6321495189966367,-2.3006851997284024,0.26867405211392503,0.5558302784952998,-3.390977020674258,1.1161625567107787,0
4.435597624368961,-1.7802943672396667,-3.9743127824270945,-0.9791618229995502,1.78737474237034,1.5431715040897531,1.15814696045421,-0.8582227069787229,0.13482498294172124,0.16871698233395094,-0.9065362588430556,0.1333536935113891,4.148405612047234,-1.9403751052903693,0.47324661086622455,-0.4258650534485353,-0.6323216376985852,0.7347607535203744,-1.223063277481261,4.410482120460878,0
5.664493631722459,0.7300644114865875,-0.5808383857696665,-1.6833197584170891,0.9064956969183859,2.6953812158078994,-4.408125117067111,2.458198836246643,-1.258912472090488,1.136943584393172,3.3736730493517255,0.16317862290946838,-0.04996293971564536,-1.253749190915837,0.9198213928725113,3.1059420733671477,0.0018116719673562098,-0.3269008529617654,0.9359630390400702,1.923998696814218,0
7.478996389311856,-0.29184597765248504,2.2679886507908997,-1.3858663913670028,-0.9353092214090728,1.5589130207445827,4.192010736681742,-0.1412751546964347,-1.358367610242148,-1.2431233679517084,-0.5521623168101335,0.43010553021152603,2.3880335717156562,-0.24961845702080454,1.9093710609987797,0.876919529218836,-0.09093878588111204,-1.140245376348234,-2.6083646248681536,2.332693827291227,0
5.716988318625953,0.3288552334218011,1.3580278507275325,0.5320746247685112,2.2369911912111333,3.323253308515091,-3.068513406580587,-2.9919612189555727,-0.058403940012357144,0.4643403991884576,-0.9289004709888611,1.2779598509709027,-3.0077648654362736,-2.7428256210252777,0.20733394306189679,-0.8666064828096782,-1.384196234006089,1.2828022511483779,-2.9128884682128096,1.4359978476856914,0
5.1418868302732985,1.6743958199231395,-7.24472263364059,2.1935307813284846,1.7140619919316014,0.2859000405193475,-1.600970836394147,-2.106683901348331,-0.003853192016971372,0.8953895282504487,-2.581887951973776,1.483295286740514,4.066401162264993,-3.968470211211383,-0.6123636384935961,2.06837653206878,-2.3763614056420646,1.710766954770969,-1.6013666838973963,-0.6274205989426047,0
4.312204054857621,1.4213548558930742,0.8128452396361743,3.1683308253575904,-3.500167670444297,1.2010588004241622,12.041057408414096,-0.13006770698466608,0.4117457779935424,1.5448933101544222,-9.585821900881893,0.025474694534161166,3.797679107042936,-1.5747561612239165,1.7569379422162883,-4.936942632033452,0.667773972228074,1.5652584805336551,-5.8791349325464815,6.025117874076051,0
5.063065958320584,0.01282216428134403,-4.2021877292636916,1.804110150425664,0.9948658528448097,3.273275911651376,-0.29910994251447287,-1.3654927597645348,1.315756168078585,4.3751837620236955,-6.693694431951073,0.2445671227881192,0.22250687168580252,-5.5669856417888015,0.7712922904105682,-1.2014003919673049,-3.347160229331447,2.7022396962650768,-3.748022204511456,3.911636488511469,0
0.2349591552838386,-0.2643608583344552,1.7989189200079674,-0.516110237501223,2.7472486840939916,1.5294126224531062,-5.411984767592992,1.5026509560038577,-0.8210956709287954,-0.04001599197971473,2.326375163151151,-0.3905093433294306,-3.82781639977226,0.11717679459693159,-1.248352295779172,-1.656089094609642,-2.236925819016859,-0.9229957287535622,3.026775495397035,-1.039460724322447,0
5.104691492086664,-0.1727996636554641,-4.337591944067654,-1.433408524655969,2.2539570744803985,1.2037452640946458,-8.04956266742141,1.4049707837862102,0.7126365720950482,0.9786496663815712,4.9988013486263565,-0.5046258371865376,0.8924164218672681,-1.516089695723934,-0.769596089855279,4.261970375109279,0.5205305190802483,1.1237456342687369,1.74093774018678,1.6977701639697094,0
8.020907598534118,1.031499662580784,-3.734227833387751,-3.792525212118474,0.6764012119751045,2.629789831155397,-3.582238664931772,-3.629600243718259,-0.572928681164871,-1.4920841058353882,5.404279172827646,0.017693584146232913,2.548736967075892,0.6288493114540545,1.615448215774312,3.240284301239252,5.0954751134182175,0.9277208692456711,0.5652981738033684,2.9818851584220125,0
5.020500889259161,-0.23287237184975748,0.951649535024763,-1.8614112960694253,0.9814736167608722,1.2089217662077751,-6.700277104689517,1.1263406644784575,0.45839618289282336,0.2914506511507273,2.4102540034171027,-0.3205488525339344,-3.32749053183873,0.5144460402165012,0.12253926590740906,2.144947365708722,-2.7125378155189837,0.12234376275020442,1.5107551019938925,-1.2319191883475367,0
5.563202771896583,0.0526410291004795,-0.4856328744252784,0.22767929896876804,2.467511041716535,2.583926703404096,0.9959245474331786,-0.5382418233528083,-0.36331646086290204,-0.21839859250112503,3.086843242551455,-1.7811472839870084,1.7682157149171895,-0.9732915398426447,0.934791072642107,-1.6485727031137265,4.456528148599082,1.3193923020683807,-1.6928568242560424,6.008480542093383,1
7.129349615687518,0.2129133324103455,2.831735359533203,-1.0708411825559199,-1.1314325725943062,1.8169758938895741,-1.1161499169278732,2.44219893003128,0.5368545144800696,0.6588525300158186,1.189705217758676,0.8916015225366039,-2.624050748025798,1.8630881519571887,-0.7379407364508442,0.4896272587487711,-0.30006555085159525,-0.2727920037547874,1.0162942343982801,-0.3503526612528905,0
10.934631108630594,-0.7318106747835904,2.5909543913315236,6.0447620793450865,-4.3768146806444745,2.38314032176051,7.295446273248778,-0.4037664289707934,-2.226345794203558,0.9601592790110892,-6.516339296540032,0.055526060062097135,0.2845401209449798,-3.1887940374820074,-0.15297800724305166,-2.7442895655728075,3.634634637552767,-2.184536937043351,-1.1358646543714357,-3.0143240727519225,0
5.954774646341059,0.6217886674632814,-2.7894271217054802,-1.5281923613107478,0.4946979025648406,0.9641888523181956,-1.5500439196931546,-4.810500397110014,-1.2777057770310325,-1.4955587770028096,-1.9394416877612632,-0.3437930557071417,1.1535853539823668,0.27877648443592645,-0.320120123545392,0.6559056240841443,-2.0650882523657597,2.4349122334081015,-2.6584356465790453,0.9409617242466783,0
8.053220793962545,0.6926435195166369,2.8338932996650823,1.958184580538184,-3.0872541628189967,3.953816510137975,3.6670966986553064,0.7278027301866883,0.07767488674513146,2.279665218259918,-4.866068694749399,0.01659288404729385,-0.990543425326349,-3.2744338915447773,-0.32855566218984394,-0.022781523716769336,0.028647358298374836,-1.5315522287876053,-2.0623224290648494,-0.27749212300535314,0
1.8272459483700096,-0.3063641115835723,-4.002633221484048,0.9430293057706383,1.2143937257671011,1.53046633099613,-1.888106899528931,0.018936923444083265,-0.11725320133502382,2.5686729021977026,-3.8405502384668315,1.8312611354304564,0.38830561371883976,-2.9824656522971718,0.9026064069141089,-0.20752713296529146,-4.036385340938712,1.533735040612315,-0.8460122169926922,0.8364672249233787,0
7.365401951015577,-0.21058414755591276,-7.2045859754670065,-1.0905033378611142,2.2527788018730766,2.501610586993175,-5.467448723131526,-3.420868447036318,-1.1226210500696165,-1.609330427778318,1.9424703340811929,1.6091558485431119,3.736372801183037,-1.2583430840722056,-1.0049133038367144,4.404809310085188,-1.9921252587051477,1.0522139467470017,0.5726336412091004,-2.364702483535955,0
3.6416680742430945,1.823521560063128,0.4655423098905175,-1.0803235058475922,2.1894574039401427,2.279228358714471,-8.045096161130806,1.4963349633750977,-1.721660130379279,-1.8426421452413,3.1460373389639305,-1.1152107452823201,-3.3272196139374115,3.5279954865815046,0.0037127182426709916,-1.4838676987226986,-2.5391859905095666,1.369050107619087,3.5374561636084323,-0.5144886419487942,0
5.145760532351447,0.819961916051771,2.5995630159808836,0.4291604790477721,-0.10246221108335252,-0.04561278323308088,1.0621763160179651,3.0272180340311796,0.4374976007947794,0.5288908578786444,-2.827794455459978,0.5813731652553302,-1.0778606390326086,-0.11447298363094681,0.3688877730703229,-3.188263990550815,-2.9452756414403978,-0.886410962272104,0.6057772882869215,1.790014377629438,0
2.4151908504941995,0.5718458593527694,0.5703552897976125,-2.3536250148011204,-2.9919502094663892,2.068808981086103,5.512846775945911,0.9260410989091189,-0.24954074326747513,-0.26762279185663895,-3.2403550001046653,0.15726655903974898,1.7008237238705537,2.7707583246028467,-0.9930976946240067,-1.6837551065038192,-1.0945401858506019,-1.3355192934393185,1.205608021559442,0.3781927619854008,1
6.007156672782085,2.407775043874257,-9.057318173665093,-1.4292000204851674,3.7317325747450516,0.6951501373803,-8.033797415946752,-2.923777257827039,-0.19072331846709664,1.7296104834640076,2.828953650551808,-0.564379205749672,1.3927778334514724,-2.1563967320069066,-1.2452208287295699,2.0871801961810856,0.6330144574121366,3.1880748183017937,1.4404851153982552,2.035709199057301,0
7.593988150587189,-0.6483432973251927,4.087686784582342,-1.0872178048489367,-1.4953399189322163,0.17442716845125494,3.210871335692574,3.054388890108454,0.5701179650557039,-0.5194965810590055,-0.10631912766729773,0.5315333022466355,-0.11599183441258543,2.0594812328693606,0.5438947489367434,-0.558718955162772,-0.7470576614684585,-0.9794953337043736,-0.49346328786509097,1.6235507409881487,0
5.610575392362895,-0.6497237623502465,4.520734303207581,1.3336503712869667,-2.021559955697687,0.9881463301942366,-2.621352380325207,2.7608063481212604,0.39995626457619654,1.0199116721469061,-0.6097132724987449,-0.4931420760580223,-4.966435892925993,0.3046254738626593,1.1198821548072537,0.6539306730870398,-1.5836730204748108,-1.5852098492441926,1.7876226812735032,-4.5048364728898305,0
8.651255278707424,-0.4070669605797494,5.622586580715754,-1.5453543805758247,-1.1993656616878734,2.434904590176516,-0.43533883737988527,1.7190820679094072,-1.4983638859274409,0.46098327756147717,-1.8494085525979995,0.05738154160264074,-2.49681627626903,-1.3114326421005655,-0.7388351631594102,1.386683316853417,-3.7801355218613897,-1.1896710812520248,-2.7338458119736186,1.687246866824143,0
8.05922761015078,0.727283992299124,-0.1031120241069325,0.3502192166557042,1.606016796644306,-1.1326615925741879,-1.0716904027207383,-0.9113969319294073,0.7594731762223799,1.2125301216461228,-3.0830527880961047,1.118890328064055,-0.6653622538727038,-3.6261578064439157,0.10556529377069218,-2.740206812753321,-1.6906761525877707,-0.08488610050823808,-0.9984284813496584,3.5117395231354624,0
2.462413186393099,-1.3123782641423176,3.962050183662758,2.2261899570523895,-3.0772841949854124,3.924441934187696,2.476717587861212,2.6560642082955845,0.4579693560306735,0.7911340394993536,-4.709934119472651,-0.682888482331431,-3.2900577227792214,3.2556536165821806,-0.17739842733875158,-4.165775726466219,-1.121913119646328,2.2466571988342854,-1.1273180161299812,1.1990808744663237,0
8.555890089931335,-1.3965580706961271,3.048458354740914,-3.441625108595483,1.1991435353278437,2.669423303638151,1.5307456337023007,-0.0026189576245965185,0.39862537687474625,-1.3653317113407795,2.713649747163424,-0.3116628965641781,1.921488785892519,-1.643617585550833,-0.015989933094088887,1.449203121460363,0.4601470871451738,-2.5272595770249375,-1.649567664180981,4.296170553652566,0
5.1685312068012,-0.22139012167886873,-1.7248996543229245,-2.0768978672276406,-0.05711423573907326,-0.7983245448703342,-2.97196890108138,2.8872300972525506,-0.4236369548208289,3.36328256727855,0.7251315206340011,-1.3081037513844254,-0.7601019654296093,-1.2759994086933704,0.11418377574825941,1.6298190911038155,-0.5250815369715572,0.1596154863662741,1.4710537895795013,2.666499757814121,0
6.172540802081667,0.7485394807313872,-2.446180733300521,2.3626202864979025,0.1782762658116248,0.7484465220408825,2.8271902924130607,-1.1064074389828655,0.3253167857052066,1.194418290335176,-2.8060463735745054,1.6443072432688455,2.006258121914174,-3.3028003960261274,-0.38069724772284325,-2.1501943543069606,1.8004564605130087,-0.8208518734476252,0.17719119446536502,0.527320440800401,0
5.530647462429164,-0.12851704586398807,1.8467357585790112,-0.9315201631120675,-0.4146351726599463,3.4707627884930234,0.7124913447067449,0.8667968635592542,-0.21451821420057585,2.771802664124535,-2.647988888855921,2.1520879994085673,-1.0981213660909082,-4.121373738358365,-0.4519185655974358,0.2631769527741483,-1.4478790716994945,-1.6533906954114879,-1.4400005051850326,2.649406393921074,0
5.4231672188894615,0.8767657521062382,-3.9675896484391413,-1.332317032262078,4.142385244140586,2.2343349881650933,-3.7041930679356017,-1.3919868336442298,-0.8697551874302575,2.3227191302878776,-0.18622061165461218,0.5000752118391592,0.602432911257136,-5.625150711700201,0.0854441935753559,-0.7676864860001962,-1.6694183977303736,-0.9800870809052502,0.9689806723167271,3.1593721579619105,0
6.6792176539920005,1.4289059099888568,-4.98119463315609,0.004685775893013888,4.542334898439611,1.4364868767441195,-6.623735215703469,1.7308793378116403,0.6668903251923777,0.8582335046780074,2.607136038295743,0.27089247828230967,2.3172860338076005,-3.8975507801524096,-1.1978782143782285,3.114801715683586,-3.837638825957924,0.3882106710578457,0.6050750897872459,1.1919755312368148,0
10.520285594755912,0.6423713258917737,-3.1139062619090754,-2.6882070731869945,1.296200990907093,1.5153354415086717,-6.162887341314581,1.8917017506567002,0.43611211403566386,4.055933117654294,5.0768442626365555,-2.385183610042413,-0.672532052807792,-3.563424643688606,0.9561095748754636,4.085879717971059,3.475985189150392,-0.46828333077304096,2.2978140425727327,3.3673716992270957,0
11.266897585278983,-0.78129336306877,-6.408654386073109,-2.616884457332961,2.2929953228453144,2.0617447639606263,-5.361618084895134,-4.162900760176758,1.3951063965525419,-0.5734345836117631,3.285311952263711,0.08223012435072222,3.441326367573046,-2.4763853280413635,1.0891869479393856,4.375344317447858,1.3198670376256683,1.2873774915299212,-0.5854622419913528,2.0221980586117385,0
10.343634472964887,-0.12419667363491044,-1.576754290218909,5.01680275290892,-0.8505515939386913,4.536739062740178,3.2937124391358936,0.6718890906982107,0.8039299168419357,0.5060483082932564,-5.66332812234647,1.6918026570495834,1.4420432099658909,-2.3646087856692732,-0.20258424446890658,-4.414726932231066,-0.2657167207546498,-1.193647367356283,1.6201043988263364,-2.094127408071957,0
6.482718274841902,-1.2221032075187956,-5.4935597351108,-0.8086583082303972,1.3637182384304087,2.233165816770683,-5.472996970872198,-3.12695610643004,1.4173067535364854,2.2247712711001375,-0.2958843403563796,0.13946786359104005,0.48802073576656635,-3.765969302276469,0.29874013856762727,2.746682215899972,0.08819866422152511,2.398609813598559,-1.4802996519682987,2.3261012184806646,0
4.202287573081195,0.8776195372632399,-0.6422465869991506,-1.9426960967858373,1.6635380673323765,1.468432702692918,-0.4415034125338897,1.0901569880655677,-0.5420998735353666,-1.3838894124960284,0.9492679529364372,1.9121503566495281,0.9786172932578563,3.5526167379848927,0.5513478677034243,-3.119938589455253,-1.001202824346232,2.4465181804806395,0.12040923478015286,5.27041923962759,0
4.721853479336192,-0.7237154108206667,0.16305692382026082,0.5955987597157537,2.0266459744648078,0.1156090106874762,3.1968447895975585,0.6371569706779707,-0.23894027588195763,0.9192475216767607,-3.6402169446660366,-0.7099774010864984,2.3504690630065306,-4.39772729950963,1.7892585578063922,-0.7351230483086437,-4.56010916164303,-1.0481251158410418,-3.2823624410140573,2.8510152165684106,0
10.802916514129162,-0.20113475186825217,3.3687316595108627,5.759721878879687,-4.125676403728198,1.440659746028513,4.687549542275693,1.5354754925179916,-1.3484917527288363,-0.09493028323615849,-5.546372845511516,-0.5401264819422699,-1.4107353855686384,0.4538690810766008,-0.5300335642775071,-2.906595191935227,0.7149060867530612,-0.8089972167002818,0.014493038107681766,-4.6526917390022735,0
2.8452240236167903,1.2012826176708238,-5.700775292722967,-1.329606208586048,1.25367006244483,1.631600194510409,-1.5164879161652247,-3.0893244004352245,0.4532223774894676,-0.3261585818073651,-1.4285602816243734,1.158374189251172,2.9799574944382625,-0.3581525178266876,-1.0038019424302365,1.7218032294524843,-2.85637440219781,2.4222123665274324,-1.6319915294225404,0.6560449175263849,0
2.591390723211574,-0.43843709822187227,-1.8300961199513144,0.2547452758512052,-0.44282051874977224,0.7554150187089665,4.7932435169417715,-0.9750814300924002,0.2871987449384983,2.8608446029402645,-7.086820110397095,-1.1078504706056367,1.919323701625756,-3.5729499742369226,-1.0774099527878966,-2.0680615261269115,-2.8867445135363754,1.2358164523580266,-4.109939509521244,4.78242332535538,0
6.047837710297126,0.5374492237798636,5.985547373537906,-0.30738571896290523,-2.3429583948807022,1.4991666521797906,0.1588309907697049,1.2544778635543354,-0.20147988207837034,0.011161028395038297,-0.7977877942298236,-0.7369854088678485,-3.1649465310440634,0.19181474706025797,0.3398915039010617,1.9247679651339458,-1.4862183629245649,-0.8689713798810078,-2.3028155036761255,-0.9689874849622678,0
1.3977824500598426,0.8330898522631898,1.8568895624589805,1.227501323872935,-2.0273448386613957,3.220531176434279,6.081399720363837,1.7119515265975902,0.9394782414888863,0.1318080197279229,-6.7150888799470865,-0.3583774714809541,1.635289980145147,0.8692672942545656,-0.7332255685189834,-5.428665557756741,-1.4911083642831253,1.6703605410119118,-2.935232433288154,6.337906434009931,0
2.647714904392195,1.8912448242514477,-0.030697688205327266,-0.390527973814944,-2.3424559940211367,3.0113124678058885,4.0620304205486955,1.9400503202389716,1.9819309786157095,2.047193815922301,-0.6113872436122533,0.42179165752197967,0.6965721713982043,0.48961554149618197,1.0535267208607824,0.26041938349774063,2.265168181317052,-0.8322973985982487,0.8051651810992233,0.26901932770301745,1
2.177543408739951,-0.059351671591717274,-5.066441944191439,-0.16018767201365813,0.57662226045689,2.7652866294962424,-2.0520664096004624,-0.28022876526015505,-0.45035033404739633,1.6067636003222017,-1.6413384662278685,0.3945918771524924,1.2656520553247952,-0.43668737494943116,2.1560864021614448,0.5855638250595456,-1.9533046299459471,2.2881218298708363,0.0890339389760304,0.8019383338917089,0
8.249663221018695,0.03735530821939281,9.503268328126566,1.1271262296276938,-5.730509896761458,3.1224014893734093,4.977638276383694,3.9279183708496777,-1.1961775284996223,2.1630277991347002,-3.5841717462376868,0.15828340885037268,-4.071859479612056,-1.497910397247746,-0.8390340799817737,2.811287645154542,-1.2116319283695167,-3.826061432470839,-2.396643760676262,-3.648453515236864,0
8.386117639223059,-0.5578447857959496,-2.058198317504947,-1.2103723662691517,0.10291445931515053,2.6785040700294864,-3.8700373361562073,0.38821857138821203,-0.8648772065338571,1.990860020667267,0.8259176005950385,0.6818424485661587,-0.3039913501711671,-1.8110293094072603,-0.2762506584029372,2.0133730694258887,0.6548087765808475,0.9135499643268877,0.07562954184339987,2.540309263484241,0
10.066595649899584,0.09296355836430366,-0.4679014696740324,3.0433228495010716,-0.016181188612984898,2.441319752131415,-0.005599302119236019,-1.2468790798407117,-0.8523715947384726,0.7685597936106466,-5.478293927455005,-1.3107580464780044,-0.7912472030207642,-2.4598001208723965,-1.0614927357826638,-2.9564738946133264,-2.2027076215746453,1.2606287968828092,-1.8236909969273571,0.6470851880120055,0
6.458290816782862,-0.13381822552023018,-1.9962431101453142,-0.3204022085657484,2.800409669267758,3.2124846802668077,0.6517491339287548,-3.378328006993547,-1.3315411481709662,-3.0472390937269527,-1.4863335842540624,0.6457978466942199,3.3679763865281256,-1.0879478311319175,1.255813191202169,0.18221255829793526,-4.771625018281043,0.0519452861984373,-2.4371742644260284,-0.6537088523282627,0
4.222307004924107,0.8621382974533792,7.145696771878518,-0.7409768910629335,-3.8043190857004316,3.6162330626075914,1.2117808634527905,4.749081015474671,-0.3988046005379969,0.6329445658483057,-3.6562973976892232,-1.8951142296127268,-3.9046659842794464,3.2026900749045666,-0.6155217105386988,-0.800023176956149,-4.230207401767841,0.6503782841892842,-1.9366051847691739,1.7010186444030022,0
4.667667643911146,1.1591686366065002,4.955735579598004,0.1499530135729349,-3.4211793912677377,-1.4810566227930184,7.458067451345486,2.4460757665869983,-0.8562176837652077,2.003045921432003,-4.755298537529032,-0.41482630774695733,0.38934055930061806,-2.169283056563229,-0.8675617374579002,0.20102647621830383,-1.08096366760766,-2.024968195567869,-3.7061344419118845,2.2661230349782797,0
7.218520190648391,-0.2610127754200713,2.460166727220059,4.893781090438805,-3.2333991103582242,1.8550449558229523,3.2700950534768385,1.9495468512000005,-1.0701661076292637,1.0145032231577311,-3.2409393012726326,0.7253545795522236,-1.3736198451313804,-1.840707414669845,2.486069764540545,0.09198395604718534,0.547660409683796,-3.2983504138344326,1.7962304942157155,-7.5874644735781525,0
3.8208859682437364,0.13440065437308582,2.3864972452279183,-2.0255196044344848,-6.26973505715217,0.3398206190472274,6.693967629347923,-1.284758439036907,0.20819790998252857,3.1096840040270695,-7.521493785940477,-0.965791155332508,-1.3904564290994386,0.8375972892948952,-1.4832431155161792,-1.0726343984516156,0.813597484866567,1.3234827789430517,-3.7554324997495714,3.621299670605021,0
10.658911789381637,-0.24038737474609845,3.4593973458951495,0.7323868203501938,-1.2284965052464094,0.2686930953141109,2.9766371626472914,-0.19180143062324784,-0.36294788498075725,2.100863174068254,-1.4109334326291665,-0.772971320210366,-1.0924585570479444,-4.8778520335271,-1.7051104128483592,2.723050042321917,0.20451995537316847,-3.2974346951831373,-2.270783481264985,-2.030323659225344,0
8.806279655984765,0.5769416994185221,2.5872602024933875,-3.656830860573838,2.9902657611132653,2.888254895721368,-5.962166378661373,-0.5328459538821806,0.4808345619699667,-1.7881199239714465,4.199818255409537,-1.18530211177803,-2.0367790698523986,0.26053184337178764,-0.820742945323473,1.4516407144698356,-2.3432398128460386,-0.023000037840076093,-0.5857548433531861,2.659854419259586,0
4.232196849446938,-0.0656517372743753,-6.560817670151065,-1.3675177842245645,0.5014558548841439,0.900556229465699,-5.82805398235854,-0.9729603395403458,0.8671312101306236,3.560894276986356,0.7381118634750384,0.03786772451925703,-0.4004560811559217,-1.1296626166158463,1.6568539602569832,2.124136014558017,1.339202693113859,3.4955301108945225,0.7161947224387157,2.5696249568005585,0
1.1516783573264702,-1.0922645453275028,4.067598986684808,0.004994998320323019,-1.466116240814514,-0.132889219101892,3.753936327687775,1.0147391577426392,-0.8769625500598105,0.23309677614852953,-2.813773840455766,1.0315157835782638,-1.042952276050444,1.0488097444247955,0.2954384683405071,-2.3898620327308153,-0.512239764639516,1.1182672218099152,-3.2286763423965095,4.032091442169422,0
9.057920914648157,-0.08438911659971436,-2.883950244384572,-1.087470317420667,0.6262869589819007,2.9878782101099497,-4.106072927891824,-0.8873686142781241,0.17108178516602185,0.5083348003240571,2.5441174367086568,-0.30100677693298206,-0.08666470191111109,0.3731939879948064,-0.2708206202184348,1.1320366172127638,2.352601739799667,1.8098845980179945,0.8998982535159967,1.7941565987387147,0
6.229162156895007,0.28453195210841314,5.860908523417887,-0.3527072316280724,-3.8487923653283738,3.3926228866717336,17.206278751679314,-0.7329272954689003,-2.134384313931683,1.76003255226537,-6.602333190995251,0.827359435185319,4.87326438741746,-4.022068806258703,0.3551472944528192,-0.70139730053862,2.6346214986596084,-1.4817547680173233,-10.125517804951883,8.662887904580021,0
8.124794387412493,0.7197644311329874,-0.4956664471496523,-1.6773057105942009,1.261049694874606,2.889657643084722,2.152187635529567,-1.4088024509306747,0.9221519699964531,-1.398129683086304,0.9905057018897249,-0.3470772507207425,2.7500433837468075,-0.22235152583342485,0.5614819713198479,-0.7747486019195975,1.0991349447246135,-0.3268615860774675,-1.0308903460579364,3.4965819371692723,0
3.8171131520051995,0.09286389572294872,-6.956503931500299,-2.4939679811651643,3.7291416102297834,0.13910366774719707,-6.930577087496114,-1.4338962146669134,-0.48939986748682174,0.15063247470151542,3.7537256884987444,1.1159488603805086,2.814242509176667,-1.5964881525995538,1.0602776999146457,1.9509817965601908,0.30923175201693986,1.947357222559402,1.3326790716649621,4.050210549642311,0
3.627960850770882,-0.019247442883777444,-6.391746575692028,1.5398441579577065,2.746911353367656,2.687666142585972,-0.23739137929863255,-2.8551468351963294,-0.4908808769097179,2.680565984173934,-3.9436102186958184,0.19698645279166904,3.020822977755681,-6.153889753097668,-0.18799451026665373,0.19244184792672459,-2.26109552863962,1.6710385070930398,-3.0584423328812447,2.6479191992064077,0
4.382243663086627,-0.8200040774689552,-3.3342577652362224,1.103678646596038,0.2849742918294629,2.6252215328519677,1.538994387448524,0.10516129746907388,-0.9748690718028069,0.52262158034595,-0.2507737584179609,-0.6094081962947441,2.491280272009843,-0.9364591823537702,-0.2395047901614673,-0.328243256465781,1.2641621161195866,-0.5518131917913287,1.538861812565714,-0.86142774579869,0
6.143308448647682,-0.008442519523504435,-3.867129876790056,-0.17195279727301016,-0.21084490913561904,2.8099075896023433,-2.646753727387861,-1.8326714031308908,1.2895052126956483,1.6118403475539806,0.1684316421865175,-1.619668471452975,0.0989341606983174,-0.6134771623844424,0.970117125888922,1.174874438876908,2.1895343126853217,2.5541005757315327,-0.4865607453999993,1.5714521092503113,0
4.662915787018424,-1.7802943672396667,-3.9743127824270945,-0.9791618229995502,1.78737474237034,3.876944733861737,1.15814696045421,-0.8582227069787229,0.13482498294172124,0.16871698233395094,-0.9065362588430556,0.1333536935113891,4.148405612047234,-1.9403751052903693,0.47324661086622455,-0.4258650534485353,-0.6323216376985852,0.7347607535203744,-1.223063277481261,4.410482120460878,0
8.760318837651273,-1.5852227623572692,3.4163272713911153,0.6261439168585394,-1.4168436147402916,2.5742131639495245,-0.7550379471320308,2.9674573232457986,0.4449467610576803,0.8608731902147573,-4.069654114080926,0.01055358372537667,-2.3422042702223127,-0.6481352643675374,0.11819993894534446,-2.539389125968928,-3.3130854213968783,-0.7646765492087815,0.37440511485418715,1.5355694097915813,0
3.393687923983557,-0.37106431674041274,-0.39689586396825205,1.1449459883254371,0.8716978953342309,1.6171365584636095,0.9111612406212758,-0.24986408910853863,1.0362139508831558,2.2477028497105667,-5.156981450961948,-0.8096474433506966,-0.2751130333137385,-4.243587453701193,0.32809758279715745,-2.6536525333332186,-2.877171764096878,-0.09061771021452192,-1.747846478523611,2.890289208399621,0
5.604292022666916,-0.1295947672979089,6.7090460156610305,-0.6080645997609062,-0.5041261483846595,2.5828472565905747,0.08738003179612241,-0.016347400646273824,1.6674576104162526,0.054487145994239095,1.887883123205851,-0.8489234112520627,-4.008113557961098,-0.7848138770914599,-0.341912120984307,1.294261189518365,1.0248068590402313,-1.6153995743864726,-2.041092998188365,-0.45274192178905026,0
4.886114625617322,1.5339553346342607,0.23340616083633212,-2.5326868245170875,0.6627896585988491,2.9274202349006804,2.580365434757895,-1.1698040376249648,-0.8555754736654627,-1.6665452194506591,-0.72767420585255,-0.16920193210943887,2.565163524684446,0.6490450256584387,-0.39077678669420657,0.1860121011662409,-2.484386547732497,0.04342567580891932,-2.344832990396151,2.6681778706247368,0
5.33946438932585,1.7035109866589802,-0.19555173934136874,-4.6061725507857885,3.2902833215435745,-0.9473632190336947,-3.2260611881450223,0.40562623345538473,1.3655499280699024,-0.2368529274823239,6.967408410808309,1.1178917155345167,0.5785764654161676,-0.9197534873570786,2.887915877567503,3.3467132717196604,0.6227187946609822,-2.3643901800773266,1.8729761405270957,1.3280267329220414,0
8.161751374671937,1.8234086945332786,-0.28160189704411903,0.1116600226544684,0.9585411715790935,3.17448323288014,-1.1702409325159309,2.057792195897285,-2.187404667646694,0.9598985698978881,-2.310258033251901,0.26739240210326753,0.5257314851203132,-3.3186458930319898,-0.9312530339940907,-0.4076426811088596,-4.028734848360549,-2.498521000698073,1.516355591439679,-0.22551799446788098,0
5.326050056653681,1.9845484809348837,3.5525925043494833,1.78576326777746,-3.457482964243555,3.0352385862252422,4.2864415177633415,1.854527078014835,0.216171594842019,1.1590829954639763,-6.320468764992195,-0.28286071258035733,-0.524216879052442,-1.1221733397330622,-0.6110259856915955,-1.3977253929888718,-2.2156835065557563,-0.3799273367334284,-2.7010202367661202,1.1390549173020088,0
2.620113240821638,-0.18479639838752404,-1.8033097249887176,0.19788063361378783,3.912565384049886,0.6329327708424209,-5.073166980729414,-3.125892714028927,-1.2839152577581368,1.836703438297562,-0.6415794722064514,-0.2693106360928216,-2.107947229230259,-5.646469672870434,-1.2299735011868582,-0.6776406699931616,-1.691687708568475,-0.03455061426530592,-0.7555071771062223,1.2830646281598654,0
9.12148959258594,0.12202989322558308,-1.3088288519190487,-1.352989080756342,3.0036589870928445,1.2226716941098021,-6.9565273069575735,-0.15035224277815273,-0.01819482600694454,0.8907662934239121,0.7373891770785745,3.119794243839002,-2.034657750899328,-2.749204291818947,0.9013651351512043,-0.35544662760162327,-2.842732400488707,-0.5131520126383604,2.0065006669397487,1.1285438853680876,0
5.831555247300708,1.4875768836649454,5.011150628392767,1.8168341696848183,-2.8785710715157276,3.4564964026996243,4.159246983822266,2.2776390959142674,-0.3286355189279666,1.1592989561185947,-3.80131414416491,0.30288223599578173,-2.186092036828846,-0.10420262368970509,-0.011938494514137114,-1.6730052001495155,-0.5829208537396587,-0.9055683841522534,-1.553522448164018,-0.2162697293666634,0
4.651490330392118,0.7392794341268297,-3.0394390032614242,-4.498888215735054,1.5743013996317463,1.2075019791788348,-3.3673154204067646,-3.9142662090996585,-0.31110260293475256,-4.073434473836611,2.750330146028268,0.5407458097399875,2.6747885868019505,3.732636780941116,-0.5646277491320814,1.6181167137672152,-1.6176598277911118,2.223753259673733,-0.5995465773976201,1.9079188194738155,0
6.728466915506209,-0.5280128399828353,6.191437046991736,-2.0692306190970258,-0.12643332056613155,2.039299024790667,-3.953917668089696,2.8835815283508524,0.5386912510234046,-0.18128793610946903,0.9040487362206406,0.24013047419267267,-5.471170111860873,2.876703081753499,1.1286884038886495,0.03731796860474623,-4.211380132401145,0.844210031490789,-0.7886627583486139,0.9561163062558801,0
6.320452284239481,1.3810906519118893,4.9862385019641975,-1.5426110296457032,2.69249268906334,2.574454115450077,0.7881407220407527,0.32620062192130894,0.6513912410708877,0.7810393894756325,-0.6426654729793906,0.23878061976914688,-1.4343483023845756,-5.15942921602289,2.0387304875874395,-0.8560856722228662,-3.007732830091832,-3.363457555622843,-2.3070552232715595,3.445912648252912,0
8.599260399673316,0.09575100602382249,-2.6499547796986174,-0.0438423034834744,2.897663720605712,0.5875185074477054,-1.6763487257467815,-0.8750675687315452,-0.3913802525079257,0.9448882807410858,3.6601400314991164,0.8813129337122766,1.7881056138507345,-3.651850305731282,-1.4840309339375157,1.11317262951807,3.486459700378184,-0.5479204086657017,0.17722476251180574,2.6300453255729117,0
5.842220967871127,-0.9768768409163778,3.371780898318389,-0.0235295050046328,-1.8459510299742723,-0.052326879260761516,5.396429455215044,-1.5659324684257832,0.040245445460534705,1.874903552863393,-4.406037881200432,0.9630534534142474,-1.3138123534936432,-2.2968122023676676,-0.5296344547701439,-2.592083297537121,1.384938609970873,-0.6923894976567084,-3.0890513726127726,3.2070426393101648,0
13.964631782924789,0.14025630724389218,4.146353910013228,2.1552185170943883,-2.3199827830776467,2.899475003372982,2.3875733660804928,0.32244309387414094,-0.38160216917469697,1.7336360551014602,-5.1241740302354595,-1.7002787249637876,-1.6441046344543702,-4.749022978083752,0.02793666232599127,-0.17589232517646802,-1.1108900883417776,-2.464938516294116,-2.3433816791549438,-0.411507378992305,0
9.388653815156902,-0.18663832010467138,-2.894979237786327,-0.7051657496646351,2.6394381053555143,2.9355015876527633,2.3670187330393158,-3.0177798073363213,0.26071072704207443,1.699680853366693,-0.2980078343621404,1.082295229480306,2.980950620728907,-5.8458990908610335,-0.36941702821212263,-0.16179503144739604,2.0109974696806057,-1.3654449329477023,-1.8128364019737329,3.8886164058604686,0
4.251075182961671,-1.0086498431492326,0.7602105384286182,2.409567971992405,-1.2111246611465718,0.14446144454311471,3.5996670986650527,1.0640000983492381,-0.4540865820368792,0.3204631662062307,-5.283480520190364,0.3171014808554941,0.48668894523596706,-0.02857353431548115,-0.45612519948599173,-3.8791997557258906,-1.6452742181785376,0.844677491897911,-1.2842682198197162,1.7327236462944502,0
8.68631314756334,-0.1912039052342769,-0.5358506353579815,-0.85586530376571,-0.21018594598897145,1.6971184917187636,-3.1399303226573556,1.6717410238422543,1.2222060339584386,1.9289278207009626,1.459277543752482,-1.1954327320531333,-0.5263695426949746,-1.674130856878367,0.7718657410167896,3.8493568857690774,-0.5487966994220494,0.28628089480019603,-0.6423227330087202,0.6498517368967861,0
8.89040266710866,0.09444239756228406,2.4199509544641566,2.375426539440509,-1.1755460080121567,0.8387089399447898,3.8258331126639264,0.08111516480028813,0.21386864985702578,1.561231934654498,-3.946678477566659,0.9599764683401135,-0.08189438315615916,-4.722322407189949,-0.23490853480270818,-0.5823440481744153,-0.14373540145177266,-2.801607885083298,-1.5276760696617737,-0.8623193344964197,0
10.561686108360737,0.01842553162581084,6.9726541724031375,1.2007621167953588,-4.261100894929003,1.7471513737860227,2.612787744883945,3.539096879380018,-1.5530971504034992,1.5546417255840357,-2.7495205941397507,-0.25247912138104667,-3.3104444527152883,-1.2633040539422633,2.295533516262906,2.007273220638688,-1.4422949751015048,-3.315424052182352,-0.7224613539845488,-3.620832526454324,0
5.486525906785839,-0.9798266123941748,-2.5391641283073554,-1.381388478346953,-1.0524228351439295,2.033502144207507,-2.5412604032077803,-3.4286570708126876,-1.1959124871830766,3.439965697837807,-3.0188299034316315,-0.5973855929661069,-1.755227682996599,-3.2481682893843766,-0.32774717421638144,1.675845707399653,0.2769852130196868,2.035274226727954,-2.487490577328864,2.3437595197106083,0
7.097391497226271,-2.2981082289382226,-2.520550503315855,1.8752800906439124,0.4968325619579044,3.453200184923337,2.010402516721797,-0.3174798123954392,-0.08947323354649499,1.642783931355885,-6.914367435161789,0.01619007376182185,1.5887475251476233,-2.850003821414461,1.6764142707328533,-4.933917217505826,-2.4570875478213035,1.6187888284292407,-1.685021610427243,5.033852210342288,0
8.556138885929915,-0.4837268942022966,-9.909894157288932,-0.5165183513797598,4.425984563299853,4.613398274820911,-4.584165213949698,-4.427717643821859,0.7711031512082485,-3.196733636783023,2.1162682434673346,-1.4703865149877051,6.691783107574339,-0.31401922601435717,-0.6383433436423416,1.324075613270956,-1.0489668914581802,3.281233398800969,-0.2111082782859729,1.8950524100228312,0
5.3479421545520776,-0.9347683636848021,9.176183795091687,2.161603660172616,-3.032630244766625,2.407968653298176,3.7342513131911583,0.35930624433536373,-0.539164912976536,0.470067020561316,-3.504609830373426,0.20047977191910205,-4.0010258899536675,-2.9158375934985714,-0.44594211672758505,0.28271889071439227,-0.37767321140538,-2.702952666167243,-4.092425547502394,-1.488637197984256,0
5.5543964814588795,0.3012716752338128,7.733855595248037,-0.0693236545798972,-4.519594291488531,2.927337595698021,0.7395083913305873,3.7224143907067404,-0.35004515806959224,0.03464808942237807,-0.2826110313419021,0.34273202597152946,-4.000102250803341,1.9912701025334334,-0.11152561672776559,2.2269219047393802,-0.47529765381687605,-2.101490951296692,-0.10719822247670963,-3.028027717664378,0
-0.003729440061132072,1.255677858666355,-2.295074428051002,-0.6338340949230579,2.1828265236926887,3.2424132898973346,-3.2286868582155352,4.072493907185374,0.9928202673376674,1.9140856952440592,-3.719652752286134,1.055430638170393,-0.04174438841904682,-1.7142300565886675,1.517334033869279,-4.013206067387277,-6.356104227079741,-0.7094779391537892,3.5374125267331546,3.0161394076385286,0
7.104866005655158,-0.692993477972253,4.592419303124987,0.3672841299464168,-2.6448779792221373,0.9098350448098005,6.531935667363036,-0.9632636411769109,-0.47787590807266356,1.6763029986743,-4.827052724845291,-2.6757413370120826,-0.03822002300444971,-3.406106678767196,1.0246739681883223,0.45257708492943083,0.10673811116049503,-0.5247714213514221,-6.314067350790635,3.5300359845263776,0
6.946320053021724,-0.4906557450821949,-0.6979136563914723,0.9787304158984615,-0.7041650284895697,1.2436104042310916,1.1037610678946475,-0.7044195268988982,-0.20797037749968025,0.4907131313071533,-4.779694514520798,-0.3535570881142736,0.6731402077418636,-1.0254420811529317,-0.23554842726046343,-0.3559918940661795,-3.597228942782703,1.7764237395611615,-3.218156356834683,1.2244363088748176,0
8.159710017643263,-0.9580996860149408,2.938923031920858,0.3681921755572418,0.22902870004387643,1.5656966015689924,0.8517548935701303,0.4157155016168572,0.6551942090802428,-0.25799279605038317,-0.2787205659760165,-0.1723308998535303,-1.4411983015069354,-0.007806080917039296,-1.6425500682949157,-2.3594334173969735,0.7034014517394427,-0.35358133857296703,-0.42225186249602276,1.820356396319902,0
5.061525805661402,-0.45439982193981476,-1.125052899068436,3.5926779151986077,-1.2209989853392291,1.7680016044876874,0.3241675247987915,4.7839998446541445,1.266930332253196,4.872033391472673,-1.831257960661099,2.0109871781197803,-0.5854238042897384,-3.213988627240737,0.7435294638267997,0.44536961016409293,1.3973003427551403,0.8691489314383379,-0.24486080555440148,1.6226855262537965,0
11.942426929269777,0.3346375043058726,-2.319210127121721,-6.226623126841887,0.14788318757416397,-0.4588227905379447,-1.5078899022011707,-4.5676728950130006,0.27341767396141514,-3.3189942082324997,3.1059871910286665,-1.1904412462078617,3.027977036604034,3.8317814530756777,0.1227360244922728,0.5748051723545033,2.7837575166883943,2.461413613656584,-1.1297955471916163,6.6907198448591965,0
6.167657392227319,1.1524184125694077,-5.023470863959657,-3.4054316898535295,4.307366853947683,4.341870289330805,-6.151853222503383,-5.71789096568291,2.4848486029987997,-2.8981827295727767,5.029620493188387,-1.4465066266372753,3.0397569589528537,-1.0172285172749782,0.5261691701086294,1.7299087370212045,2.021202839977846,1.8468048346505703,-0.7348795122931573,4.338104987839237,0
3.6906302459269824,0.5837365254547577,4.630566465185158,-0.16256631879178962,-0.7289137904530573,3.460618882357738,-1.6474829586750335,1.9047906659907134,0.9851991837563067,0.8105004825607867,0.3074463172839051,-0.934905376858261,-3.028725009426791,-2.3949796962568635,0.050383738009770446,2.812515135514279,-2.4500834909665326,-3.2904257207898215,0.20899212263002442,-3.474138567034726,0
3.8218232766516076,-0.8043974133865236,1.2260407474529507,1.8286167389047057,-4.039605839293655,-0.8444999521018293,9.240141879170421,-2.763518434534629,2.4760667965370873,2.1147332099831484,-9.1061850487508,-0.4576219427286562,0.10322085684421001,-1.1060857096097698,0.5727243599854366,-3.4606590970153217,0.14853436380284535,1.0087786589155041,-4.541865702510039,1.301353044954557,0
3.3968864345566243,-1.2111169457615927,-0.47661238851713345,-0.17682321580323512,-0.025421499051317964,4.442349129962187,3.48322792724262,1.686580865308473,-1.4391505468627903,2.1015256370174855,-1.7974064924362092,0.2692109518821542,1.2822999036783653,-2.2046421944230947,0.5301763904123421,0.6252280433832711,-1.9157369476489277,-1.7235723640272917,-0.26308383797231405,-0.3194770001109334,0
4.1761222947753955,-0.6703678812480167,-2.4011744408835494,0.5300527959771315,1.832454909631012,4.755758578837099,-3.3275524201392708,0.4556833885025946,-1.3736662309303822,0.8334277524770959,-0.9697093570882291,0.07354575013152251,0.11603730762718267,-1.6058757884008932,1.5113156193758845,0.9153252646188881,-3.8428244670168508,1.2990834995932894,-0.6885110440278528,0.11252840059315022,0
0.640684548815805,-1.0338422676165464,2.882001917051935,-4.74923099136196,-0.8885363819607992,1.9658018833828943,-2.187977839984371,1.9951889112552093,1.1364648624270297,0.9734447322947428,3.1993126477271328,-0.3749192062855303,-2.095374610475808,2.0912796484397456,-0.25687770428982853,3.56199253845626,-0.8281504400149744,0.5242509439316572,-1.0410923475375073,2.883222371552814,0
5.282734948783853,-2.5050300281852205,-8.60607777304752,-3.047341289129461,-0.09978251225985635,2.4673770853525765,-7.628179047345722,-4.400834028709962,0.44408989516150116,3.3513330058410187,0.40677872890171496,1.5599537380814528,-1.3353762470199841,0.1674607931860736,-0.7441553626410383,1.9310379523873191,2.3337311899627213,4.637814427903976,1.5099538217597557,1.8867181960013553,0
4.2161841110984115,-1.8134362816561438,3.3815854679152912,2.6965410843428907,-2.8889037675267595,0.47024846580701096,8.84232398844582,0.7686767987550378,-1.3717001327580591,1.2976393890937448,-7.4680196558613074,-0.6803418481614731,1.4645918455283757,-2.6561809181494014,1.067119611302675,-3.562196568247041,-0.14432733774045037,-0.7888678660332747,-4.145836383494134,3.510718460973713,0
8.44863450694826,0.1556766775489291,-1.085699029368476,-0.3802018696649324,-0.4442820194318222,0.9437407246231313,-2.037483880084549,-1.019548840312766,-1.0938185658683734,2.503206750885758,-1.4438306005775672,0.05209922578826501,-0.9751583619488318,-3.4117940828303137,-0.5890200272510453,2.663713598023988,-0.8024745703630908,0.21594142615465572,-1.6286950261316986,0.23444333150616073,0
5.127838978968393,-1.2682250149401457,-1.1270815588942615,-2.0360198725155163,-0.40626247694225515,3.5817489902094937,3.834221963106818,0.2882855062146874,-0.8386271078042209,1.4574637027250612,-1.133555194284665,0.35138346052564434,2.6028809721858908,-1.3472323216474174,1.4068466320111035,0.8921515255895038,-0.20581448263863045,-0.6006232624008994,-1.4705464504618029,3.0408312660530408,0
2.0139460767490673,-0.5163818607297157,-3.240432648017157,-0.8734643464912333,-1.5007518998354472,-0.5028943729616746,2.5778799131053978,-1.0592866277286659,0.19568911687504037,2.668884448274631,-4.442718046708407,1.858943869680304,0.8618706066242031,-1.081829783250904,1.3432861546950108,-1.2683785778274261,-0.5315319628702786,0.48818771931843474,0.11719295789739692,1.23872012303216,0
3.6744853061941063,0.47447816888520133,-0.3486294573769133,2.501850974204938,-1.7840738298939125,1.2529857883702828,5.690699189763277,1.3405618300134508,-0.8765725002783515,1.5526854379934427,-6.273437471171034,-0.4114620615786767,1.6664733319811202,-1.1356970273612175,1.0991107383282233,-3.9759733689634706,-0.653653848172596,0.422471180432926,-1.2951053752440052,2.5729407013563175,0
3.2467513419806338,-0.22674730992162073,-2.4697032501828264,-1.5661652158974833,0.46047644691741085,2.348701880978092,0.6107339536095958,-3.13675778289643,0.18403077880091623,-0.2897679023068265,-0.47772708582796386,0.7893205660174822,1.6748817351528595,-0.6411470948185606,1.2842688799961868,0.4312606375413768,0.3678234835457521,0.44848686978326757,-0.9218799348688584,1.0093246569844676,0
3.0747622290404752,-0.10826511262847623,3.538100736758389,-1.0256815899597456,-3.2418116697162715,1.2353959269147023,6.0557217056070565,2.9880601133925735,-0.17823627160097136,1.0597484273416489,-4.352467364080527,0.7678600343929853,-0.3597260151841921,2.0620418113833825,1.3698779808579453,-2.3489545347338763,-1.974867772230239,-0.8225704767531478,-0.5763114672173224,1.6847177552379111,1
8.1915538923256,0.9043914870153763,-3.6271267198437505,0.09019931411381954,1.3217851702157466,2.252226198452875,-1.9716735497610338,0.15469152511294526,0.4802240950343825,3.81716497127187,0.2725155259029558,1.2792747747492874,0.48846572643106123,-4.482831939575873,-0.45025038996417677,0.46251775923062877,2.5684602412412727,0.6651850720023154,-0.08615601974929654,4.18394704110164,0
0.2889197065233855,1.6184699767305262,-2.313286303077683,-5.190497783133856,-0.8621486109576051,1.023606819862405,2.483225620337032,-0.9492371899757126,-0.3221986505659236,-1.0022828138725761,-3.2753273748489957,0.5331790727889897,2.412205767804477,4.594557486588099,-0.35817812790474385,-2.1097746376671425,-4.146926334041294,2.3435396090053784,-0.6972384132327432,4.777780672136493,0
4.73854987778375,-0.9938754201728756,-2.09440399075131,0.35935022740283307,1.2538052827352173,0.4137657458234354,-3.344922672802796,-0.3538586653914739,-1.1038851656002424,0.05375870393223736,1.3478359834132234,-0.210220813821677,-0.9196174888722287,0.6953521364155568,0.15149247465281246,-0.4795511128691575,0.17938020869031956,1.0422534522641405,1.8184618171682922,-1.02155529520557,0
4.739724020868762,1.206237399221043,0.6238305200539066,1.4880297113789398,0.7180864099927547,2.206952513876893,-1.0522766710208835,-1.2093141363990685,-0.6958509481370606,1.1930802838113965,-2.0528169999312365,-0.667649229196879,-1.6302066112251956,-3.3726237325351516,-2.514905035540122,-0.03175676472328859,-1.4319164179447021,-0.4172044316380292,-1.400329875261775,-0.9089145667215595,0
-0.9675710787702152,-0.09996380011694471,-2.1626156613725263,-0.4930529384973821,0.6034331523033492,4.19501159056609,6.995501255809139,-2.8930562367308097,-0.3892987094132639,-0.7954354771699519,-8.228087849998232,-0.16627385554349428,3.395877530516233,0.27099489980956737,0.17315300024281471,-4.9074982513767615,-6.124138599661856,1.6053842798851456,-3.6340866507830674,2.996730391991818,0
0.7261797059937418,-0.192448643001132,5.131971547139484,-1.9815231961970374,2.7796725210427446,0.694730713645268,5.102581909198169,0.4270900100813597,-0.7352478763961072,-0.29449110687186786,5.4777566402491695,-0.3925846669628575,0.2284488025253526,1.0188612797467655,-1.5051432906970668,-1.9051451714692722,5.50995379810803,1.8233210394620287,-5.343957212581045,10.084549244025478,1
3.143237771564635,1.2449693168052185,6.303035146179145,0.5856681202249923,-0.8695742850763993,3.276905914803659,7.543734254008234,-0.1963061219856892,-0.5053333008453124,0.6424589069329244,-2.1978447179056726,-0.4089584087688055,-0.43353822935496256,-2.68245469706751,0.4529623824129481,-1.7048042890223187,1.6024952587427674,-1.980136912999007,-4.559947028668461,3.3461336150710013,0
5.153310097828941,0.04895546810041109,3.582762287197303,-0.7760394376360321,-0.02157870879051549,2.2686095886906994,0.47389857190602364,-0.2931801233651833,-2.429871936694908,1.0100851331478644,-1.1505015010944633,-1.8752449229868766,-2.0321499535064342,-2.3858360410132793,-1.129443139740557,0.1457899158874657,-0.9873124616326973,-1.0659671717367778,-2.237094944122105,1.677043932795039,0
5.4311721317819845,-0.5240812472538566,1.4313585175789139,-1.1470601587527636,2.2392036439321914,1.8964725683206178,-5.062277531071007,1.6351656163464883,-2.0603720664764205,-0.32380077666598495,3.7138634952573324,-0.8885555901228556,-0.703510762406135,-1.6735173417080245,-0.7613463007203795,2.3057160552868243,-0.9120168962027394,-0.37373173979214647,-0.37683287167351665,2.3501434953930245,0
11.246496920185479,-0.02837405996818873,7.677646968375866,1.894844522466085,-2.512761074704091,1.631546711054007,4.074403266773066,2.27431372249485,0.7388483646927305,-1.1070086062741935,-4.826577466141321,1.282478655074056,-2.021081469368625,0.2722472108735965,0.6144275783077663,-2.691900104385959,-2.9690553481025903,-1.0918413817519375,-3.0509643963001216,0.9396623380350568,0
5.091520456505106,1.751738848292538,1.1955723773434284,1.1806807918716193,1.8062950003075717,0.5743826465376793,-4.71346932420402,-1.2336718574595946,0.6304772087138076,-0.31052424487196895,2.4116167676211995,0.4266516883378915,-3.2599401965583508,-1.6808979022482036,0.7800565301580866,1.463998993720232,-0.5570559294511213,-1.2583469672605394,1.2411000684207254,-4.780714321203247,0
7.479318837763665,1.3590098327430873,-11.43823554460729,-2.871791631820949,5.662310527040605,1.9270799269148502,-11.47629148487677,-2.709488529334227,0.7875809308612458,1.7304508184885956,6.304794980473785,-0.32164409287920664,3.7496867018229842,-5.06404195054829,-1.7019765924065593,5.043719381516063,1.6505073787903441,1.9010277575085814,2.354409213338392,3.846351128465356,0
5.324792251404025,0.5629868345003168,-0.21766016506642955,1.7581737962599644,0.4844931891793436,0.5758716521726241,4.347479692351053,-0.7444070489346724,1.2647315782852133,0.43807321548278255,-2.981795104334537,-0.9811637926264558,1.908459786261942,-2.4760993615708866,-1.7315944358221174,-2.6167304671828315,0.49357563969094764,-0.43974045148363805,-1.7568900169194661,2.194808685252457,0
3.024546187702545,-2.6708889746192184,-2.7160499915248817,0.37064610456656033,1.074064737093722,3.7358651718875935,0.10643880888729132,-2.8864263484595796,1.4894054818361084,-0.8814519345539711,0.8534488392980306,1.4775700728951788,1.1113189601399291,1.5220980889149396,0.2775634973053798,-1.0434884770415185,2.2894622970709757,3.133190318921013,-1.5653453369499224,1.9066702171236258,0
3.293216981704635,0.5966307371561792,-3.776533174823048,1.8036331072691234,1.2338535361064737,5.234109042297673,-2.0368795258925902,-0.9861598859285675,1.2328362384238332,3.462974114985421,-2.63045135268062,-0.6290042352932806,-0.8534977546657316,-4.036407473096549,1.9383850988099698,-0.005306336158699132,-1.0912387103739136,1.2722833456452585,-0.6395597662722661,-0.05424232503545865,0
4.580561676827056,0.1826233920008956,-2.712474159028766,-0.08938480651057357,-0.21840617793904893,1.8253448446585754,1.5235060382826933,0.7691067301823036,-0.2183162248692981,0.6616993400782032,-2.36090013415383,1.366345283046358,2.4827819055878333,-0.7114429652535579,-0.4977514899831789,2.034300737100722,-4.086740165582553,-0.069986284779328,-0.7152296665178519,-1.7599090382141376,0
5.709808384558545,0.4525624434787635,1.5174119868300742,3.713573193284314,-3.241416436834869,1.1363857871803882,7.85229545572717,0.36533257419196885,1.370326396635974,0.9251777468198481,-4.463600585193156,0.4255100466621071,1.208488469873891,-0.5992576412944002,1.0414136606329487,-1.085358029959854,1.6787385699112103,-0.36840922608617244,-2.4209988246851966,-1.7970323373615944,0
2.928715595386035,-0.7317145829875489,-3.579635437479623,3.814490900449265,-1.0067317081183678,2.221957105480235,4.336408716994823,0.8101586308367074,-2.205116352146658,2.4941532402144357,-6.55329632338077,-1.063328341739867,2.038905320471807,-2.4955961675274576,0.01548462455550621,-4.179010413176667,-0.33135355265307576,0.2275361137878955,0.6539963965799995,0.4126043786355622,0
5.763257969831459,0.42802154401281417,-1.8207724726883951,-1.3748820686748886,3.0918692598370763,1.6151110748274466,-2.8356786838647308,1.849336136128524,-0.6727763418604491,-1.643326142258526,5.270776071940053,-1.3337525981926395,3.554488384231257,-1.061461774891723,-0.7447580550453433,2.68517351112841,-0.06984106628913211,-1.2922379343151134,1.2383102921139035,1.7494770138739069,0
3.9221368771260123,0.07069552130484637,2.7902513722827837,3.1387697584008474,-2.85426752442832,3.662955713738744,4.53645821382453,3.212556137429673,0.7387569623402098,-0.5071787195317043,-4.356849755148312,-0.356267841503397,-0.16401336608478556,2.400713464022248,-0.5683718128181101,-3.8461702077221647,-0.8647845374266717,-0.02382412425911329,0.41959749519483425,-0.7655033797358698,0
2.994026173569385,-0.9157937605416995,-1.3074353942163361,3.135884260126889,1.948525679273379,4.0182140065164935,-0.05898358623660921,-1.457182815059575,-0.5321789724039621,1.5021828767064678,-2.31272167321778,1.0005362748542626,0.49484380437512665,-7.452832700859379,-0.03081595511342671,-0.533252271979654,-0.47680715278640917,-3.986886260213767,1.2137025448584193,-3.295578061095196,0
0.9504427977376455,0.46863911434058897,-1.3191224487620123,-2.1088155081276314,0.8952532899014853,0.49584087334415716,-0.5249246022833314,1.3911961635836545,-1.4134066479769207,3.577364659994769,-1.4253946999713827,-0.7211941807191128,-0.5625515437900972,-2.918107622065507,-1.4792391509545662,-0.691769356245655,-1.3382677839324484,-0.6631080819475805,0.6520656380283609,3.7312823162798012,0
7.845907890699206,-0.7525460265153521,-1.0567352523739848,-2.4735914949626747,-0.7567352134278251,1.7264458248966936,1.0355665973679606,-1.5508933710571722,-0.5486377936532801,-0.26546675931674635,-2.5806359876412612,0.3224417261666078,0.8726977553410075,1.613371752026126,-1.019092446742112,-1.4732254786517829,-1.3914392202498536,1.7840031705821553,-1.3579249081480698,3.705112827641659,0
8.691367350047829,0.03998873988941162,-3.92544981944335,-3.354131927008424,0.619597697248889,2.652531956742806,-1.3964243741877875,0.017224903073334907,-0.5979038988373716,-0.2699574604339068,2.4811513533818164,1.220026251325255,3.19945570493203,0.9925307862448566,-1.134412345708438,2.66966658076148,-0.13526509481129434,0.5316285590742287,0.8859147141688728,1.9988655892236888,0
5.3654239991498525,-1.512977455685229,3.1273726348591158,1.0058340096126606,-2.094720249890396,1.9027238230258259,7.109478500315502,-0.8657345090584889,-2.279188819163339,1.107071946394455,-3.6827560526940073,-0.10939819700231067,0.776353944509069,-1.877286441280769,0.14351026094983224,-1.1183690659828294,1.8933805425147638,0.016463404527905068,-4.796943620951499,3.4585457335359058,0
6.541161580044184,0.8595845169008322,-4.379794521640194,1.533088082950972,0.9316045790587473,3.073669389050251,-4.843250587111657,0.2706775987926088,-1.6714082198406606,0.8990149395364057,0.1982566248704653,-0.31097770302452005,-0.27637289876687,-1.2938376487483734,-0.22251256452836018,0.5632387117400448,-0.8938334677856286,-0.4444412162024348,4.043563155318924,-4.167886216745899,0
5.123976980270732,-1.2145307111210306,-3.0931667436467736,0.3134043088591124,1.1002504003768347,5.128466790754533,3.768773384220266,0.5897271656529882,-0.9828191376902486,0.7140171646109932,-2.3016066334660525,0.29456378660354915,3.932306622543079,-1.92816581980152,-1.337956776667621,-2.9821532812429448,0.18064913971844931,-0.6599367584929957,0.5519888349763693,3.672290193367915,0
14.321326957561674,-0.16675700094940987,-2.383588342411975,-1.1662851726613161,-0.4291617194766688,1.592749835281694,-0.579815374245329,-1.7055623728738443,-1.775754036885531,2.417769013141331,-2.8314441303488085,-0.26699695172355387,0.5272777872645767,-2.7337164540702754,-0.4662264040340936,-0.8552361889338864,1.2218561978945028,1.711300292553617,-1.8880754277093001,5.838112081676449,0
9.52480873440835,-0.4415504296690042,3.9817276640592114,3.2862310927680514,-5.9011467616097555,2.8684045789227843,11.937686140070007,2.24630563474312,0.9486715160546259,0.9571056317975893,-10.193666648439892,0.6547346401006009,2.715802102666139,-0.4135649288670059,1.195714997351078,-2.9504562843355826,-1.3270392688314148,0.22832630381105656,-5.577411359736635,3.1712917866334425,0
8.28118448411359,2.0338749653911594,7.559835995600907,0.2327947598772605,-1.5085619014103635,2.414568117089133,-0.32091915823738326,1.545162223805978,-1.3246853536596714,1.4402186381913133,-0.5245128208782429,0.4472891830900304,-4.4362374646336935,-4.255749957768729,-1.345248425848685,3.153191851773414,-1.8967425047686022,-4.646036216866741,-1.134001069263667,-3.7671620231912857,0
7.08446617728729,-0.06472342949622893,-4.9249493565807025,-0.6663071066105963,2.666822533858565,3.2808516535629866,-4.880075459973195,-3.118993195792948,0.013379266411449665,0.9461224714511132,5.330927365507906,-0.29105599541752286,1.3745047844490095,-3.0344009684791096,0.3007427052857516,0.8556465062308499,7.608905704312292,1.2565729502493979,1.0656655831556665,4.627720913645525,0
2.3533551357828477,-0.6525262131024498,2.793569815917315,0.3743067203489192,-0.3522093276497339,2.921338866696143,-5.574268416063231,2.8989146906200616,-0.4445933163209766,-0.5104380599377292,0.7700927930021481,1.1003746521381332,-4.117861057687062,1.7151104430640551,-0.9930393393161372,0.3578056945863686,-3.4002966987732384,-0.8749160550238837,3.117759659299999,-4.089141010773938,0
7.008060374766412,0.23527677280518142,3.6236812416400888,-0.8726029429065201,-0.14402041425233725,2.544666351014085,-1.1521362197745932,2.5898280230494652,-0.19986542364393056,1.8328583723366014,-1.0003439653914021,-0.8212176493634713,-2.6004027067362,-2.6011043883467058,0.2448682412205712,-0.021532068039055274,-2.2508268679080854,-2.5655612767716804,0.645394821708341,0.702403255273098,0
2.998831778269942,0.2599559664711988,8.048354473628434,-2.2999703055345226,-3.298613973984962,3.8468392401451172,-0.0513347855131512,4.014736575642318,-0.7092090816296637,0.03242747917075417,-0.7005698546685856,0.26668855202275915,-4.89533874790185,4.7737885606835775,-0.8146395359145551,0.21552972250359081,-2.837271291143411,1.4362988437484558,-2.367366569238931,2.4252398061221974,0
2.2627700673461324,-0.2688665756385912,0.24909449874653558,4.093897685634074,-1.8106102230978518,1.2035109611679375,1.4754641692451387,-0.5792620371763195,0.6871346583155022,0.22345126763849987,-4.695516443302475,-0.6696218091652932,-1.2834116299576255,0.39657597264362104,-2.519887074983584,-3.092898785727659,0.027140905056146414,1.8118684691194678,-0.9656933347048867,-1.473017592560001,0
3.9205088325079682,0.687143675590343,5.675165449769655,1.7874879015658114,-1.1379821048829148,2.3321104518918427,5.123425419052991,1.0493296528036826,0.1428927590393914,1.7456478104800248,-5.165518321630998,-1.1247523041529073,-2.150154334699783,-2.9997685037714197,-1.2278393360905702,-3.27154525727334,-1.3050567254431023,-1.3124675598098887,-3.4151729686852774,2.599640538970581,0
3.714963492160027,-1.418056545702671,-1.118183985290524,1.4585050308078862,-0.10854393160883924,0.36805947305022846,7.205622708802086,-0.5208551480207217,-0.47297008416451114,2.132126140460504,-4.53054203457538,0.9713158390358552,3.9113143441511697,-5.743481402698214,0.13472090433552036,-0.7415472172399755,0.08256691428145468,-2.3617350138105464,-2.6199155626818866,2.143374790697386,0
11.761459784146547,-0.6453076918983496,-8.343570109853355,-1.1504729332187194,3.0173464545873743,2.752561485892999,-8.037133823286375,-3.2103566842008706,-0.46590689222834797,1.5259378924874842,2.8898462137520897,1.434377249139373,1.9075953879064258,-2.838017115548199,-0.11987606504905675,2.3035409477482265,2.6530653286577057,3.7221085413318176,0.03709414468945238,4.583343567336183,0
5.098157201383951,0.777945850840059,-3.1706475122154205,2.6435662978707937,-1.5991080359546226,-0.17295488778173718,1.2939425684809207,1.6664384512047203,-1.0442427635343925,1.5594938850172892,-6.435662659132542,1.8511292037348253,0.6148122054704241,1.2579770266736117,0.6541586103036336,-3.943652131936425,-2.6935304331212944,3.075966320785204,0.10701485353108908,1.4028583289760144,0
4.524165451106135,-1.0020133785273917,-5.799838442514245,4.065665235353809,2.3382898230357076,1.8855322956871514,-2.959474298261528,-0.04163085043920245,-0.6986493909507129,3.4725877873257684,-5.9825490013856175,-0.8155535380231825,1.3315826541945472,-5.6227049517094825,1.5511651750325859,0.388074129702327,-5.680058425012429,4.234875642879812,-4.55554830082195,2.6025612398453726,0
11.323182973508798,0.7598398055313851,2.1082816342733843,7.706276014177468,-4.462386469716167,0.5667885339821216,2.952071889261796,1.4217866911144423,0.661708574135996,1.0090463356918482,-7.496530191960749,0.33477837691981505,-2.0906655224347395,-2.075348241216618,0.5351858766725827,-2.769297712193636,0.021534304217230016,-1.826749258686467,1.3786875519357702,-7.423330270039119,0
4.750907555271521,1.1392650590576399,1.7451870799979383,0.3221564398946686,-3.0653358202608727,0.04175309009371175,4.7950934639471825,-0.24048323367339608,-2.0387901372388386,1.771168000269952,-7.88045698771303,0.6615440361520781,-0.5143814977921211,-0.9412862201212305,0.7201613871249998,-0.786767047716636,-4.6725124048830695,0.6523379028953431,-3.962415368856607,0.5284566111746823,0
0.7974611008038113,0.6377802763192946,-1.6914669947752665,1.0701676990307032,1.842758959531344,4.013260967519527,-2.0796274130110355,2.4731005358056004,1.3809958491920262,2.4263261229584323,-2.5603242353719353,-0.9272804434953372,-0.3712258059686806,-2.5329761924248624,0.8992445700634955,0.228352554554353,-5.479796286284877,1.0940805857410802,-1.0986299135514772,0.8819682425705984,0
8.221438108616763,0.13713792874684563,3.7453920745012517,-1.1741382983488746,-0.9282398625272978,1.4243153369485624,3.2343384237000636,1.9001630662244322,0.7945573974834967,0.8367443639253154,-0.4492292857670692,0.04920488331871829,-0.6758976183087555,0.49586701713814063,0.28897928558479663,-2.1956496682920412,1.6944544859198527,-0.017170085173889627,-1.5244820222986504,5.436843991641841,0
4.884618998016004,-0.17293241037616552,1.9135604579683128,0.19388627227709998,-2.5697330539645202,1.2436759814032403,3.39616411267798,-0.6007490554698941,1.0189025254760746,3.5058763740360046,-7.654476324358737,-0.9718950019514863,-2.9546115019384294,-1.61542752318723,-0.10133557716419309,-2.82556633919474,-2.6165581597352077,1.0835114039774953,-2.9649294089148537,2.2300868389943003,0
3.6765255401984933,-0.2151739262287575,1.9224760877170057,0.19968552999270917,-1.8814894770974477,0.742353806587812,-1.5432006548513246,1.6055632623129314,0.1865536018823009,0.025885374706886566,-1.6718207144763693,-1.3040278044811828,-2.0905171305870143,2.00355855133775,0.12067871001553267,0.1356397711035353,-2.1455522267541145,1.2470710234064253,-0.4089982270426967,-0.4669846328049502,0
5.5601293984723865,-2.2742086272581066,-7.2189847005432375,-0.8325195169511777,2.402785095724947,1.8263960851276668,-7.1061372293745855,-0.2962375835210491,0.13716410375839524,2.005507971752659,1.4649100482976427,-0.30406448487139837,1.5973061858008895,-2.729133142628731,-0.7172739379328562,3.9821838690179323,-2.202419979226079,1.8862619011385475,0.8985594470466567,0.2571110294375873,0
5.159571757760869,-0.3691875014159638,-0.10858303585497087,-3.3864457505154024,-0.7630551968266737,1.0638416734334095,0.5470037689814891,-0.3894033297923485,0.4609471675798495,0.10833941431201921,0.7609903033100518,-0.11200843748815319,1.3925286631502303,0.3227919396701736,1.203987828696194,1.7887600192306974,0.45450632327667617,0.09859778197596902,-1.1767499841448943,3.490832220958496,0
2.33039601484007,1.6793304355099663,0.562395528142576,2.7793611967921388,0.9056517365916711,1.4287151275819054,-0.08670617624249136,3.691105761734664,-0.23370982284430183,4.201596732319993,-2.779071753499172,-1.3566598446802824,-0.8106075568162592,-5.59082727138389,-0.7173656792528226,0.3276318265979439,-2.2733353260096925,-0.17548208583431224,-2.2376784128276306,2.5292697044510057,0
6.55149955269888,-0.7215489211889762,2.4661464641844537,-2.729367232541353,-1.4462795648577442,2.522749385478415,2.1229189173000003,1.6875245621655997,2.382139744456892,-0.5466815250963144,-2.1624250503038516,-0.6729593541461716,0.19809155414238333,2.328576205373287,1.4462451529649603,-0.680082054812956,-3.445908891252731,0.06323068788663122,-1.1025275060362925,2.6854171484581757,0
11.55509116214095,0.20199304211892435,-5.605912317211668,-5.783760816854158,-0.2696921333933746,2.833789579861287,-2.96312487600431,-2.8633129433252065,-0.406202834619818,0.37788173487777776,4.2931820278577995,-0.7795620159938187,2.5667841718521847,1.2338885584181714,0.8133869801510066,2.9363307155448926,4.607701291248094,0.6516604868008866,2.472717201681268,3.397989260233668,0
5.335087258194028,0.7781475794830515,3.5264660422206515,0.5843369164863972,1.281353737370253,1.7274172268340289,-0.6478277334153937,-0.0946908567911714,0.20633107733845288,0.19317917860345757,0.127765013550179,1.4637337234149979,-0.8993705219743096,-3.8973321559245337,0.37142216271569345,1.018500241230506,-0.6943764639664485,-0.9565875483600337,-3.3542624766832825,2.385430920051246,0
5.5273027336414104,0.15381676177734901,-1.768003915616137,-1.1125128488294882,-1.3885603554338615,1.0602094748163877,1.315541227469259,0.32614874498795454,0.5945417227825378,3.5393062610145973,-5.298836792757374,1.4698740409196955,-0.054938484247858854,-2.6510601729442307,-1.310763029491268,0.7675142342724982,-3.9237475359085137,0.14483980061208712,-1.4501896878296225,1.0179319381178575,0
2.760780258058621,0.23051508187909914,5.208917301442388,2.928768894333351,0.11224365529895097,2.401014391194386,1.8333026407364483,1.2578483059053738,1.77995355217519,1.151984172581741,-2.6267374463896607,-2.04281867226718,-3.478094669979971,-3.2126359819641537,0.05953259440143284,-1.6312622203017813,-2.08765383737295,-2.783892572860629,-0.7125403638072499,-3.0837576528038313,0
4.74167920066762,1.0042165635604796,-0.9708729535321727,1.1624381929414693,-0.21195534643348446,1.8494585234429122,0.7904834699343655,1.2928245672196637,-0.27875221600952066,-0.057959962916792174,-1.3484269047794517,0.44108567953318545,1.214846190471972,-0.4832804568046486,-1.7408731713622463,-1.4209653717184876,-0.4060089382858679,-1.1235297183704394,1.8935764398894186,-0.7342987237577867,0
5.285942664913527,0.7530443424674682,-1.0750120861067558,0.9508817459832117,-0.18098065374165673,4.788513767169381,2.08341033037818,0.15091446548552334,0.804981369420715,1.555933996527916,-3.4774388318057032,-0.2746315280628515,1.205257576827119,-2.8582167722726606,0.316096143561409,-2.164530855808331,-0.03429942088830029,-0.5930175639651855,-0.31390430997733065,2.475375381753246,0
6.898882142072609,1.2370987057064764,6.986717450630923,-1.1872023240312108,-4.247437839327721,2.889965972287122,3.783728448865432,4.1630671262173315,-1.11053846594393,2.841155814094184,-5.636052975486666,0.2748208925585545,-2.3453768261908183,-2.1772596153236363,-0.01812909233250527,0.741901230533297,-3.7403361202852534,-2.1900469118596826,-3.1133591975709285,2.8591868326838923,0
8.06414791460518,-0.004787296640246354,-2.1051602142195813,-1.4004501652327142,3.6066376390668946,-1.0368933719315208,-3.0298824609055415,0.9462116797278972,0.6742523371777032,1.8538342304471234,3.5935790056215358,-0.32381440925757193,1.8984255159227321,-4.898394446987208,-0.3046900636112839,0.6701124460794625,2.5110443214288187,-0.612767516296467,-0.08337901853961427,6.911459017976736,0
3.1120804594953624,-0.44750744749970567,5.173655414814118,-1.8652789410088881,-2.2458335084319327,0.5873065931247052,1.9187505183126867,2.2486022239184855,-2.4172874093429013,0.13147462403427224,-2.1728765208445147,-0.31153868948878455,-2.081897780809119,3.000260375842317,1.1304140713165882,-1.00439170922343,-2.1573778129277414,2.0349699559646774,-3.5622211706069558,4.9046158901358075,0
6.856571875173178,-0.2252214916444352,2.4326596204733972,-0.9005667993264772,0.45522094965147697,3.4367011552474005,-2.1170249748763097,1.6626285828151415,-0.32404616593119695,1.1383649778354712,-1.5575661701090842,0.5431498987620917,-2.1403690760768344,-1.9939735814736468,0.6369130381379143,-0.29601051588031,-3.491217588722535,-1.2039232153773025,-0.09433393223665931,1.2218247910006879,0
8.286700295103143,-0.6453076918983496,-8.343570109853355,-1.1504729332187194,3.0173464545873743,3.274437862728556,-8.037133823286375,-3.2103566842008706,-0.46590689222834797,1.5259378924874842,2.8898462137520897,1.434377249139373,1.9075953879064258,-2.838017115548199,-0.11987606504905675,2.3035409477482265,2.6530653286577057,3.7221085413318176,0.03709414468945238,4.583343567336183,0
4.5553685522017116,1.1923236314291037,-2.9546479106935064,4.698735312445269,-1.7875363698136821,2.715316425579112,10.007325488200175,-0.5399962241816616,0.29163892404838526,3.4100195274871257,-10.202484712728294,-0.2475511538156509,4.060989550815533,-5.274843353354262,0.642546116991234,-5.461748049003211,0.5998700453352566,0.020255877400831235,-2.976810057101689,3.6670644077527657,0
2.556260032845203,1.4355820963252297,-5.721066845792653,2.2687296567629067,1.2368250105678307,2.6747990786749605,-2.0023800279193638,-3.3794753742586425,1.5326520472333718,2.025594317135637,-4.563994281545257,-0.07357556537789849,0.3910112613099035,-3.2123228731504674,-0.6010527015926419,-1.1063945610901094,-1.9069523752061763,2.7805335600719028,-1.4666763219468182,-0.036109801181373906,0
4.652361429503268,0.20487974041279308,-4.4027731736105125,-2.125173759281581,1.8523613677115316,3.2770320863227145,-3.744756771259357,-3.1000165243381654,1.1898206493813999,-0.829534693111925,-0.1378455380463694,-1.012388167964538,1.6799293187621314,-0.2185849728134314,0.8094235740522454,1.1894468297262544,-2.470774061121916,2.146926396611579,-0.9327171491226767,1.6597149599345835,0
7.4249342676531995,-0.07904689023993244,-3.402568408374122,-0.33727247561222384,1.25949802601804,0.4263819930997075,-4.074632666646123,-2.6380425051748975,0.08419113819522556,0.23791322206590615,-1.7362892052327423,0.5560276233582732,-0.08608073912957326,-0.4857432958863646,0.905898658239329,-0.1970133533337335,-1.9212924163187681,3.6820569069210656,-2.133567165751985,2.8609004898692,0
4.425838056484627,-3.0189151256869833,-0.4621451979306312,-1.09617734298868,0.2675665051173598,2.8503020081984296,-0.8209045699531475,2.051856544325105,0.902762240577233,2.3549778381101616,-2.30925574553395,0.6477356329181168,-0.6008648566145345,-1.3478366712607288,-0.5294959637153881,0.7614875268145186,-4.367625494712376,0.48025664698158577,-0.9774743195921493,1.5911875926684367,0
2.943996161238627,1.1999922618328345,-0.7900285585443533,-2.0494712645102626,-0.6475999642605443,0.05705503768334863,4.216699786673516,-1.7775202063370301,1.206611219312782,0.02578447333125322,-3.5658553600005543,1.221660897832515,2.2597521537108625,-0.2995592193713465,0.8072085502465935,-1.5557126327865207,-1.360520851796712,0.02687861970678629,-1.8480148915609171,3.235836052223915,0
4.27051375692765,-0.5783086869878293,-4.628634250187969,0.523844403231041,4.490338898949426,2.4980025968562223,-3.9407789328977048,0.4681407214926212,0.9212133220522414,2.093772921896326,-0.1647229394655562,-1.8975673165629923,1.7913136237927314,-5.029849128146086,0.24127256094900873,1.0384223241997794,-3.8091324854202515,1.0945768060844958,-1.3239530755973623,3.000714748452298,0
7.473553056205386,0.634104256913687,-1.908320016129291,-0.9140238508629683,3.489285787979604,0.30862612067841133,-2.705021558851704,-0.7967858168925273,1.680172506273269,1.1060905017052427,-0.9573863290838119,1.1694388975754944,0.5361965100018102,-4.609839729924393,-0.4636808907237163,-1.1731280467124456,-2.7836502634707374,-1.0990927024576864,0.1653375722992978,2.9189903026174218,0
2.4591190812052304,1.3517364438610073,-5.249465870848438,-2.4901775283826986,1.9511378078991939,3.90821046073481,-4.24971692170927,-3.4243202082015483,1.9767940293840618,-1.002832350700022,0.6745175051975222,1.0460474936382531,2.1659303395710556,-0.13076267777762654,-0.13000562324710194,2.3623394165996174,-2.448567549147633,2.0603479060114647,-0.6872158663218952,0.7721762228163335,0
7.389008262089631,-0.08811959873531625,-0.040307951249480944,1.0457908649918006,0.3511660983618563,5.336700730071485,-0.29656016652713657,-0.10467822510478575,1.0288270806185642,0.6813605821882527,-1.934155432450414,-1.338584823650633,-0.3490430129919221,-2.041412404800816,-0.5014455175766269,-1.5101556611165234,-0.5144419557307399,-0.4837162751335847,0.09080117608651816,0.6847578272944754,0
3.8757779087820703,0.1115299274570979,1.6414081643053298,-1.5716426128669463,1.2608833254660916,3.858971892052032,-3.5614617149116317,0.3152612956808549,0.21836036462574285,0.05033863798086502,3.484444582959355,1.2486679989202136,-2.0677072615638172,-0.6974961775445278,-1.9199451191625565,2.4086283389310714,-0.43275640605117716,-1.397283741988608,0.9483707458000972,-1.4949823378970795,0
6.293676729230906,0.08865883082425546,1.621699976311277,-0.831098239425889,2.022495186175439,2.6134542801424443,1.6509493284894234,-0.5179762533642209,-0.36450192390152475,1.3420034899684137,-0.7040331302415543,-0.5730131366757379,-0.02629980343060334,-4.1510877435966655,-1.230650605172849,-1.176397977971372,-0.4185287910994936,-1.7404092649240046,-1.7389915865623236,3.5824490334318217,0
4.143340607405224,0.5730489301932848,-0.17123108927759045,-0.7719488247015008,0.7576983635822732,3.147751619582007,0.4144454426284716,-2.233063407987654,0.6914751783198525,0.6776655544984129,-1.8048671668453198,0.7178473849304251,0.20134582810031565,-2.8555771804059304,-1.0810415481514182,0.9031515276279326,-1.8228943798866442,-0.2568036123854378,-2.5152061035012054,0.8875048661970739,0
3.028352317905717,-0.1044490973550001,-3.9820530741910636,-2.9595979903665213,1.2232519606165337,2.0026800155970714,-8.531247022708088,0.5356159448951847,-0.13261386707201303,2.0300271631917237,3.9269722006981596,-0.9169614999989003,-1.3229371703465564,-0.3104770941493228,-1.5477255647349457,3.557842278531768,0.3451101185743979,1.7947569746101424,2.139521863576545,1.778799585473855,0
3.9055313566485674,-0.6802460311672404,1.6770452483471678,2.4280536527818493,1.987466541936623,2.9968248148335976,-5.565773274376777,-1.288322644473145,1.2215901456213643,1.6478248208238728,-0.5348844373772043,-0.38779754576237147,-4.832746907325673,-5.54613523278816,0.11745414229843226,-0.23467994516014734,-1.2158702475228935,-2.634543023444727,1.6785019697234045,-4.336564510345588,0
7.917813123045434,1.3345691455843867,-3.8669994650168005,-3.0395630579197825,3.4216931791060814,2.5981768400691188,-7.730769607999074,-0.44957587924349374,-0.9288016274741451,0.723226925546695,2.846936007119791,1.1023405550817704,0.6376423181037287,-2.677296249045774,0.06996588335026038,2.3671049011854626,-1.943177471612557,0.6890571780630249,0.8466425914650217,3.660401983534756,0
9.101310193058747,0.2735845735580149,-8.275328199587271,-1.6686655307568476,1.430907322809243,3.4115937391703715,-10.03190748419245,-4.205791910305352,0.6366955253666325,-0.5918522145003136,2.5879513563133516,0.16574974625312824,0.8436587943071205,1.264062183608546,-0.4035491161052483,2.658829754100651,1.2584120401336447,5.25435564909403,0.7629098362546907,1.775446896514874,0
1.4262547034395334,-0.549266940586626,3.250011727036452,2.990669061202549,0.027342629879713476,-0.9010369212606708,5.087826899461733,0.29472097672016684,-0.9603583753602977,1.5383470690875094,-5.447106830105032,2.1155119984117365,-0.9516223884607729,-2.8129960718491467,-0.11218723550134659,-3.554488093792898,-1.8690238370806647,0.4801837608586278,-4.366026000405281,2.6681504299041765,0
5.854221841728881,-0.5616138906390657,-5.197800027125878,1.9611190531026432,1.8370512925598277,4.056072601476886,-3.6439579789361187,0.046500759017029214,0.14447576532046597,1.6005035771980718,-1.6247023676738508,1.003309259749029,1.1623955504001338,-2.360079757007132,-2.9842083064629663,0.6742253543237546,-2.5500440046234467,2.383765084507874,-0.47315030664448243,0.3168286163788439,0
2.8002159617310927,-0.007878838084327707,6.636796702274802,0.21555234161224035,0.13704471658044626,0.3778327682682666,-1.3749499762102173,2.6145260813636946,0.7155302830778504,-0.20767671566837254,-2.757219777661813,-0.18797639281968043,-4.056251546202267,-0.8049871871441912,-1.5941431530336652,-2.1847754239461876,-5.233316514288924,-1.3801828647449452,-1.0648489490536726,0.8472792259035785,0
5.237391163539598,1.0556826490115199,1.5305036629791031,-2.1985793300669676,1.7418930930616079,1.440463471225671,1.437103520271005,-0.3910356846338081,1.4147614051024813,-0.778209551205461,0.5750694661357635,-0.6020149756435615,1.2403588646772263,-0.5950742064708963,-0.7197513859917074,-1.4146585985187223,-0.2854674641691679,0.07416784559596268,-2.196232407116588,5.7456246683354255,0
5.727292335795178,1.0560146767341563,-0.9187616114901825,1.9416741440173202,-0.276285507599638,1.1056066260296704,0.2823614534767382,1.1398702436577093,0.4469423342961949,2.042252065900616,-3.6397521068859273,-0.3897793778067917,0.5877646441917392,-5.185269463261192,0.08375314794658768,-0.3056333851960328,-1.7344208333928686,-3.249946018753522,1.6699397305967683,-1.916543296545029,0
7.394699493070877,0.1703052483622324,-0.8510893027146058,5.756032718545773,-2.901319837401842,2.378373078141717,0.5380291096190171,2.614531495391451,-0.17747074532528476,1.5785027067722819,-5.974510889969318,1.23153114517076,-0.57030964460025,-2.9452128569381526,-0.23430326649656755,-2.4601719068944985,-0.7907849171154195,-2.9797836134602966,4.359569211122362,-6.3253883768686965,0
7.68176009173897,-1.1891121789677297,0.3998226791897007,0.38080343707329734,-0.03747983958467527,2.2161299205505784,-0.7937021402298554,-0.7059053874912642,-0.3833766843662218,0.8403579057709412,-1.4375998645592072,1.2658988660194193,-0.49060220999554505,-2.8789403293094837,0.6835211556096259,0.575997810292386,-0.5931614382387671,-0.9283888123820737,-0.7553596254375319,0.05083823594151504,0
5.793682358891342,0.6705292376981712,-3.379682647614796,-1.510161242403571,4.939177216813096,3.367709626544124,-5.886232804556399,1.0522244711181061,0.5937778345648093,-0.27034707834547755,4.525846500607319,-0.08234858235674586,3.335630856571021,-4.665296803831492,-0.36597100191489235,4.877005065971938,-3.2622671692169436,-1.0483890413118675,-0.46621032249122163,1.924388717523187,0
5.828830021984295,0.4041506017703658,2.3278945669502793,0.312972663655546,-2.454434160002112,4.277406567417306,0.8842060663989848,3.126189605373812,0.5919929944586875,0.05878833362952296,-1.6697227356830528,1.066243478479603,-0.32410013004633087,0.7167599064084156,1.0683075550282484,1.2215649419510974,-2.3575458281498083,-1.534069684876504,0.7332091441456334,-2.2098847052329638,0
4.833825786567756,-0.8282505578468504,2.0300950500584243,1.6306616293551746,-1.0254138898718637,0.37800268616828664,6.099048209474095,4.230766323600789,-1.01375880915076,1.180037248446913,-4.160673184407082,-0.9081608579240453,2.070476575099776,-1.284311693314586,0.03145594548782672,-0.2907578861254019,-4.333815846462419,-1.2808555693230455,-2.243064479976052,0.4562502606870693,0
4.893292933938463,0.7204004863268477,0.09331530181145854,3.9329309595655673,-1.3332617748552442,3.357324721368289,4.801378735132869,0.8578822300064174,-0.769868308492533,1.364328249442956,-6.6623778832506835,-1.3865784322037102,1.1262969214753857,-3.052587935689148,2.4220913696421156,-3.8396441127075107,-1.0784354053886276,-0.9729987385575205,-0.7357163840331897,0.19937691529859813,0
5.334874767611385,1.6932123038043951,6.282691177369355,-3.664660945762625,-0.7103279351243798,2.0251465119544205,-0.6278607957074736,4.416755395156189,-0.11205999129691671,1.1841104918305816,0.6784467505497165,1.1753392380075824,-3.6824154035068775,1.6783891071494705,-1.0881787940713712,0.31828819140105713,-3.4768637914488454,-0.8732345265498648,-0.5950771965033089,3.272647985412339,0
1.9292455295691024,1.1796513034759921,-0.4566573177723329,1.3179065404642998,0.9213242933468755,0.32947113126376926,-1.4440467609444225,0.4690911521424773,0.8027179729927026,0.2807456671446571,1.478176581261503,1.2258351727613586,-0.9252916480444695,-0.8501356079289537,-0.5670799425065167,-0.2577992869132255,0.8925553530018415,-1.460530811036288,2.627079664919624,-3.084225669063046,0
6.254602153692035,0.6922436449414326,2.93112460678121,-1.0827164526197164,-1.0385104332477153,1.6257485435445467,-1.269753423469928,2.5919099087191952,-0.6175847846420854,0.3109082332320263,-0.8652217115704296,-3.11498992169399,-2.3275191252448377,1.8735631788756741,1.6697632230675181,-1.1627656360245002,-1.959898291655497,0.4536943819446868,0.32653905633409197,1.8326067011341944,0
8.055935199462981,-0.08115002432086275,6.498127271003977,-1.9376951741968713,-0.9688258708408749,0.7676735919416929,2.2710789742969504,2.355980454107115,0.903622199122427,1.4428282759289892,1.0203878533917854,0.44647409005284566,-2.562273564425097,-1.6979300902551726,-2.090859355590563,2.082286912954575,-0.6270292202011254,-3.1788027125710454,-1.5322908994022737,0.42398779655296115,0
2.4174539598805334,-0.8909720587288296,-0.7249339550695811,1.86536140149923,2.8157906007385227,5.083293062001704,-1.0652811825067754,-0.368778893607273,-0.9241966679833209,2.152787766839423,-0.8046834875823435,0.28221223720198024,0.7006630942310156,-6.6362035852994845,0.24414035066377499,0.22061577368390728,-0.05862205300402623,-0.24592482072899813,-2.9222837715727397,3.8224319262948048,0
4.7270310982902854,1.196189810318073,1.804380060208523,2.260150396184825,0.8905711887460301,3.1869790862910836,-1.6629667416631297,0.6566292723623798,0.418038310844379,1.860011845137963,-4.383217276407566,-1.2059778129514567,-2.8393981307946987,-4.541287819754551,-1.192478797134018,-2.4184068301616475,-3.7187373722130235,-1.7777980363124009,0.230915485783447,-0.9242434691429453,0
6.005271650129075,1.7008303203158135,5.528678363525951,-0.5170853578356513,-0.8389565392418785,0.07915552781144397,0.8517103072142731,1.9543473373048426,-0.0877639370007679,2.3362356055819125,-5.478643665480264,-2.0019013240398422,-3.679532722374482,-2.9064545076666324,-0.9282261848261194,-0.11799485375115415,-6.925088012278672,-1.0321186107714886,-3.6218782847299833,1.1207987919877538,0
5.230847197362016,0.6509026291041046,3.2380908564026374,-0.9572004989433662,1.0469886908224098,1.0616245180298063,-6.775718046773666,2.1052012986378656,-1.1209498942637632,-0.36829847079571976,4.046755432099439,-1.084902984763962,-4.628169371398361,0.5139675543724324,-0.527523948922487,1.5706103994019993,-1.5064449251708987,-2.1974167802659967,3.786222313129832,-4.019940876471328,0
5.423214781574266,-0.29166456647740324,1.0917859882233758,0.9716384547372872,-0.9384668418450425,1.645903134707317,1.305581822719969,1.4374844147596404,-0.8668276151084541,0.5079895970097899,-2.234861456126718,-1.0161080862876009,-0.7035266713763901,0.6796783724104967,1.0622798051518751,-2.467304206311711,-0.31843859747811043,0.4314529130915623,0.16270080356550842,1.2438410573234588,0
5.82747264870552,-0.9525867094178307,1.6567685783766792,0.1379971256412934,-0.38243839882495656,5.431047561534236,6.1446693474417495,-0.6515899535466434,-0.4581102569865484,1.9705779200177846,-3.863446383774935,-0.8168095729584408,2.1145281117665586,-5.497420312873023,-3.3141744328820977,-0.1259226774467923,-0.14707579203871557,-2.260063780935485,-3.9216926834837604,3.528760369046454,0
5.165234468021708,-0.7551580617892224,5.754144728501347,0.42987770650315016,-3.470316770859097,0.18594824473720212,7.523258072986798,2.4948786000651832,-0.21793023045818832,-0.1328649614491999,-2.3954705929874853,0.5991624950096945,0.00929512185299397,2.049620868563729,0.742504888261391,-1.9430818759564716,1.5726621347531502,-0.5103266739684008,-2.596602404130871,2.735370107151074,0
6.987788678906173,1.0037615255476657,-2.349268064586649,-1.2634562484516938,0.08237484290606611,-0.7969716495504492,-1.596019787912136,-2.2662808253444204,-0.2285963049748401,2.6120337660660633,-1.005788904049521,-0.8209652588566559,-0.22072768455761338,-3.4022845560191355,0.8961310436318572,1.2158126452419546,1.3862992011583413,0.8143171904962568,-1.4742708329495835,3.023550868735069,0
8.486013881874339,1.3506840735162846,-4.683901128973754,-1.1056185334890687,0.057846200862215924,2.293382047192704,-0.9171749431685132,1.201706781592721,-0.016944603743128242,2.569650921423257,0.9634615104088267,1.132725489862863,2.7332497474592725,-1.784454585910041,-0.6504606479709266,2.3011821042803238,1.7610141861000557,1.0039857870828555,0.2620195882192773,3.4119599696224787,0
5.456114087200333,-0.9313915419678463,-2.784423920633883,-0.12808989321852027,0.7234916136188722,2.0949140269025373,-2.076305827018286,0.30211709752298876,-2.348414803558875,2.010780809868647,-0.43106447732351133,-0.3113777272253416,0.18637738017577188,-1.5877313958542543,-0.44920668337902003,0.5072726428932531,-0.2829344870797259,1.304482556954164,-0.13214377684026446,1.958404092351125,0
6.067834251497677,1.820222344725458,4.48822181402894,-1.5781402412401784,-3.85970605750235,-0.798626108812428,0.5730648236232964,3.934829151629545,0.06596273287166737,0.04794008831250085,-1.170378755334019,-1.2586888007853347,-2.2774455144310037,4.5556689567929345,-0.4225317764288912,0.6995802207510045,-1.9231217618831888,1.1680899027290392,-0.7226105027978794,1.0957599333624342,0
7.621769785062892,0.5956649481851347,-8.192851295435027,-2.871812752953986,0.8583221242805801,1.5659761405868882,-4.557411670855515,-6.702198659074436,0.5645958992991653,-1.6397849190554834,-0.6158140502235908,0.6040292306834877,3.7516773837079875,0.4465182942965441,-0.6348654596117157,2.628163095922724,-0.6885230465284846,4.3090063585123435,-2.0737348358114485,2.3241857648281705,0
4.90988538373174,1.3346962932605102,7.436463973222329,-0.44634908158991315,-5.404451638057796,-1.298528048345045,8.846850746027922,3.661832637446368,-0.6115908408702235,0.7321483691898814,-5.92560920751884,-0.9094529547268639,-0.07367353288751888,1.794401420647076,-1.312253705718691,-0.06817906667745077,-2.6119267941969637,0.1699943081122075,-5.838875489663419,3.784867938817311,0
5.22643955388596,2.13515359602524,8.085457634399097,4.428768128129619,-3.929762365928742,0.8830516177744594,5.280639246036706,3.0955003065958024,0.08374848433379152,0.7110931046852984,-7.394162612582025,-0.26370684441875014,-3.6786011507962315,-0.8568279935611547,0.8061305255857824,-3.01378393775737,-3.368726870430746,-1.6804630224712032,-2.561315629586606,-2.5309539238067136,0
5.336949367542979,0.7955957813561304,-2.5254274577893177,-1.7021605365010362,1.794949168832463,1.4961706080953667,0.5027289672457517,1.3865528983088586,-0.6683339071201038,2.058444013531843,-0.6378690798336452,-3.4335761389755493,2.1815570122794443,-3.420571184633299,0.4423778547598917,-0.05705293958092761,-1.8246688027519795,-1.9459410304563063,1.2332328325006476,2.504881040458136,0
7.461155823412522,-0.872126066027456,6.915467468922735,0.6787498578470987,-3.10246609782153,2.3507200812763234,1.7873687259514128,2.1388495955652895,0.023916892043071056,0.8608349393525385,-1.6195127647641985,0.12224835154544111,-3.060280923795097,-2.036288561300506,1.8498000890621644,2.6395862359882933,-1.3883278875009464,-3.483149927442188,-1.4021080425802541,-3.399052158714042,0
6.3215347117518235,0.6856341944568182,-0.01363287229223757,-2.500199047935007,-0.013649731386524921,0.9057827329563566,0.5252880220234172,1.523412318391574,-0.2580580998549205,2.0001292808415267,-1.7938548979713596,1.4835224229095718,0.8349009713981114,-1.633115105067464,0.5040650266641262,0.6499813714537797,-2.424649087043827,0.4917922042865539,-2.1499629702292897,5.342677687505656,0
9.720311016415558,-1.8895768721806148,-3.148848239308998,-1.775833772820377,0.22280030226075254,2.5438472654244975,-1.4257389792830995,-3.234031084127692,-1.072745881773285,0.6010048944426583,-1.1092689758352752,-1.6180484929432872,0.2815658851409748,-0.1792586674582836,0.13542494802728386,-0.48395896697407603,0.6029757564348279,1.8914035503407232,-0.597457693261433,2.385991260825598,0
7.572975232965081,-0.5578332496430718,0.24600613666537374,2.7950423031295877,-1.384433906505139,0.5723366995420357,2.707307487487467,0.772465691261519,0.41628486061403613,-0.3224733669447706,-4.971436348131921,0.009872751347171693,0.7143319810108504,0.3571304706969918,-0.8887848835028033,-3.780412372448147,-1.1912348450384829,0.9395020688968143,-0.6685032316801496,1.0065255205289914,0
7.190583360655786,0.2480910840043637,-2.3257693703040005,-0.4803992569723047,2.282103591820455,1.4929562151037659,-2.626175046731414,-2.009051667211126,1.0328323950589842,-0.3661915961004474,2.8684564177534178,0.6189137314716948,1.7241101771059366,-2.499879155587369,-1.982776852900421,1.3405606509108554,2.4382342528478187,0.36506278619200616,-0.7277426499022617,2.666975909332076,0
7.289969014596944,0.4117898748722834,0.05756241984620772,2.60922640048555,0.8777708442478314,2.7067788257544763,4.074952747335487,-0.23158398187929552,-0.4329688531550192,1.6124619024554807,-3.853390737255401,0.8470250624485463,1.0029808397710696,-4.742323625586249,0.4129155467954502,-2.9204332850979697,-0.22550612616813814,-2.136466212088377,-0.6493751055531306,0.5619887667725706,0
5.899878763273,0.4567145945939292,7.319300595404555,2.527502399751053,-5.062593215049193,2.162449458717984,6.376968721879596,3.6587221403191155,0.9364743243688787,-0.30275280375719094,-6.060592353222987,-0.3969911146863599,-1.6045885214914763,2.0376350065327538,2.331238879097841,-2.316998535475631,-1.954728966860027,-0.41825977117631286,-2.8343343411804733,0.10646977500686483,0
0.957015575578823,1.1923236314291037,-2.9546479106935064,4.698735312445269,-1.7875363698136821,1.170617195471518,10.007325488200175,-0.5399962241816616,0.29163892404838526,3.4100195274871257,-10.202484712728294,-0.2475511538156509,4.060989550815533,-5.274843353354262,0.642546116991234,-5.461748049003211,0.5998700453352566,0.020255877400831235,-2.976810057101689,3.6670644077527657,0
2.8182053234134106,0.822472500914686,5.767955532528579,-0.9457669996072771,0.18764476823031906,2.7389123144650265,1.386351213948077,1.3983885378067629,0.42977795582488754,1.8635860266378157,-0.8775002701604294,-0.610055675699293,-3.394092911720061,-2.5560293375962235,1.2274150044854233,-1.0645284167460116,-0.909461213445915,-2.018119363220224,-1.7081929762464059,2.48830525374684,0
0.13440249650213332,-1.5286095440623757,-4.182047416031264,0.02135026260555617,-0.40807052276965194,2.531894953611713,2.075807409283884,-0.5169128969919403,1.1808705506411592,0.041761042901918066,-0.5590721572630772,-0.8777122522406051,3.4024849765619773,1.1558094568621824,-0.6971832694634446,0.16874143183170287,1.0693265462254904,1.771283379069832,-0.3056818071610219,1.2364794455817338,0
2.511053807485819,1.8436229260894692,-0.25811081756739435,-1.834484246283738,-1.6554092344062528,1.6407063283430539,6.784230640667116,0.10332351781618376,0.2666372819305297,2.652346792262712,-7.776630941270343,0.7248708222310868,1.9350881424534145,-1.8210051728879424,-0.9043681555518872,-2.000655737315564,-4.541459375645999,0.361433648073608,-3.808438213642126,4.874330401429342,0
6.96079472495162,0.12649228068144508,-5.694861290343568,-3.798583901428044,3.343984849220487,1.9159921639108608,-3.274987038204489,-3.458355656334114,0.13066388795052108,-0.8406036850868381,3.2125599370639186,-0.9423657179013638,3.8434438665509965,-2.169835789854561,1.2480705915399826,2.1416670865164296,0.3531746428003639,-0.4153136829612136,0.9537426201367296,2.565246671875594,0
11.373434987052313,-0.17077975717955488,-0.2313686984061011,-2.1385147936782127,1.7635892903668073,0.2725569010514862,-1.7447099332661975,-1.569684825393265,-0.3569118470303833,-1.0025333533962706,2.252017826964902,3.245121892870361,1.54306390438059,-1.5842506874077518,-1.999137297353287,1.5970692356297456,0.46985008839025366,0.09190925258154314,-1.8504175101574205,3.7750823819949706,0
6.085329239414329,-0.22853013440162512,-1.1615624943092449,-0.3173986962029589,-2.12290025795968,1.6612437698790075,3.573302449762721,-1.6719826764131098,-1.0113278910843244,1.8807741844058963,-6.286934173101892,-0.6306348898521931,0.6326082709307328,-0.7052579975514406,0.7903122536037333,-2.159271738355062,-1.0534476433706634,2.2152706516823844,-3.228901909125793,4.094537280556369,0
4.011146178894854,0.2455358315742445,-1.610386386300024,-3.709701887744736,-0.9179091445654808,2.3134525281068896,4.565231946220719,-1.5779457420029412,1.6872147542382918,-1.103727595203809,-3.765266660730625,-2.169340111689902,3.816502534991948,1.487636120162352,-0.21567520603201287,-0.6293320865638796,-3.6280617477670534,0.3529614632178425,-1.9727582025105437,3.264306913808837,0
7.808445549974885,0.4376964202816956,-4.512210332056032,-2.95440201586075,2.6768289554163345,4.333357201209897,-2.4655451705306777,-4.749812459000034,-0.19632979414109927,-1.3447784118989112,1.6556551466572382,1.6366983840740832,2.5031647753744846,-0.5441901295908268,0.9947915578376338,0.1001100623343979,0.888330594532255,1.6260082900662316,-0.734014982575823,3.639496610496197,0
1.3571324775950497,-1.13187086704996,-4.71322628558152,0.12326813390889613,1.8060812830385298,2.0142033265729715,-0.4661067008468612,-2.9424741199505107,-0.9440298162357447,0.33256965119454773,-2.9506354912807167,-0.058186459681307645,2.8096247483600187,-2.717699533216792,2.204200027222367,-0.5765658350457141,-2.0079849981553957,1.784957649864668,-2.140234901761631,2.725057570497769,0
7.408424948639489,-0.7519765093579425,1.4784476996341185,-0.7203150411024772,0.35446018090560194,3.6501812112351892,3.4818607751424153,-3.3669381407291397,-0.2918948055860974,-3.7369868596627187,-0.9357932984669831,-0.514469964445453,2.9542211136934986,-0.2623059911533602,2.6032028188226777,0.7799135475354229,-1.8932894004989183,-1.4804837015692986,-2.8141893809888656,-1.0921523550283434,0
9.233643075033907,1.4037481706733146,-0.15213704775933617,-0.6132564951072692,-0.13851512066392768,3.988090613536958,-0.8111902974224097,0.6537840823111161,0.01932917653762364,1.0108131920868924,0.15780382819113156,-0.49866628258261936,0.6033892881323055,-1.9733768361282533,-0.24555557461520341,1.4370270002939938,0.36453242648588713,-0.31799509801452985,-0.7628054074602142,2.169865741873892,0
3.589732306019898,0.7818152016716388,-3.929066100306056,-2.244239673513792,3.699970054757017,2.490997234433479,-5.237577051511385,0.5665384899969454,-0.25810465137570726,1.6142815675364228,3.2421684575321583,-0.8874997887086021,1.7740248948913933,-3.881388759566243,1.644296848296542,2.6998757571705063,-0.9356043647614777,0.01747032332357401,0.31816500508958967,3.99777617188741,0
6.247875153503703,1.7518438311022273,-6.5237167829627625,-1.7617198415899074,-0.3348745783798519,5.597402778708655,-3.7533056082220093,0.036337636081815505,0.19716974841290177,1.7240575558238382,-1.4412260253598261,-2.6361926617958176,1.3435498555917,1.1875988339613643,0.24091572243130996,1.8568778100163492,-2.819642466220478,2.9817028200620768,1.1192695392164174,0.4550306891980144,0
5.598624098712958,0.3353029980703448,0.10602946284917086,1.3446403479542752,1.562582939567998,2.985051332475665,-1.8500064723299108,-2.0477037972138286,0.6616393996304314,1.304333543146541,-3.6594144029108087,1.8100819229568947,-2.04828010124529,-3.426198632008796,-0.6757645625921603,-1.1927184689313406,-3.3674826211690605,1.196324422073519,-2.8460702640118805,0.890779288961073,0
5.088257554737679,0.44290563222793566,0.7227113525425776,3.8416803257124563,0.3725591344447907,2.0737441362868787,2.313797980128255,-0.6456919025175021,2.2718616897860757,1.8466806204545991,-6.4409515563919575,-2.0218426497156887,-0.9964434178485687,-4.638040560683126,-2.7598768456917986,-4.756618167461777,-1.3958133618445778,-0.5937952900984742,-1.352751031784793,1.1852330646658404,0
9.039451039032418,-1.822481251713061,-0.6812868075708483,-0.816531551490528,-0.8042767413050069,2.3704353710865105,1.2415831896985385,-2.713979504428807,-0.33884735092063034,-0.7126981140079036,-2.395907996820522,-0.12385213319896256,1.4365994344990671,-0.08182395243000391,0.6251759798959695,-0.799089756576222,0.5006361296151869,1.8144441429685139,-2.9137123143984542,3.811536961045946,0
11.005596462809867,-0.7846818489664805,-1.3988566120449628,-1.0506364993735462,2.6831399820060873,2.1558295093788313,-0.7266110487631343,-0.7149840286082705,0.14931640089269288,-1.188868063877615,2.472656816247661,-0.051725258527121704,2.850332630499569,-1.811601291507629,0.9484333208711097,0.8432907848141925,0.26413989033201446,-0.4582466438341182,-0.8209545217189594,2.907051895763671,0
7.203928646348162,-0.3547348793604755,-0.883183755522588,-0.08236239448973415,1.5986234919487288,2.684318826778683,-2.8170581522555986,-1.0802449175134052,0.20251739162174776,-0.3938050134370301,1.2643921244590153,-0.08881578411472772,0.2936498167171685,-1.721924834169153,1.035506526159686,1.2109142446545957,-0.29903377112744434,0.22439800307355096,-0.6849734328054061,0.6659053715617518,0
7.199802410652295,1.3544975579894614,3.888810725715311,5.710880364039692,-2.242918229396488,2.6000253878548207,7.271949030026794,-2.000884256024146,0.6978533226284007,0.9870646208881912,-6.991685094165554,-0.06089881222334163,-1.116912329025538,-3.6556339876106474,-2.2349813464656503,-4.6547508145356,2.427797217207814,-0.4864367456126081,-3.9913065000085646,0.1133331290024957,0
3.4761888559185365,-0.06690496100448619,2.3688016810457944,-2.1947927640023686,2.0428406843532443,1.386908372085803,-0.5639209266795103,1.28267943945553,0.5480245877811374,1.4145288986600775,0.09985876645911189,-0.19968626075381843,-1.2345251503993562,-2.747134992106311,0.6173458735098838,-0.4479872731852692,-2.6104299671447517,-1.7008205505487997,-0.689867769315635,3.28544810239707,0
4.02559983829981,-2.2981082289382226,-2.520550503315855,1.8752800906439124,0.4968325619579044,3.3124105645269903,2.010402516721797,-0.3174798123954392,-0.08947323354649499,1.642783931355885,-6.914367435161789,0.01619007376182185,1.5887475251476233,-2.850003821414461,1.6764142707328533,-4.933917217505826,-2.4570875478213035,1.6187888284292407,-1.685021610427243,5.033852210342288,0
8.937778643156216,1.563331874446051,-0.44517519958642926,-1.8332630955069016,-0.49292510583292626,-0.29055245073059655,0.6524106609958277,-4.867225068381341,0.2400792468738988,0.5193729917853601,-3.3299019157861567,-0.08384500807341491,-0.5134791462151764,-1.4875438428531347,0.0873160217917437,-1.3986156402265508,0.618160675619597,1.6338537740789878,-3.261761476117386,4.077803520457908,0
3.7382821938958006,-1.3871033009385214,-1.9303362144918368,0.6804533116605043,-0.307981601520136,2.5753403935562362,7.940255217599721,0.5404792814211894,0.12640344108338952,2.51988754336032,-4.895144443574732,1.4489806683853137,4.7120783952813605,-4.889075058446906,0.35271284612545356,-2.050638517018272,0.40756688351944104,-2.0088701389598063,-1.7968935357522824,4.354234953409747,0
6.58006055607081,0.6521749032716019,5.341568015328021,-1.5836507870362189,-0.6373068541289394,2.9624193291285725,1.6473176756016008,3.387160751892625,1.0921356242228584,1.708446745126467,-3.597351277305801,-1.3432050694316604,-1.8993693492000634,-2.1857882649043,-0.7444548832659138,-1.6589467851941562,-4.198021120869889,-1.9613204535592246,-1.62242594445155,4.283380109492537,0
4.374511133033183,0.056256234598672,-3.5831153257182495,-0.3537353289123446,1.3785100683364524,0.9572570269100391,-1.6725883354978435,-1.488533203790256,-0.3616210520819936,0.22272852022801348,-0.06328399933692781,-0.24488623351083263,2.175409451795428,-2.0736306643935656,0.5419918713554672,3.0918738620212007,-2.33047617142301,0.7382478897741575,-1.5620573447486366,-0.5790455297145799,0
6.647721587332108,0.5236353515274378,-1.2167134962601789,-4.024249481843556,-0.98565489965588,2.3246885871753027,-0.2810469142624517,-0.30970244626242094,0.42261588183556076,0.13710929808911698,-0.6475551677177587,0.9354074142991418,1.1223138068448846,1.8621920296007177,0.9771123794903266,0.973079472747884,-1.5071394321791391,1.4077431174965114,-0.8805229216603052,3.8166202742992628,0
6.619462957399338,-0.4566895411835822,3.0034555171739257,4.127317201030481,-1.3053085199834598,3.854223310622935,2.8627587690504313,-0.780111084397928,1.4389213234997489,0.43961729471597144,-4.451601765987509,-0.7482276561006268,-2.3931832339880392,-1.0143009429277439,2.553533868370908,-5.292618789894285,2.102059267856706,0.4638082702306221,-1.1333085014757498,0.7231472767503493,0
8.755942520751034,0.14204627565361533,1.6297974215982334,1.6687929599004776,-0.237434209682455,1.4854745347323364,2.306663064461628,0.9784959003606735,-1.3095571747427595,1.0395960591345041,-2.8114800478322737,0.9557504739584998,0.2441682765291311,-3.9766046439803264,-0.7683085442886856,-0.3103186056001509,-1.6135821488907895,-3.1166789991424317,-0.0737186964960731,-1.5719809169737053,0
5.684951832690752,0.6470630959993681,7.068810568026088,3.3940085241190454,-3.9890875910566783,-0.18360179617207167,4.45579978414024,3.116978065671639,0.3824560883258202,0.1514661136380614,-4.844904767303461,-1.016697224269155,-2.969164393741576,0.44988885379027105,-0.9789099917819021,-2.5577558598350514,-0.9236364669498823,-1.7910404483149571,-0.8512490289473914,-2.2183111622088276,0
6.471040992971451,0.48279465583213776,-1.4518165655763247,2.2091150971947346,1.6421846903360966,2.338322662995765,1.4696205747037934,-0.487131258766363,0.976502646778413,2.4874518711416953,-5.067544100937159,0.32441603135923885,1.0195311486111,-7.148520254800512,1.34304690525979,-2.6492172184681824,-1.99952900927161,-2.5909499732189887,-0.1336236506091859,1.2127558222646928,0
4.165103487171882,-0.48100637204534397,-0.2547243677946223,0.03742962309622966,1.8903271906091974,2.9546199609013044,1.1534444586583208,-1.4150911460214117,0.6888802790000137,-1.999038509993476,0.8707618072026999,-1.2381917772415871,2.8056378863713523,-1.2600958751119595,0.653715265003666,0.4637254361839088,-0.474567218146962,-0.2645085087271357,-2.121383699826967,1.5327106125640586,0
2.8730030904020576,1.3589597534399642,-1.06296899690176,-0.9217681360270401,1.1402640556955705,4.073412943021902,-2.4834325248834217,0.28162847568165916,-0.809038743217278,-1.679263982201752,2.5035346981728894,-0.09203136544177076,0.5449845434191904,2.767569811891132,0.21492049972839833,0.7323182219602125,-0.900199407444521,1.7642958751528433,0.23248399967893385,0.3711724000382421,0
8.01825418178528,-0.29531317007332164,5.726948022444746,2.6013807839263796,-3.851526636657549,2.0489832134441874,4.1299822636348456,4.51628372564759,1.3309090429853319,1.2258914774488219,-4.183001963763431,-0.2513763065509526,-1.6111958175248322,-1.8427302314332301,-0.502135918857061,0.5742071806523701,-2.5893993426211095,-4.403168491478374,0.6811262805903708,-4.828214917619353,0
8.632595632349055,-0.02191032027760045,0.547635755134693,-0.45138784691472256,0.4240965165515551,0.5666971121724875,-2.159849500096012,0.552788979852159,0.2236245285607282,3.9941985611545388,-0.8107009456910271,0.03309559124888543,-2.178632069614647,-4.993966027571645,-0.3762342413065595,1.2105978736349554,0.41444404293497916,-0.33154944205425263,-1.5291348576169783,3.3607274753290333,0
5.760157683742653,-0.9218102529302185,-5.139349244229768,-2.5406875879384243,-1.0511613961077235,2.9254385396507194,-5.1328057456195655,-0.17596373320544267,0.08897570950746565,4.113276697414998,-0.29654965877233364,-0.7717002707618621,-0.3138304634514393,-2.2616405731048013,-1.9461953909232694,4.0120832903108905,0.1599225165409608,1.7375547466450314,0.4915400889549093,2.0469871236342,0
7.693125084622068,-0.1983573815720714,0.7252498807783823,2.3440853480785337,-1.6632721080547554,0.9718393080862735,3.806731927259381,0.02640529513103429,-0.2702484145565191,1.2546295068384383,-3.680447914851209,-0.4449984070273579,0.35393910633815495,-2.0690728692200464,0.7994476953724964,-1.2015449753148801,0.6985536090382836,-0.6902831225143484,-1.2528442749455857,-0.3120890077903717,0
7.765761045025796,0.46471268666151205,-0.040224269772505206,-0.6918145162819744,1.2024582967630413,-0.08035746802142218,0.18717189154060657,-0.9459529828913817,-0.6155694632458707,-0.18254558951267508,0.575146340964798,0.17514985193990118,0.6125447819169896,-0.9778867116524161,1.392440584980074,-0.033837842466629686,0.11973018266845026,0.10957207703535676,-1.2077604706805938,1.921024119527895,0
6.343225446662473,0.5823764199625283,-0.5470226932928353,1.1468855408914878,2.3959509721510925,2.1484389783806894,-0.5381183919643432,3.1200602937726902,1.4280556948885947,-0.21515051276805885,2.4039149816191214,-0.5623229116077011,2.766615306331935,-2.7294182200121186,0.5858723976290129,2.3300766863442206,-1.6972381973347952,-1.7420340304487656,-0.002890301251454286,-0.03262806946130386,0
5.504128997347834,0.4390215149212864,6.324408890924036,1.600714865380798,-3.7437127073046175,-0.8375631725479451,7.460741013346575,2.5766405793795286,-0.018804250268212027,-0.20332881338618325,-3.267538019862567,-0.8731599392471293,-1.8658054749579251,4.537720553684797,1.7343665751370785,-3.530478731606678,0.9067610943156139,1.7412105638789002,-3.2086747764013506,2.060993485955953,0
4.967097475608828,-0.6846095764583622,2.5260934203399072,0.2530638749574037,-0.23712312562375903,1.9988061245692927,3.3687628785940773,0.44097179655611285,1.084833279907647,2.972354125869905,-3.192290544140504,-0.6121450897717458,-0.7554783572149701,-5.302775062817375,1.7019625467300874,-1.1188810565386278,0.07078227661129066,-2.6539195138326273,-1.6213688498644663,2.5403214381097827,0
0.16511454673557546,1.5285434117025094,-1.3304312459499086,-1.8742469439140885,-2.1507664636141994,2.5645708036380057,3.1975424282886853,0.18055696419876677,0.3071199734181724,2.9760503111724312,-6.463589774587735,-0.8787162447948569,-0.18459389928809267,0.5745489270151919,0.40928487811172276,-2.278382922694789,-3.1805795634717877,2.326201968409925,-2.0811511830157943,4.306747238693727,0
1.2689090560463394,-0.9370367796759166,-2.2905599866234527,-2.5595133341787486,-2.682382458563875,1.454119369272524,4.158140041471681,-0.8563295754684672,-1.2001840687667227,0.9015098568899266,-4.20116023982514,-1.3896605887646856,2.691426163247458,1.191612636109977,1.202338928454332,0.5332958377097268,-1.7504443963512397,1.1374262454678328,-1.8065965851427492,2.3068339118419945,0
6.532859234502435,0.94013708393448,-4.712757604228971,-1.2202512759063309,1.9478821797014363,3.1418105614949785,-5.335239658303209,3.1920808372042453,0.13397612740521286,4.714023564644814,1.3655135314133273,-0.5460560006059612,-0.5823034266259568,-2.9659436284543608,1.11361249903584,1.6841118926447494,-1.0179021310083771,0.7641455743222445,2.4012269734872422,2.600334718818238,0
8.713767057111724,1.3262633086977638,4.786964806338425,-2.0865888628177784,-0.703108156780308,2.9488453926183227,5.365264245495886,1.8759482425097387,0.5204496678736146,0.8460010769608031,-1.6686287825544073,0.418299276253136,1.240164318545149,-3.099553437894934,-1.1646354583760328,-0.00927842720280525,-0.9008211671137986,-3.310889996817117,-2.6166746778166257,4.5837255486581325,0
6.2520335852436855,-0.16635451457876638,-5.866494362615689,-3.0248509491358133,3.2368617953835477,0.3702552171802849,-6.231269674687354,1.0401539137085742,-1.1616433954632617,-0.20226746560956355,2.8190597556672485,-0.09932611081450046,3.6292516214161825,-1.5339289503923135,0.1759280596303835,4.3203831334455565,-4.514176853779061,0.26115014643239975,1.3481547017357118,1.2564542418985518,0
6.360808612291643,1.707302235520759,-0.15551947381815712,-1.9678247426354436,2.546322334823431,1.17346890477597,-0.6717370888221775,2.3071915750345355,-0.47328812963422834,0.9391482391305926,2.6285908880193,0.7785716622750871,2.1777183819760957,-3.4754804647410933,-0.3952933116565347,2.5726931613998523,-1.5493224644514638,-2.0988484862622965,-0.46126195159781014,3.016555279999763,0
3.2106864539981386,-0.13587944452775802,2.097466529018708,0.9247840190120555,-0.058126410791427,2.0479021485123874,1.348229399371251,-1.2273563687845095,0.6078426555823374,-0.3189230561712688,-5.378562268628912,-1.483516674534136,-0.7519364700175477,-1.4902667783025543,-0.04527817189031167,-1.5457257952209487,-5.0209743396058295,0.8081867002784793,-3.8777921202491887,1.0025712585259108,0
11.239882517253786,0.3288077918715203,0.3563333442842491,2.9944989642438324,-0.9607325748269743,2.817998574226732,0.414442137866358,0.6664912392765441,-0.30151339265738003,0.7935002419610384,-2.7820573714172867,-0.7066507855777255,-0.9640481924560286,-1.635881234502166,-0.7279173873019812,-1.8744194460709829,0.156844601204831,-1.0446073215361584,1.301236160997477,-2.238394292052245,0
5.684340405945905,-0.15972568128839493,-7.139564113781608,-1.0875692009808582,3.3370104940657526,3.091226914821846,-9.759465829803299,1.6789913167076125,-0.8616464451579798,2.573189150420354,3.1425845772841554,1.095603057958124,0.8296881040969386,-2.5917213532190497,0.15348732020600664,4.86520924956069,-3.108605032503465,2.498392058111226,1.2355026899804238,1.1505609287671374,0
7.155985421632144,-0.7519765093579425,1.4784476996341185,-0.7203150411024772,0.35446018090560194,1.451830173704256,3.4818607751424153,-3.3669381407291397,-0.2918948055860974,-3.7369868596627187,-0.9357932984669831,-0.514469964445453,2.9542211136934986,-0.2623059911533602,2.6032028188226777,0.7799135475354229,-1.8932894004989183,-1.4804837015692986,-2.8141893809888656,-1.0921523550283434,0
10.172284655966255,-0.3127760892840147,-0.028958678415232364,-0.8743933542813926,1.0132025768541553,2.6786673899228184,-0.4965855007281815,-2.7540413705597544,1.384232542181337,-1.207609248806365,0.7916871220149825,0.7665445469045014,1.4322209027242345,-2.0198981921665204,2.173464459267747,0.8234118820013204,1.255448954503156,-0.10688937360340178,-2.143328363893607,2.5717338321422356,0
6.945907238582155,0.1208240198609365,5.369880894529216,1.4731051714044194,-2.268802390705078,1.6670115857749952,5.645161063248388,0.4764043847073527,-0.7062780325508823,0.7978339359972899,-3.0551990110495004,1.3149077273133813,-1.051607250237964,-1.8717016483661224,0.11328407626519411,-0.20511762251835308,0.296663943042875,-1.5526450841797477,-3.6013860243755142,0.2091691280586521,0
6.6892018280882555,0.6201874809520367,-0.7600238644206605,3.137915735012246,-0.045702909089280874,5.123008629123225,-2.1361815135386295,1.0654564028591829,1.3047014135088646,1.0312509027580847,-1.4387898583410905,0.31138631505139563,-1.258410269149861,-3.006135123295664,0.8068864380470936,0.27916486859699896,-1.3688008938988565,-2.748424888763541,3.3127001991086322,-6.149544409885128,0
2.2954307854784304,2.3642207390200545,-3.078929606995768,-1.38548884246039,-0.44245212693399516,3.2938325044070904,-3.1810572316260655,2.9046771930287787,-0.2139884974919859,5.406925899161847,-0.06646377885864951,-1.2735253385392902,-1.9881604343993367,-0.9471126374342996,-1.023292973798674,-0.49670361409460595,2.058915026360495,2.3798080065269307,1.5169755374815868,5.414187291269249,0
7.480713599617891,0.06278949100930951,-2.0711441775074735,1.006424927115057,1.1876387727987234,2.777909183728309,-4.812342557989943,0.3128263666838985,-0.04718680158501277,0.7592639771941867,-0.8283380827930859,-0.2666459716151036,-1.1311669838629381,-2.056445339124801,0.6083622645277685,-0.2508534441915816,-2.1482090852093227,-0.5191420623151086,2.4470365288261675,-1.9017787110413593,0
10.558755414812747,1.8310773515890633,-5.476692525793059,-4.698086147335642,1.28753604761548,2.3642266608694515,-3.5392279444352863,-2.32055331752026,0.4481299238884023,0.8109299207067466,1.4143566633053113,-1.2007722855065572,2.1781890874660963,0.06098603857570403,-0.5376488490507391,0.48127157173457324,1.2385777903354755,2.202952259066646,0.5509682228875079,6.325366916088828,0
9.12631791001746,-0.14593535832675336,0.9436162157967044,-0.09336704414016217,1.6941855966900103,3.9204616568521704,3.212425137885014,-2.488465286362127,-1.8239318277386947,1.4184625251918044,-4.875103229833909,0.8078342377915504,0.8934943648976081,-5.0238193231003345,0.09287995961751991,-3.049469128694938,-1.5313155878204223,0.6912021241617057,-5.398830511771431,7.3815724075312765,0
10.352883306319608,-0.5067138074613378,0.3354585241705271,0.03062654800591047,2.2697172644577934,4.437934861313789,-2.2531486436309387,1.1280542517710592,0.43058412330196166,3.8839210789729366,1.264737617960209,0.3017787197012054,-1.4275950075846198,-6.171483729085931,0.3047828751032135,-0.1965587402190565,2.543214192289074,-1.1584399872153597,-0.4440089550064986,5.167459383387934,0
5.625043613289215,-1.5343548802831741,-2.2884885623429696,-1.36849363015943,-1.682248867547703,0.3337696913586121,-0.8040902811180164,-0.21306195659712923,-0.5319541022855921,4.711938353692858,-4.6588717815846605,0.06328563234156509,-1.3292865407013665,-3.0345625657536486,0.0065898423869795416,-0.4808198339588192,-0.41874130546502264,1.362792148919598,-0.9431097197371793,4.327931649080123,0
4.39970746000031,-0.2838679665083714,-1.6987276217118237,-1.0547243361455345,-1.436342835762853,2.691513675896603,1.6866280145764263,-0.20839989424706795,-0.40586537598941175,2.819175611216239,-3.826147067246212,-1.2454206046376495,0.8235084625976079,-2.5776376261712417,-0.6920993051047264,0.3010621919998313,-0.8246534858162496,0.07288999901804527,-1.276676392357221,2.658261647236598,0
4.657829065844191,0.639908155395286,3.8231897582292738,-0.047038878414983776,-1.8706546926601035,2.7082489259645772,4.322882992029178,3.3331478993176042,-0.849272223784762,1.6192453069881871,-3.814388783941324,-1.0870203828064247,-0.4379747854239393,-0.984543632582508,-2.385949021601544,-1.1766306203162413,-2.5719443581894046,-1.5005947480066135,-1.4674201397006477,2.0089401767303023,0
5.818853313953775,0.8167728962014836,-5.000525484577751,-1.4034024822896525,-0.5434800277460727,1.1813051291353451,-3.15227154425172,-2.4759591941249504,-1.3821560204264898,1.4123113690894964,0.10370247241309327,0.032378907423712085,0.01029724912603791,1.139318592994568,1.479023597407092,-0.17385689224359457,2.9468984297819154,3.395401363199631,0.7040182930096814,2.720133867821696,0
7.440709713407079,0.6251506751648698,2.484553704988241,-1.8820038065566091,1.244161522993803,4.029196035110993,-1.3730373207924058,-1.4359614071028468,0.13531134279050358,0.2540210029178598,1.8683305644059693,-0.19234306562525474,-1.9180097064311825,-1.1668302155144976,-0.4989263488695482,1.0704672426935193,0.3160914296371773,0.12513524775783758,-2.284606715941181,2.31731815860806,0
1.9363639241354909,-0.9436000449371426,1.6156223454926555,-3.2624069418839787,-1.9160588857113572,1.9533839930312604,5.6897960677725585,-1.4168962261629003,0.019465586740967555,-0.9446843447941622,-3.5955860631762055,-1.068666287286148,1.6251863032070646,2.3261731360955586,0.05715296116560385,-3.417071518838182,-0.1072428844339417,0.45553193352717825,-1.9310740859120052,5.572464915466285,0
10.016372961518258,-0.35619430725927786,-4.79627584716676,-3.001872446707211,0.5705219116555293,1.1333022256173764,-2.9961750720741898,-5.212860301661112,0.15001330457023426,0.11051266803503945,-0.2944795710751414,-0.48767086258228265,0.8966925384066838,-0.2406813355493449,-0.4830406634168043,0.39905244513216465,1.309413360528306,2.459040194451934,-0.7049051290026329,3.002571339522325,0
0.5057595213764854,0.4761706535870033,3.280079455463536,1.4083987515366094,1.9950475587431447,2.3204467457441114,7.0172480238744255,1.032791306239195,0.5476079548627519,2.428986037819411,0.714809604504036,-0.5948478380551941,0.8150638800457746,-5.196279978664133,-0.25638961102817187,0.9016943690318735,1.0218739008438575,-2.8139241736350797,-3.8154382286689743,1.0137342688555107,1
4.895351884988442,1.04752520403455,-5.586369657958194,-0.3700563404254491,2.734683508123948,3.4812363340071175,-4.348675553681984,-2.167726863128344,-0.4528269601380875,1.2144295983532563,0.4974988083199974,-0.0814902107085232,1.6742853636666095,-3.389285369385174,-0.7390622849784808,2.2104410315896,-1.307145007390453,1.4180953901880227,-0.6307233939182271,1.0190931466529103,0
2.7266754973897127,0.41856745849313387,-1.6957974960904343,1.8207252251469397,0.7976293603390219,3.3490728697277934,-1.3076190374043946,-0.08882838421901829,0.9771591860790889,1.2263853786861645,-1.1376087056466029,0.8046889974106032,-0.6205365983462352,-2.203470844332107,0.9028802181383404,-0.955474665221464,-0.2647453909260248,-0.7016474503203387,1.6417005152616402,-1.921023273194172,0
1.646564836535793,-1.4834149233943454,1.264265517999308,-1.0888740881881902,-0.09350788860400028,3.1292314238694936,2.3895990250639736,0.4973501551389471,0.361176974450346,0.5224897028888336,0.9311500964833523,0.7360980611725779,1.0572538720341949,-1.6175551073156327,0.35162031950500644,2.452214151986949,-0.1316781789665853,-1.8707381945924646,-1.2137419861826908,-0.20185101704201516,0
7.2992555019186405,-1.5528309481405203,-0.09315259012708348,1.0977306412513923,-1.61050953545694,1.8860501813755133,3.317365721494587,0.2713951478495562,0.5524234322170856,2.208994663262412,-6.597397776301449,-1.3501633281683119,0.2725431123422921,-1.4874196950295102,1.2424439925639892,-3.204815981102291,-1.556183757819732,2.03358883707144,-3.171078327784946,4.952139925272216,0
6.830164479104257,-0.6813024360754086,-3.6638303244398043,1.227256307143897,0.5522247832617291,3.413650566147186,-1.3546024183710774,-2.0988371944487,0.4056886230789261,1.0758261568743765,-1.065444729392492,0.7943503492045576,1.075013046885756,-2.751190047632364,-0.5214925957361385,0.5421942339393746,1.0293809787364299,0.6175569337689364,-0.1955830059731971,-0.19660406742738973,0
2.3534249162293497,0.39112038978399655,-0.10905437617913374,1.2836753699017498,1.9023567888649442,1.3647216972017502,1.763215285505575,-1.7833779553559905,0.07590426099514282,0.438122008186166,-4.299797537385404,0.5992079469799642,0.883346119704524,-3.768651872249184,1.2622946834797382,-2.1017080172370166,-3.3285570545153074,0.48425256611180745,-3.6813060346439617,2.7744936310986117,0
4.235758686773529,0.43486552250740373,3.285375545550636,4.9665146806207545,-2.6386233488758437,4.138646031933697,2.4280879571673464,1.2031000118763389,-0.13649600945984175,1.4559547955938597,-3.1095520781869257,0.18565645838316927,-2.476265156107346,-3.3093616150746894,2.001779509520167,0.06526086712425005,0.79301289441659,-3.6894561307968874,1.3216582269960564,-7.351970793849155,0
6.837256465752615,-1.4616324672588756,-1.1302164224173634,-0.9867012649379874,-0.21700451192491976,2.474593686030186,-2.8884014539569662,-1.8335917551919598,0.406258020156453,0.13310848706115808,0.2787602191859275,-1.129714867566956,-0.6653070613114733,-0.20184689318476512,-2.373744285006104,0.699527942127872,1.0173855794143933,1.246539042356352,-0.35441288337360666,1.3385731382673138,0
10.733661255603675,-1.0260431910812287,-3.2365818622498765,4.887060258482408,2.751237807332197,1.1603790340084454,-3.5184734536492623,-2.729577846531438,0.24374836171234918,0.9071769770565413,-2.7831450612180917,0.11215560261588199,-0.9684713105101629,-6.149725487082597,0.2237576394426006,-3.361655607554118,0.23530742625709222,-1.761234731852016,2.7132361900776405,-3.5889730863324605,0
4.732525813184189,0.3486146435061011,-5.071095543479274,-1.9350604515955525,-2.635432707200121,1.3917719366018022,2.6587918397673542,-4.736109479802451,-0.9738783155139321,1.9018608788441345,-7.714877591892201,-2.028678514624752,2.0748419044846784,-0.6132557453140541,0.0898426886242024,0.7233173057849731,-3.3003886081237783,3.4153316056116414,-4.226637109109997,2.0602371798239756,0
2.6909184520637486,-0.27647559469047156,-0.42350818040537125,-1.1838484018291144,-1.982412322161835,1.8462527142197862,5.829151840206283,-1.8791591688656968,0.5401476780033992,2.732529571989642,-5.714696349862556,0.31735145207830423,1.2407956891718883,-2.715019952542566,0.14140136675245873,-1.7231934697797864,0.3971629043915037,0.14043612787615478,-3.2097370717262126,4.6555285226142775,0
3.425810129438489,-0.23598620636725276,-1.0876163350774544,-1.1178221706543825,2.815903309503357,2.3727406450350674,-1.488732324858073,0.24907528260959366,-1.8826036158503643,1.1015093757068788,-2.7633524493488038,-0.35810903668027183,-0.10753033419455227,-1.861007219111038,0.47990840240412735,-3.839279056215043,-3.6567737421252886,1.23117226215638,-0.8242167270049514,5.948308005105845,0
5.950165794829006,1.6469735717496699,-6.03802523341742,-0.6600774421762471,-0.8524881776354583,1.2216992481186824,-3.823433362223006,-3.235058690536355,-2.1926337684256882,2.1823792098873724,-4.059344203461087,-0.32458761189564755,0.07264147737798254,-1.3471399237335446,-2.2442712834998124,1.3744086706988186,-2.173764832651266,3.1567278205957616,-0.8595507711797492,0.2081924919484995,0
0.6891405640051762,0.9352784435918888,-4.661195484952805,-1.7642653009873135,2.450400563883705,2.280597784173325,-8.056733718184685,2.1690345804855524,-0.37150212546034966,4.111198453705651,2.3341033415837367,-0.9372252521693004,-1.261868377026755,-2.827756816099737,0.17657901668339906,0.9286672330253387,0.43225563055401817,1.8294344903617847,2.2940392527362357,5.150623878433294,0
6.119842292430603,-0.2773211677965364,0.20326096722161874,0.5723109105768551,0.2056367409958979,-0.1695564760363748,-1.0640849101197591,-0.23166901475732193,-0.13409690404856328,0.9689663173751939,1.6237637453474056,-0.6245403692213937,-0.853753740641313,-2.634216879332239,-2.5443220653749057,1.8945355167556186,1.5531244780739577,-2.446666391848413,1.534708263370474,-3.1411609876140734,0
7.2224564577762225,-1.6371725405948823,4.511335404722258,4.068875033653426,-4.019029753134035,-0.8739217119156346,5.379302591176002,2.66963373129418,-0.9076348900303259,1.9423773733303407,-7.790270847802156,0.5151711678877251,-1.4585495323388624,-2.6330484289510885,1.7321808435928783,-2.4885117305126556,-1.8835837969892246,-1.9645506449812438,-1.5439533400059968,-1.3804357494786277,0
5.323395089678805,-0.04208955390598972,-2.257349965757572,-1.723752518133457,-0.2562480586719085,2.541471127546679,3.8034897561289904,-1.540463789588176,-0.39892166402325097,1.7155997498525717,-5.011262683395287,-1.3558382721146967,2.155768374916714,-1.5202435710476354,0.4782091602514038,-1.658165135959897,-2.3427547608980595,1.2575460670177498,-2.862200615243958,4.740432825632583,0
8.212078591994484,0.11216591255444883,-5.848540448369006,1.8604639980951792,2.980571223582316,1.5676899645693945,-4.660877061049634,-2.8266832521576246,0.07649963653208694,0.7943889837412714,-2.9034207948577433,1.5742493308617218,0.9799825107597514,-3.317163810990364,0.7964934270811614,0.7931763854249225,-4.703771252913686,3.032191226417622,-2.165363985702413,-0.3836092815985834,0
5.852884393969721,-0.16522151727120465,-6.658114902064875,-0.4279252864857994,1.036623654261755,2.5757867154562217,-2.3995098783067705,-1.760044332410887,0.9667586994849743,3.2057856445690436,-3.5772514476786568,-0.19399877815915495,0.8509567136345002,-2.2410645749417952,-0.5451223001697628,-0.5399042573538153,-2.0145908955010214,3.0481704218133485,-0.556826020591232,2.714985341120644,0
3.0449981291541537,0.08273562650356743,2.50113724092993,3.068871094250764,0.1871313199303034,2.1337962125687286,2.4298817769858854,0.8934129294799174,-1.0062847521559481,1.1243821940032832,-5.7196375405357545,0.3385598746566787,-1.340825698863421,-3.2061353188618056,-0.7210616942881037,-1.7203845492804923,-5.377295479595674,-0.9757144548699486,-2.425254043586124,-1.8598023445776353,0
5.918370315687756,1.268141668692448,-8.038960624758854,-2.0748701380088432,3.250404670919501,2.6942604761790196,-9.113892585748024,-4.512651537190847,-1.177489899067892,0.11025594574399356,5.683127983392984,-0.06460666947423897,1.431026489229005,-1.9200878274766768,-1.3502283513244573,3.9800348557548304,3.438516905830382,2.0174233202334726,1.9800108687258304,0.5177883237746048,0
10.873002630535062,1.1927565920253862,-6.438624162726995,-4.086320247884633,0.9016004552976246,2.0178399627802106,-4.939435204256019,-2.4940181072872867,-1.6181017756200653,-0.09736345331807783,0.9051082437786282,-0.05750697484107846,2.0368566054869377,1.0996996784367599,-0.8335459584252478,2.540975469893004,-1.9605141615445347,2.0495397171201932,1.2710927994427879,1.1510934856252526,0
5.317402070214666,0.452415664110881,-0.019255235357653947,0.719110796069035,0.15651901360485665,2.9380050525826507,4.093292641154991,-0.8034038379042308,-0.5214310090441325,1.0698531247524905,-2.921996428559535,0.5362039898707408,1.5733875927716054,-2.630956593758902,-0.66902882084457,-1.855439218748956,0.48293172943653184,-0.1795690284704361,-2.381041493975903,3.2638733365793993,0
8.349760605572992,0.1049783358653314,-3.167713982105407,1.079455514611194,4.48791542890659,1.8167986079527934,-5.672264448248981,-3.228619128262195,-0.8601935402431161,-3.3704917081493706,5.345569996880374,0.7493316221058792,2.674595791336335,-1.8694259740225903,-1.4033275419326363,2.4832171237941854,1.37060369223946,1.152754717514609,-1.0873420754414176,0.2482303751384645,0
4.264760452222775,-0.170703616103572,-6.692171321105994,-1.3200997396836327,-0.6652236908092073,4.155407312911993,-0.9693667039580695,-4.079471820676827,-0.32316092077528635,2.5451207431023692,-5.982934167737518,1.9364276995892096,0.9734005953520987,-1.1852093103357273,-0.5125008144359301,-0.3449114001670488,-2.8547245146995976,3.651373521372157,-1.8631160492167749,1.9804962232869883,0
6.485329681958953,-0.35721422161340755,5.039713369864195,-0.8021961613948774,-1.799490286062169,2.571536643444875,1.4726610558642,3.36254626978572,-0.22502939268044506,0.23872055147791682,-2.955260773558135,0.43755878578108354,-1.7380304335754158,0.8655915541439173,-1.1917799393197428,-1.3537212079713554,-3.4837113206112873,-0.6153521249290514,-1.2523032947247659,2.423235767587842,0
6.255423234177477,-1.0302501728571356,-2.099961378105011,-2.4860936217341836,-0.14361311513019137,2.180299708053198,0.9180381397800708,-0.9682354344038244,-0.019080147529368603,2.1064265068781007,0.8369410702428555,-0.414627863901876,1.1923296210162573,-1.6631196512201751,1.314733949407418,-0.39228207635886236,4.16496725015527,-0.24179668386345887,0.5631854374334486,4.852201635128463,0
4.7664056883786365,-0.40564340736367754,0.5431218461135351,-0.6804713631881039,1.6751413951151521,1.215949893378986,1.9925994433175647,-1.842030447439424,0.37595664000474444,0.5576376317942651,-1.269784650453342,1.1270499947908779,1.2138486290557227,-3.7207910276879193,0.9617997754070068,-0.3216899386726886,-0.5781906610301252,-0.5169160945814802,-3.313066053952998,3.7919691257652413,0
4.182319633727427,0.3863489297256365,-5.400656081234054,0.40504199865365265,2.6645617639401897,-0.5207672963562058,-1.8960334981443525,-4.069388676751667,1.2140051484915593,-1.3178362152336662,-2.7433298338565235,-1.1874385009109523,3.172375209220536,-1.8090558020769012,1.1461327985112677,0.0994902814669808,-4.077778898679844,2.566550542470511,-2.6862809061439936,0.9493131923364933,0
2.734679424373124,1.599737885972607,-2.8697418954241263,-0.4275717821686503,1.2469331673244954,1.6213514790069206,3.208256470588754,-1.8822692720947085,-1.4910495579941936,-1.7488574986726073,-4.36424734903625,-1.087632045447996,3.8000227845342867,0.7773178411763179,-1.8417794272192483,-2.4211379481156237,-4.776875681166432,1.8318564433842657,-2.527348332137726,2.3899744097254567,0
6.42482807939761,-1.4128565239910302,0.29891104411403857,3.2323796215896454,-1.6041386835640743,1.041775033531793,4.145129361525688,0.9963074794444834,1.6186570063610974,3.978909702171607,-7.3746543684553,0.13822962143412726,-0.016427714493301382,-6.665591075515738,0.19510292445087832,-2.2653701247268323,-1.1266553607295804,-2.7656413741056456,-0.6007033035791869,0.08345516270851837,0
7.178615095199639,-0.45557288839686594,4.987022070561543,3.2153110864422616,-5.184428588363284,2.183088635833336,7.730323364774685,3.004403576622573,1.7595610776685509,1.774668365271813,-8.22863160800713,-0.405924321102442,0.2161033340386218,-2.760565871847683,2.010873188562991,-0.5165351973443992,-2.4290337230338888,-2.5894527441548156,-2.961011247163929,-1.2370295334777608,0
7.793755741469415,-0.23975247331822297,2.218439848112971,0.035118296293183526,-0.08558442638992125,0.49856622744503387,-0.9188010875863001,2.0255293891581054,-2.1396826928269834,1.7759565956511005,-1.3158419827716015,-1.449474427416169,-0.9039453198105931,-2.8227591921597384,-0.4586907727077075,0.981356878202319,-1.6293225729261627,0.0944270182116348,-2.5645944499489093,3.548365143203696,0
3.033184637428662,-1.3253088564456714,-3.7727170724166705,1.870693355812943,-0.3156710509299685,1.6930640269197124,-0.7723780114199859,1.3360612664018148,0.8971256923502525,1.7840394281982426,-3.730276426604631,2.049192624198095,0.29880254358945924,-0.1395294887959648,-1.6792899038767377,-2.3714300248867817,-1.9215190725033726,1.3851900840681992,1.8735526225056502,-0.3323526373301222,0
7.357881352631497,-2.3605030762268306,-2.6461121407411006,-4.0561283592122805,1.8650932207084334,-0.2713021510879907,-1.9070064043277348,2.386716074571554,0.49231311518705456,1.4477557555984815,0.48716587509851544,0.27297752804430875,2.0064164394651325,-0.23527632580865063,0.9741895402291688,0.013451134604605897,-2.8855278643216575,0.9722361882054332,0.26391504383558795,6.736706487779414,0
-0.14652469452749728,2.2232110311197335,3.9202977174403837,0.6151779591337665,-1.6242300288155913,3.4229000989693263,1.973082233133651,2.160647267085377,1.1912841714308144,0.6936465277181714,-1.2713396905328296,-0.6317470875762516,-1.7354118645507506,-0.26920337203927236,-0.3983412627132983,-0.005112967429309445,-0.8504504163534962,-1.6227034221329,-0.3110149404658591,-1.1754668100744292,0
10.486138488897971,-0.872126066027456,6.915467468922735,0.6787498578470987,-3.10246609782153,2.0520808753844944,1.7873687259514128,2.1388495955652895,0.023916892043071056,0.8608349393525385,-1.6195127647641985,0.12224835154544111,-3.060280923795097,-2.036288561300506,1.8498000890621644,2.6395862359882933,-1.3883278875009464,-3.483149927442188,-1.4021080425802541,-3.399052158714042,0
7.8823343925159,-0.08988682779674179,-5.59396706952192,-1.0578064585979505,2.1314984869813447,0.7192362986800781,-5.925220885598809,-0.16368553757440274,1.2304168061012355,3.264868502020493,-1.0428854341201275,-0.7405406029226922,0.1448708883596198,-3.3786986151308365,-0.03274076355043758,1.8003990073194855,-2.964357903884352,2.474158899931008,-0.5219079959763258,3.123015799124765,0
1.0669419515870842,1.2449693168052185,6.303035146179145,0.5856681202249923,-0.8695742850763993,3.6195279813530084,7.543734254008234,-0.1963061219856892,-0.5053333008453124,0.6424589069329244,-2.1978447179056726,-0.4089584087688055,-0.43353822935496256,-2.68245469706751,0.4529623824129481,-1.7048042890223187,1.6024952587427674,-1.980136912999007,-4.559947028668461,3.3461336150710013,0
6.385323715969083,-1.4537335027289702,-3.482344067057742,-1.5270576198958312,1.5312255551955682,2.095839223928172,-4.092990353977356,-1.2239657537338684,-0.42918482934488017,1.7333844191730332,1.0439479189449348,-1.3922354556108747,0.21779564005857122,-2.1261252474241794,-0.049719199534177805,0.34209747013238845,1.5236525629894628,1.5714841230344196,0.09696947910245446,4.360017943538455,0
7.838983457624202,0.2735845735580149,-8.275328199587271,-1.6686655307568476,1.430907322809243,0.8162083181480924,-10.03190748419245,-4.205791910305352,0.6366955253666325,-0.5918522145003136,2.5879513563133516,0.16574974625312824,0.8436587943071205,1.264062183608546,-0.4035491161052483,2.658829754100651,1.2584120401336447,5.25435564909403,0.7629098362546907,1.775446896514874,0
0.39905738613279373,1.8436229260894692,-0.25811081756739435,-1.834484246283738,-1.6554092344062528,0.8667722142242595,6.784230640667116,0.10332351781618376,0.2666372819305297,2.652346792262712,-7.776630941270343,0.7248708222310868,1.9350881424534145,-1.8210051728879424,-0.9043681555518872,-2.000655737315564,-4.541459375645999,0.361433648073608,-3.808438213642126,4.874330401429342,0
2.945529051305165,-1.7390410143445012,-2.7783949323791552,-4.327020399716457,2.1828396642570347,0.8029154245953274,-2.795272910339291,-2.604961212472886,-0.30346212042784776,-0.7175330293298865,1.5028964891134946,1.9507119570584668,1.1574193142842324,0.30026897051875173,-0.9787636965386665,1.1489776310538313,-2.090769054286133,0.7747167560372075,-0.18596904259692038,2.4812832908486833,0
4.720987414380675,-1.5759748907892157,4.005086011064413,-0.7406816469518229,-1.710701938725757,1.400604310800169,-1.9835703871284651,2.18869897325128,-0.08120458898753555,1.2565062424631663,-1.5875765662312666,1.000617209002577,-3.4715551167106513,-0.3607968835406135,-0.624789489946599,0.9260695430051198,-2.681876886302403,-0.637538309613052,-0.5226757659753135,-0.051908421084156164,0
14.554980367268929,-0.5952951602637676,5.290711153082273,7.983010390835304,-4.18462253202919,0.6088885773420865,9.389292857177756,-0.27704596030169015,0.9755116517705824,2.8702860399620924,-12.538621981551374,-0.14711973657041522,-0.7978061276971273,-8.766573349502641,0.48454262760290806,-4.401870531978762,-0.519400462650794,-4.044061413691834,-3.997868170375622,-2.1125723821517672,0
5.352938758788644,-0.3527915011287008,-4.386919221354339,-0.7876692181607048,1.3074230177087032,3.2193178605526844,0.6951483931652249,-2.0947834468273174,0.5867708162632503,1.994417155167648,-6.887785769019272,-1.077587673661967,1.6617809032132638,-2.4733705990916426,0.7269971823391074,-2.7486450994995772,-5.397308701333755,2.7417697374481937,-2.972472234522823,4.8983376482895675,0
9.589640659125699,1.9428414441901574,3.617120100044639,3.2711087570352504,-2.2366148549520934,2.442029625287395,4.997362249486294,0.501807069723734,-1.3905981319399556,1.4973219023656867,-5.361608215580006,-0.8907087140737721,-0.8338732784440801,-3.576424312305403,1.7590953284829307,-1.5941841821064164,-0.3202578502515705,-2.0018157018827933,-2.2515050695107597,-0.9102078901710876,0
6.8349192959917655,-1.7377658429010692,0.5927425914935687,0.9954207562261639,-0.47232685621428416,2.265316191466877,5.450934330735595,-3.3812402899331335,1.4830216333882027,-0.9888342726416146,-4.285622370862398,-0.24534486440763456,1.6950728029322817,-0.058589124420695554,0.39966453992375134,-4.059206537085679,1.344266278313202,2.249865618878145,-4.533700916969565,5.0163358662902775,0
6.0068192139187015,0.028119438711816734,0.399819721626717,0.39346607748211926,2.1226654172282293,2.636075723571011,-0.9120222532501309,-1.3330616786861151,0.5389869632831525,1.9705520246218606,-3.4505170173564914,-1.5031257861715475,-0.6100810987728924,-6.649644039266262,1.267361217497383,-2.036706529799858,-1.8493126487929472,-1.8609721826350736,-1.3005391832363804,3.342154296590229,0
4.485740101490496,-0.7199806910209922,3.4415948829706293,4.845781958275593,-5.813148613518197,0.9056088726060773,7.853810788543368,4.017867829032788,-0.10391757958072818,0.19306808128228747,-7.546120563590948,-0.21426244339782408,0.1363448680497652,2.8577288472890423,-1.1040967975257712,-4.548344009818808,0.029039711440601357,0.13048419019867707,-0.14279722268383044,-1.4121829858394963,0
6.052906098287088,0.22631023749265916,-0.28257837306134437,-1.7348286296447204,1.6358376150570755,1.9203921224515481,0.15415432473766094,-0.7690344254707059,1.967626807154428,0.734134648724716,-0.3211679978298774,1.0635919440583792,0.5973054353049055,-2.064792681670305,-0.5812831230199692,-0.6185519690644321,-0.8101304900181296,-0.21930356476871204,-1.2240168860545741,3.7158418516701346,0
5.7050691175362,1.0560146767341563,-0.9187616114901825,1.9416741440173202,-0.276285507599638,2.3593511665998825,0.2823614534767382,1.1398702436577093,0.4469423342961949,2.042252065900616,-3.6397521068859273,-0.3897793778067917,0.5877646441917392,-5.185269463261192,0.08375314794658768,-0.3056333851960328,-1.7344208333928686,-3.249946018753522,1.6699397305967683,-1.916543296545029,0
6.296507073746195,-0.503405569142535,-0.6885942571912783,0.08371369122617556,-0.8111943290156904,1.8177433555175224,1.2002770087330354,-0.286847328929696,0.3208922562149898,2.610804398100469,-2.850781085827075,1.1772429961908535,-0.6027677012821089,-2.534795076056167,-0.2450600777560801,0.03487505926370016,-0.5399971294975845,-0.40761557766984113,-0.656425528483495,0.3103721341305831,0
4.6561792031416624,-1.0949543611810568,-1.653461879056345,-3.7605564409617993,-1.2090472328883726,2.8058271029530077,2.714717024077327,-1.4278158706960582,-0.6027511291748989,-0.1808314951958072,-2.063698617199811,-0.9795583262475234,2.5734756108818972,1.0587344720812313,-1.5935660719869404,0.7492991298891902,-1.8402079637091324,0.20712300130692973,-1.1634419007023526,2.438310221370759,0
3.8065140517859217,0.25770580875769883,-1.274612981781759,-3.4755973276070953,0.3897154961383257,1.663024594309936,-1.73120640105155,0.7394463751835689,1.8498575851899324,0.7137992335385233,1.247675362294525,0.08776756101989577,0.14447347314465842,1.8440789394744967,0.3385620403660592,-0.6393301268024798,0.3070285891284008,1.7085679216194132,0.5020535193606055,5.2469206212830874,0
8.529006459363645,0.7874245512506889,2.63583136175351,6.956750813866528,-4.284431247692036,1.5166844823806624,11.560430874480163,1.0829010930430858,-0.9362456637573814,2.1720180351368055,-10.227293343735896,-0.020294370894423475,1.8374014346240535,-4.865716307025865,0.6643931053765043,-4.327996610223985,0.851754350054895,-2.8215005024036137,-2.52387575338697,-1.798131424835077,0
8.170607898703302,0.7924491827169304,3.8318697379930255,4.8719268555370805,-2.615360671495072,1.767437477011458,3.958436370977206,1.2763147436748543,1.3605255118807427,1.3577037549273165,-5.344103075762437,-0.8740031169907997,-1.8928619270016476,-3.3886629689294834,1.9613305243281929,-2.261204279402909,0.020014482458803773,-2.94954500480985,0.018337598090662155,-3.9471177546348457,0
5.0249943110237245,-1.1859101043404487,-2.2861040274572697,-1.3329879921298122,-0.3899403664666612,-0.13723801023803284,-1.3945356735875916,0.4500317658637456,-1.18882792999972,3.4183325969987424,-0.194113389042822,-0.873873556797959,-0.699092795094131,-1.807920427082878,0.8989099515349335,-0.16831277517723975,2.4047996055186007,0.575528368746624,1.0272822686690168,3.49160579147757,0
8.593311312996411,0.6217886674632814,-2.7894271217054802,-1.5281923613107478,0.4946979025648406,2.0860640898445286,-1.5500439196931546,-4.810500397110014,-1.2777057770310325,-1.4955587770028096,-1.9394416877612632,-0.3437930557071417,1.1535853539823668,0.27877648443592645,-0.320120123545392,0.6559056240841443,-2.0650882523657597,2.4349122334081015,-2.6584356465790453,0.9409617242466783,0
5.68129927874436,-1.2341926871059756,3.3638526196334237,2.9343167235546948,-5.069304993842653,1.9027949424520534,6.322225501608085,2.335739233959344,-1.0436920686023425,2.6130451112769646,-4.252457342918538,0.6632179308116992,-0.1605659886092491,-3.1713127758898887,0.6127417488810365,2.4788643762342124,0.9939833536595326,-3.69983321734818,-0.8349097778835178,-4.756008666704139,0
8.262353855977063,-0.6845916129233308,-2.991396798099497,0.8356202928413834,2.7665250218936395,2.5313753939669166,-4.189496874602746,-0.948609434788607,-1.626123688727392,0.17509686506286393,-0.30797784411858153,0.07568187564696785,1.1097588466776827,-3.4015425339358627,2.119276240727876,0.85082184700164,-2.409993783799883,0.8911821837314813,-1.0138878861082472,1.3297659848848014,0
5.639385034170867,-0.04740040068168217,-0.0637633308813354,2.322406378663427,0.4257263712848611,2.1444227039942008,-3.1043281332529764,2.274440522803191,-0.9562311132622336,0.0174202525370577,-2.3473381982251325,0.26532940610421624,-2.38467625191125,1.2021999080105576,-0.3487318591865519,-4.855012865050345,-1.9356650468670196,0.4500594012137442,3.661465164960937,-0.7400523028092895,0
5.271449263990263,0.9058749024613871,2.9686486658848974,0.1193852381847087,-0.72498144881126,4.8144944702779595,-0.8200457349506353,-0.39307093206262333,-2.3130429024767407,1.9434685226327995,-3.03841819262325,-0.43162904638659483,-3.4842776284021015,-2.408380181046329,0.5625254096439908,-0.07077298413932631,-2.214262384072912,-0.22133126403133208,-2.049160828078335,0.2306098423763493,0
8.218478638184989,-0.7839707453860097,1.7762802686744081,-0.6934118941670386,-0.32045999322821195,3.657486975812965,0.4753268644608679,-2.0319379596799907,0.8276657876857794,0.3392214549007979,1.5965915141050435,-1.8386606223005748,-0.7704632613469002,-1.1706205183684326,0.7017943919860771,0.40254622453031563,4.368878009074852,0.42670103956679917,-2.214571866408206,3.2811453599774674,0
2.9565203545947982,-0.33353331940436354,-1.1952871392278663,1.5038867101491955,2.3613119807945,1.8169527684789504,-1.4678118890774776,-0.4599949284148823,-1.0934280094620663,1.8201154746957262,-4.369858615740446,2.174858016079752,-1.1132116413180229,-3.8341123006184064,-1.5001663119192423,-5.518303399861124,-1.8523808776485404,0.33389782364134546,0.3410564992688101,4.114120272825011,0
8.808155583660932,-1.1291494244618032,-1.940299622817661,-1.0311581610537632,0.8950549167301891,2.2815573182413686,1.777438960449845,1.3689704132227818,0.02165242457315635,1.624837578634588,-1.812156698175704,1.6585107475667684,3.7233072001719227,-4.079662450759618,0.700050728862808,1.522520213034393,-2.296776986353725,-0.9005011076141722,-2.0532296344125482,4.211137830494884,0
6.894785650343947,-0.06194336237218491,6.896958073442873,0.820918571074689,-2.5976614549543426,2.291353235249092,5.578462872867821,0.018775474236643497,-0.4227454010938881,2.6432846327262256,-5.174174569925722,1.7083538647081575,-2.6320732997318403,-4.3079540976973485,-0.2275850054696628,-0.14620666314955744,-0.6214581178445489,-1.4874685119862123,-5.772365758906078,2.6155404462087732,0
3.0831119182380196,0.4433595411864354,-11.321083823191683,-3.1886985888711816,3.112384993327486,4.162513324020551,-4.2532161120180785,-0.8840430561967124,1.1689714328740597,2.991561679192138,1.6375255598411644,-1.5461640212127177,4.942664125909749,-2.4120740257325566,1.6989206189213966,2.02935659287977,0.1980592201506648,2.3352379180581644,2.0710643801009203,4.854867283004305,0
6.813557385860125,-1.2036396286051871,-8.435031632877754,-2.1935112761569338,2.104082970454382,1.7370186003990982,-2.98896536013574,-5.79352453388939,-0.1049210228707536,-1.7913330677452755,-2.6980046357404315,0.08164426139984629,4.412909420137419,0.17118785212344337,-1.1899715602520446,2.042255584432003,-5.439823487892762,3.885894753211023,-2.5747757114177197,0.46626527506141496,0
4.801414761265098,-0.03228783442380299,-1.5829098817232308,0.11175753457539939,0.997020432346006,3.7536630762241994,-1.1330424445488771,0.4573277489944778,-1.4634821396328714,2.892861849852009,0.6722611491842986,0.3697813927861335,0.020531134451852284,-3.7257004593820704,-1.1657772952868333,0.4818463971994629,2.316595595035284,-0.07891256809548897,-0.22460806967841473,3.193120004458181,0
3.7982320215136767,-0.156452016708753,-4.274308515084995,0.32379403809464,2.9871198611767174,2.276223576438793,-3.330367744738361,-5.2126821593845145,-0.13434483162120395,-1.9708173368548167,-1.0223490527070902,-1.1629920204528597,2.1289939919657996,-2.2788322170576105,-0.1350828052096934,0.9262635548744529,-2.8031541502062556,1.8298283310313601,-2.475755074048145,-0.24510477386115065,0
4.657154866203836,0.36918178540843083,6.9122693070664845,3.1277856231245766,-2.915314878855019,1.6457961083459463,1.5751852575969656,1.794629186521858,-0.48444760926316455,1.6983882953226728,-3.6547522410438353,0.028877925778243912,-4.790432848618215,-2.909178966590927,-1.2167810504532242,-0.603239502367785,-0.5294926862279334,-3.139926562969984,-0.5108687787878781,-3.814253124805997,0
8.41418440009599,1.8887670797346618,-1.3745658759599468,1.246156485427611,0.27936022310966757,1.8327857652970354,-2.8079544487582186,-3.6155870042614993,1.2098582558241477,0.6070520341998472,-2.955516605520224,-0.6842088771458921,-1.4882264303302244,-1.8163472043872089,-1.304520661979252,-0.7216074791546947,-0.4061740022595144,3.0466297808343072,-3.0920887823945304,1.8246841794814828,0
1.0063616832772384,0.8262689918833945,-1.1734869309867604,1.0629933837791934,-0.5020958895927465,3.072649101006994,-0.5896229862373384,2.5992150550970194,-1.7575487841660056,-0.8017793151463908,-1.9593016461791102,-0.9691218132969573,0.20643415299770407,3.5311921268533832,0.630236461367017,-3.795099766661917,-1.7254562420534416,1.612906364532861,2.533929944600959,0.7106844861466416,0
9.869045007019484,0.42458007905175094,3.7465632778403277,2.785087024529071,0.40876841791051,-0.12195536509969696,-3.567534958603341,1.902815999851949,0.762771996942571,0.9483606430321163,-2.111009603944973,1.6014972342299094,-4.796361932946793,-2.7874395672574885,-0.7330133514514867,-1.975630686078532,-2.9615008084998014,-2.712909948281414,2.4813456098850293,-4.141497688777937,0
1.4399084577366437,-1.1258115699274442,5.229058668508381,0.5559373204865102,-3.2498290763244952,1.855001756218229,4.690926577325043,2.644779396849028,0.7249666257628672,-1.147588608853169,-1.1726670105313475,-0.21769605729727595,-0.26642499381849827,2.6289815225657387,-0.3660580891997461,0.04062326520378878,-0.05401826180384928,-0.8631121885195514,-1.4494690052368386,-0.5676805036372139,0
10.510927361951783,0.09819229558158887,-5.425052034625156,-0.568263289101977,2.916176433237932,3.835276384081634,-6.462695973578832,-2.750811153823254,-1.2518936486074044,0.2725848892964474,0.25085239771415097,2.099978849766714,1.0289009095011745,-3.2740996116304153,1.458143598227285,2.2178566152364247,-2.742918335900291,0.9603510583662485,0.26197323020284946,-0.41758441703587146,0
5.812142533976218,-0.5089190958426042,-2.513889622493823,-1.6012381306754708,0.2975500548656812,-0.006338699481859722,0.6472832343940158,-1.7515235499070037,-1.5132621081036135,0.496251454898077,-1.6788922525530072,-1.35847050525756,1.6275957899217923,-0.8361045754020349,1.586153126478249,-0.56330756207229,-0.5217911340528938,0.58435541866669,-0.610694481374135,2.5039570389931436,0
4.2273105314068875,0.7878454103814476,-6.159810335740465,-0.8234907387029089,4.120563105741592,2.917719601604167,-5.183474033419509,-2.8396672218185417,-1.3304393585838468,0.10712102400247359,0.940664128912196,0.12811411842722098,1.9127346609475633,-2.374802368664422,-0.9634962819983824,1.1026529914342842,-2.4074894489314476,2.1893550702298565,-0.5793873146525027,1.6687967108450281,0
1.7959280198460892,0.8390585129559777,-3.5072820749128244,-2.2942599986306753,0.6498087729054239,1.5703141192876888,-3.2701193304055614,4.716229371666879,-0.25676882177546373,4.351054426516051,-1.0225505733662228,1.8131496203583828,0.059847219812326324,-1.272906315781141,-0.42461880828553766,1.403652226698109,-4.226299436239035,1.0711150670724467,1.3550952519185908,3.597273004520642,0
6.58393871545991,1.434859895325224,2.6118721440962553,0.6981699808093009,-2.672457994208786,0.8172828737691823,4.12340784808548,0.5219193153228301,1.5779670955748948,2.089405973082162,-6.8009347798012545,-0.34190186467642997,-0.8917119611541431,-1.0059343496130846,-0.5561406591245769,-1.8803034813594868,-2.3775888527173503,1.9633979222648361,-4.931919259011824,4.4612292207363495,0
6.018922856802158,-1.9999629145052125,2.261162205008742,-1.7532884860147386,-0.3892728730569759,2.3614202266754893,0.6788060438486294,5.426110514496218,0.03749826003815924,3.7692039442722,0.3362766732240349,0.15456843527513617,-0.35314252938106794,-2.575337012105424,2.7010033996652445,0.7066084253508282,0.04964444223692688,-1.1677386184264247,-0.4419262657603156,6.166776966858407,0
6.03577943238921,0.7789975425295292,-3.2463487575447356,-1.6972471856766163,0.02232695979252175,-0.3961439854690619,-0.5467568807040247,-1.2234602352200823,-0.7751727638380662,-0.0056698899897462685,-0.3942221489484772,0.006205773722817271,1.3299676842483639,1.3911107752709124,-3.295499960444193,0.4122665341354883,-0.8469224750918101,1.4815333777609396,0.25367919300096586,0.6494789170312146,0
5.392558462293668,-1.232389142394777,-0.9239968428087149,4.762347762527122,-1.1817998195853068,2.3803615586931217,-0.7783125153063052,1.2971817245118777,1.0373174695326723,1.0500511121170881,-2.6190579301118087,-0.0861922668880892,-1.7321319189708522,-1.094649225692128,1.7846569569024726,-2.128959899278339,0.4319100086836345,-1.3189657277492939,3.756544863646389,-5.960638271170651,0
7.9178484036501455,0.11476319330437805,4.890495369909547,2.394851670216381,-2.2506265412463096,3.262194208277737,5.536881379620199,2.081983800955709,-0.47758772140450406,0.5285320351323305,-5.134811274214501,1.0771646274662916,-0.031027240073363438,-2.8626425397449733,-1.4729272721870734,-1.6477037563613468,-1.8347601411816976,-3.022698672424242,-1.7915995877189186,-0.36320932623570557,0
3.980802931279446,0.5005399507254719,0.5246320999067366,0.6228788890595282,0.6591546420143559,1.0204832228110523,1.9880685164281846,-1.2176381953448807,1.6379923444568936,0.527331421715944,-1.1774675744242882,-0.6383661634523601,0.1613649539018518,-1.7758286118356008,1.8676653817499185,-1.3115349480009821,0.7483140863413176,0.10615377867966713,-1.855930867055442,1.9190764277791552,0
9.887412257398939,-1.083194385292017,-1.2404039171200159,-2.201296412212984,2.0823490368022872,1.3235110560638796,-6.061803275082869,-0.4665134743200803,-0.019982165529048673,-0.4800872869779147,6.06213306469562,-0.15105685231919244,0.4539740987656108,-1.7121290653697612,-2.016131640440451,2.7783542222738387,3.595227134287999,-0.6134255755366791,1.554345972853397,2.7711393458004188,0
6.049630282136565,1.3642650352122687,-0.793221265109865,0.579338245653325,0.9514017705914548,3.403941741210966,-5.4211862989551225,0.44020587654654364,-1.8262720206100285,1.2465466682388682,0.6665708215730626,-0.5851471928702412,-2.739353703514503,-1.7982497989662838,2.2379749243925042,1.3520157377667514,-1.8354283104835758,-0.9052566027982863,2.4491415567718073,-3.6680661040509404,0
4.284382700756092,1.5539311304046695,9.003823186807075,1.0489827594156262,-2.638475845265413,1.2484871401972648,4.292804986674575,0.47432254722862355,-0.23770141123692534,-0.20086068938393686,-0.7661901193993578,-0.13395225685638898,-3.315669188180262,-1.285795132296268,-0.1263290172956479,0.371485069109023,1.7756007268977103,-2.708725831072667,-3.2324642362896583,-0.7651721769799585,0
3.9841990995166587,-1.5794906027592424,3.363380924505503,-4.542327445959485,-1.5562620145647958,-0.6081664865091239,3.3766925902446783,-0.1528084662926924,-0.43037356171844693,2.209199989419737,-2.4047678342470933,1.246460166105052,-1.1893839202615566,-1.1448577615137812,0.5718428965499132,-2.2488662194022933,0.9538531663547059,-1.2622487696751516,-1.3304941716459309,7.18339829019752,0
6.585494206052244,-0.8280710478837997,-0.7901824561705055,1.281696324119937,2.6104628824763125,2.4694037324545115,0.3871325452972567,0.18701927237833704,-1.1983414446693796,1.2387400915771278,-2.5201376892803604,0.6900802347426577,0.4890056283211279,-4.525611663768307,-1.641691057056063,-3.478767845435088,-1.641411931247259,-1.9768149897460674,0.934204303594852,1.7758387072502566,0
4.685559656496101,-0.8473556319435998,-8.239637980162861,-3.3308508412941356,2.5588590945333767,2.896521122513573,-6.688395558836295,-0.5951962235770569,0.3641242617967666,0.8794647587592321,3.0349305731995546,1.3267942226111964,2.4694342871597508,1.116610509089282,-0.3430380275589127,1.8473590215446447,-0.4476305139380393,3.6588680484348086,1.8424806039412749,3.9899441199609096,0
6.516993330818863,-0.004582881454473774,-0.2178658035709535,5.105398413055556,1.5700424263310429,1.674768922800658,4.31913323170589,-2.33228155230148,-0.7300902456178658,3.002418020333661,-7.747903945887597,-0.8379679685424152,0.319159558036344,-9.446294456686008,0.019288414812097164,-4.64988805301217,-0.7956862264115596,-2.595966944875394,-2.3006236956310566,0.8375937356655936,0
3.6633461018826594,2.4506215221327445,-5.301820818262568,-1.4771462754769562,2.6383680380059427,2.5676609341320864,-5.881918215265144,1.6373860805671425,-0.5328219243910458,4.000059369485659,0.6593855646582331,0.287225418165381,-0.3522932245234358,-3.158620565854935,-0.9962121236775038,1.3887421930854729,-2.2100175390377923,1.2057336485248347,1.6946273111496408,2.6446776648154144,0
6.897045493863606,-0.39090729672539026,-6.9661094742631375,0.10793206457453652,0.9441208536887497,3.2208588584394495,-2.5512717347951166,-6.5265157431725465,-0.7232775513008017,-0.31747771016851223,-1.9635294894999575,0.5524105861139285,2.0362411582419506,-0.9863368352095074,1.7395609299381434,0.598512085842172,0.558860282523604,3.870298565839244,-2.1599351201687247,0.6183208828333513,0
4.019446657388091,-0.8280710478837997,-0.7901824561705055,1.281696324119937,2.6104628824763125,0.24525609745352894,0.3871325452972567,0.18701927237833704,-1.1983414446693796,1.2387400915771278,-2.5201376892803604,0.6900802347426577,0.4890056283211279,-4.525611663768307,-1.641691057056063,-3.478767845435088,-1.641411931247259,-1.9768149897460674,0.934204303594852,1.7758387072502566,0
4.557362078599628,-1.8369214279915462,5.9108998530669705,-0.6381745724472028,-1.1779825275183857,0.6040805043882174,-1.24644237897195,3.1601402043452014,-0.4763979998324012,1.3917402877110465,-2.9464667244200147,0.8477220907725439,-4.571869335216667,-0.1385461216406732,1.0245465498876891,-2.2616215392573116,-3.4235729195482865,-0.46487100164470463,-0.6774460169934892,2.62431824687852,0
6.509290280682763,-1.4980023052181284,-0.7373878860579945,-4.065247069137015,1.413340851617857,1.955364756661124,-4.774318994332152,1.744809711173402,1.1546544716919804,3.3224215978192997,2.809758247984587,1.4097440352666577,-1.4699442735081933,-3.154308719140323,0.3459129305506194,3.2625583754760537,-0.8519218211455574,-1.4533519815298672,1.3859009743424964,2.7987286236356574,0
7.535809819626142,-0.6682735088097269,-6.451901745992175,-1.1433642410239548,3.2673191658648313,3.8113178314677727,-9.854644114126877,-2.023248681026181,0.5128116330354241,0.23017046910241834,4.553654552251934,0.688617049579274,1.428966862050101,-2.598628243490097,0.4512526442387555,4.392253431275155,0.8442595609083274,2.565617685645413,0.2953911826519806,2.2092212229076877,0
8.041265663314697,-0.6255945300522369,7.505284998214715,4.153315995553737,-6.170919867977714,2.9021476415880056,4.071260706606961,2.48606236958059,0.6512547915654541,0.8262774132694557,-6.053655114040708,1.5586591050704384,-4.439441080249864,1.3373643958961847,-0.40843500082115775,-0.7335427943191444,-0.7461921068851407,-0.0958986254732418,-2.5923517890346046,-3.777097249471725,0
1.4627679757307737,0.7826576714044633,-8.231010589255357,-1.2534299743085602,1.6508376467364645,1.3000647727592614,0.10217773834357988,-4.407990424416704,-0.04726484730378088,2.424349174966214,-3.6192655716407347,-2.1516525960630073,3.825505109841127,-4.027751234144669,2.11339969670671,0.2627671246497133,-0.9853111846110801,2.1323843191423215,-1.8938878445163487,3.5371165654293,0
7.553070187589419,-1.803380414820039,-1.7132516054297533,0.7022255296971007,2.9049391688389568,4.5687932950046,-6.672553701758215,0.5194289911648073,-0.1350284281739186,0.37445836605570926,1.485990014081312,0.4804441858662687,-2.1811464926192325,-2.0726225711757644,-0.4191910589916612,-1.1971721351144384,-1.5844738993622545,-1.5447260796013742,4.559524937029785,-2.5514982666005457,0
5.757773700170047,0.28786833623087316,4.925476142706045,-1.337069864955137,-1.360012643557137,2.178304270657038,1.2056808967674042,2.8687911634787246,0.04532735056980058,0.01764558223487611,1.5262252147408164,0.03672670367474108,-1.8219595131347393,1.2077332372552867,-1.2980119334727849,1.336110781219923,-0.4638748401144761,-1.8922031468577232,0.07153816066440544,-0.5737006792984324,0
8.798275844516876,-0.24900913196357222,4.595260098886115,4.310082736231017,-1.4578682542344006,0.4019980890715569,-2.3710937462223973,0.20100229970338912,-0.44664365789930893,0.36796202542304757,-1.489082561956246,-0.46136158679010414,-4.768331672217441,-3.3405704065912594,-0.7087402859929683,1.2608380255603002,-0.8601879775274774,-3.4772838773083925,1.2641082104388035,-8.501238251767564,0
6.326236143739836,-0.25267440543389824,-9.211407813346622,-0.09637539746237755,7.794071475958395,3.348724458699306,-2.9865500516013883,-5.075886761082329,1.144528460303944,0.12151076985276821,-2.1088500038713,-0.9320812778148019,4.877569252092601,-6.102357638114917,0.5022892392655179,-5.169130982140504,-2.246535479069321,1.9768350877409415,-0.686258797801814,7.636505511104756,0
9.522198904030377,-0.007221898170667149,0.7583381768986774,1.2852947780712072,-1.7457471638196742,3.9927968124729376,2.1604926835716163,1.908675329787638,0.7675591515092404,1.2542913506717377,-2.2186353920791895,-0.6213268368174499,0.2232427309049978,-1.3858674685698795,0.8941087208641257,-0.07281271540936807,-0.1786218992284827,-1.7476310556291414,0.8060683057940223,-1.3483205586731553,0
5.263662366995815,1.6544940973304945,-4.194722401431646,-0.020200930398727057,0.5061166632892744,1.6151948868613057,-1.9249666655821918,0.8113264580679491,0.6332523324042615,3.5966099633116966,-2.0792484971453287,-0.7994541822184883,0.022256117648305263,-1.9813343561279237,0.6403449580253462,0.6593587880430976,-1.7329850366347799,2.175700597666649,-0.5129776938227579,2.0637319134679952,0
4.080647631895768,0.15580149621946093,-1.510900191573642,6.055631868593331,-2.899141934029146,3.732803553183415,5.826852246245478,0.07775192845048329,0.8197398484206121,2.942466867872967,-9.043982913365484,-2.156667051308966,1.297742611394506,-5.249916948261426,-0.5069810941789271,-3.695673798187405,0.5633679481795737,-1.5234451299664298,-0.2918585654651372,-1.844655711654897,0
3.955435613512955,1.9995172697420485,2.9495770652984743,-0.44865246206033427,-0.6000440562228835,2.424871202450416,-0.43765468643796884,2.863338162374327,0.008063210440265381,-0.45021502558120585,0.9394702138570015,-1.0670113369354826,-0.7744960466787045,0.05858511187862544,-2.1415963689759168,0.5880660130119462,-1.1684786027090226,-2.7268909242622703,2.0225955812528933,-1.5956290184141095,0
2.350288207213702,1.0341638277946525,2.365314622757075,-0.8635580506422766,1.2450100126212202,2.3128811686583886,-2.4974522070170035,1.0535486334739,-0.8631765898097616,1.2371210591014246,-1.1292478951484144,-0.13284885995366977,-3.4430562619466656,-0.3200478367481829,0.811747308472895,-2.360840399632366,-2.6019726926727493,0.8498848711535953,-0.4979972523493261,2.9564630367879814,0
4.3548474311407865,-0.8044409649462488,1.1844416259975545,0.10820059471509635,-1.091134020942006,2.761807409673571,-2.2574031944827038,3.380644948676837,-0.5834605649749118,-0.7338537234161788,2.087255645612999,-1.5518562236199167,-1.4447861325106934,3.0467987235027785,2.199440595117157,0.8966326800289084,-0.8749119024951135,-1.106669364754751,3.7807554450064034,-4.078783962235437,0
7.127028369930709,2.0915484658441206,1.2746302961029596,4.4718353545387854,-1.3501236162664974,1.3623861117889664,4.9411711812287304,-0.5349397253733645,-0.09913397337523965,0.5207395295874078,-6.332173419379155,-1.0120520916009463,0.5160199340745062,-2.788715828607723,0.5779488786429685,-3.1978033606293352,-0.8065484079002884,-0.3666707714521378,-2.442666341340246,-0.5950735693955744,0
3.957951551431406,1.5837046241906565,2.461718283841884,-1.2077673829168436,-1.1164494758920698,1.2793191818922973,-4.999892143080317,1.6055228056527462,0.520541339686468,-0.2925400346087865,0.13787377551326951,0.17611028054269767,-3.9132762710291416,3.327954512609322,-1.3048202692015622,0.5142787947920566,-2.804613746931669,2.18709510177314,0.04276255047633315,0.10415564898025644,0
4.998598380329579,0.2974222907889713,4.170188782350413,0.9189973791741846,-2.1510071340617563,3.623352020534451,4.881209016500371,3.097316105204606,2.828156791272619,0.8070537939800262,-0.7991407567060068,1.2102792523695425,-0.31638165149008013,-0.6110640416450092,-1.7591848050483792,0.5417968709880219,0.22311925120022225,-3.1855444071611947,0.19631082400048938,-2.2010182402664786,0
2.71868452375302,-0.13544506314174729,-3.9759833835527396,-2.2008096928640413,3.079695449655943,1.5754047337554216,-1.0494191877344228,0.9218629581726108,0.13338311065323954,-1.4998686873265243,2.8088261279295055,-1.889705402664127,5.095078792868639,-0.4108738571015769,-2.088777040415374,3.045413090884738,-3.3059132508658013,-0.07350332193994724,-0.2829220676865456,1.6093084562512783,0
4.12605277267923,-1.6527544884026852,-2.9005330961278144,0.43540313697827915,1.9988581340510092,2.846462875541264,-4.055960803145417,-0.6561128724923582,0.06678155441067746,0.7753740034877736,-0.06947977374361054,-2.127716447563899,-0.06015890743493579,-1.9172516640494783,2.263092699230907,0.4921795231175725,-1.678525305133962,1.2717800161312345,-0.07011665714686444,0.6170332324405348,0
7.273059055139946,-0.7119063212864974,5.517525344598234,5.685169737256909,-4.243558025313028,1.9513558582114925,7.920872356437647,-1.469436906739729,0.3528586155307208,1.9882253126394345,-6.949285286316353,0.27958546501764203,-1.189838033455289,-6.545639042110399,-0.08885777195492155,-0.11927043240535862,2.296387943960357,-3.730960325568098,-4.096813729360761,-3.9161129984315375,0
3.54561390879518,0.14892670755805743,-6.115273556013208,-0.10317127065766951,3.5876623126101785,2.276216650654953,2.745463668862427,-3.3943996891412134,0.39299631981646277,1.445896296215337,-1.2866282956631536,0.10001654363500721,5.554890503422733,-6.690685122962352,1.5684002576939644,-0.009375496499677616,0.5159141776183598,-1.1791827163221473,-1.6367071609941877,3.4091229639214293,0
2.2637670548412716,0.3633533991597255,0.9985624362579552,2.340818531904551,-1.4643331156930117,3.9923193024474575,1.397858943391492,1.9140281434930757,0.5430324658713833,2.0980434400980705,-1.5222521448750994,0.36363838004027316,-1.366351868267873,-2.276965981349296,2.348700717378151,0.2514956956805716,0.40973880256427786,-2.673189253644116,2.0143777407461685,-4.2246527097929105,0
3.9215088814948853,-2.477664227176808,3.77907125782072,-1.2118419079335712,-1.733404452522266,0.9158702581356912,-1.8435583670862137,-0.2855796757024799,0.4901182136659032,1.9281546004469996,-4.763571900126688,-0.2452969405066799,-4.890807050258479,-0.48222181410119014,0.5096302558412218,-0.9254556022435338,-4.144039447283133,1.2573138331197042,-2.588064987513712,1.7016919463690763,0
7.102057578728729,1.2714966314762082,-0.9040858792894803,-2.8780520178563633,-1.7602872367285087,3.7866132908498287,2.7600604764095875,0.9082850677986261,-1.245735074310572,1.9268959805443056,-6.7672493661962845,0.171452834641134,1.7632437717430873,-1.0258954468899424,0.36148750948041847,0.7686218533280836,-7.187104230953193,0.6838001761714825,-3.2164079065980573,3.378312627132486,0
5.088560483901988,0.5908531720039053,3.652795745510417,-1.4134287547008593,1.0510342130937254,2.580600770138847,0.2240858068042365,-0.7001114281480747,-0.5467619801489387,1.5061347301065424,-0.4741383167908654,-0.030230462514182373,-1.6316972558879754,-4.667178351370036,1.0196703856437204,1.243177641877646,-1.2337364545197522,-2.136529391358704,-2.877806203252024,2.3411345315219143,0
11.17524902975073,0.40528104778722257,6.7851247605130744,-2.181070930502105,0.6464892685445864,1.5754479744515528,0.9594180740286329,0.36866888862257086,-1.4548381572285698,0.9067399782662894,-0.8457707101991143,0.4795589892676389,-2.98879253032572,-2.9177963879050055,2.2927221633033814,0.5840211888590836,-2.898372830120804,-1.6591703350335472,-4.193908740436933,3.5096504119617182,0
4.91168575188903,-1.2325845997953266,-3.965075429705977,-1.5118878122846562,-0.3421504653616261,2.0016037378626867,-1.4305379686356101,-1.8928932864559116,0.46385683413237044,1.5256915331206349,-1.4846043627660626,-1.230508618755401,0.3315915137115286,0.16285250481555005,-0.7215860380461684,1.189792546194478,-1.0213083210825271,2.2382965158323027,-0.6346112336296403,0.6602591366161418,0
7.161233010818249,0.9542485255249595,-0.9646559349341531,0.40687263040433175,0.06601282760747018,0.3204326174259975,-4.835592969329631,-0.737716057604261,-0.3680898534344928,1.7114383133662912,1.4602869335779607,0.3667283926235443,-2.6018577307965467,-1.945757021448704,-0.4636126101239378,2.1686653246870486,1.3079736940812414,-0.07785463760075695,1.2813145648346334,-2.2263176119460573,1
-0.6382630703571803,-0.044811920913876466,6.030939483416163,0.4045815872926005,2.027701527172791,0.6602175657998697,-1.734122404317521,1.003535458942055,-0.2150259484748178,-1.3017142338080907,6.525469438548364,-0.8917367041899836,-4.392041309856895,0.9887281464572263,0.6843808846401369,2.1466289632840425,0.8401115601260689,-2.2700634064231786,0.635154663403602,-5.242112195190969,1
6.733084926889964,-0.8197616543280072,3.939931038973732,1.8227469272522723,-3.956222397223594,1.230618926539424,4.051159373595778,1.986989363820315,-0.16241139592308898,-0.12957908698605425,-0.13439893871066683,-0.5026728800893328,-0.9220200699989671,1.7451189558742166,2.645507118597553,2.165005640581916,1.8229528837170452,-1.5218841639050573,-0.29290613182481495,-4.692949207309505,0
4.559938058378221,1.9218019710730097,-4.117838138090383,-3.4554353578717882,-1.12776284919397,1.7815122566236319,-1.9183653617086376,-1.1668805836484817,-0.7451249011685114,1.9732200156225783,-0.21844777888671374,1.0934078527702837,0.6994160758905978,0.4773411426863385,0.9498615753996323,1.89310922509926,0.5383636200186674,1.5301092849768496,0.6548448819258248,2.26811241572427,0
6.738153895426274,-0.8911717918507898,5.2098799632603585,-1.1011737199180285,-1.8273741157348966,0.027170366452628603,-1.0115405510064341,4.391398600980581,0.6115971252284972,-0.14386296483651595,0.4674443431913552,-1.7050845241029284,-2.494648689991138,1.3382302830029156,-1.137347648456753,1.2058978768894684,-2.6727337157329263,-2.393433504649396,1.5243980813912432,-1.5826481981809624,0
13.271279139758489,0.8065928758865548,-4.067250286060915,1.0622518026787842,3.0970444300822275,3.020845283051776,-4.223999668992383,-2.9628386256352406,-1.7193217059477706,-0.029002340961651107,2.7927015854119523,1.41913566388785,1.5571842046257118,-3.5183172328817482,0.40076561859553295,0.7412029820607813,3.402929108309122,1.267055894195281,-0.5361204344374754,2.4483402230217286,0
6.163587837314041,-0.4927267061246552,-1.657903910493573,-0.5343788160050882,2.170550209258736,0.4996809038475921,-2.719229276342997,3.718028124548951,-0.8070689631985012,2.1218130641984763,4.1177982707436485,1.1832602845118523,1.8017447581333539,-3.4297087348782163,-0.524346691442165,3.3842060248447194,0.8280151536028533,-1.0098040065488125,0.597693739641918,2.9058932389417653,0
6.771030092064267,-0.013531860893396044,4.82129493932769,1.8752396527667121,-3.76616371426948,0.38960570302971886,1.832817542989023,3.6977760340482573,0.8349130194597579,0.4613453585389693,-4.57325999138052,0.4191211700461536,-3.1985924678041187,2.9649545342737835,-0.17641883802056613,-1.7913970509073929,-3.144037708195552,0.8752827936095897,-0.8274571402391817,-1.2624822143491448,0
4.9312798199288554,0.09608170814356816,1.161829820107034,2.6339746459861484,-2.5045258597656472,3.693255799245459,2.124338769936534,1.9381232287292345,-0.6465747188069857,1.370512911410679,-3.919521409464716,-0.5294681512574925,-0.6490340133147751,-1.236119222158135,-1.8455504239172174,-0.732482920802471,-0.8326386779961732,-1.264437951464242,0.5637437787734423,-2.4711958472511775,0
4.2512673108111185,-0.4130921346536474,0.09207207185427496,-0.8825254902577189,1.507224847029426,2.1983526848233437,0.7900510494250943,-0.677716303741764,0.1834852981482457,1.0932532201832663,1.1015713927771664,1.0542747293920938,0.2037055126373868,-2.5366780111891547,0.009730599706442127,0.35537292750042515,0.8784736462796265,-1.2031704166576973,-0.582151855127835,1.4179694206546556,0
5.525830561053875,1.4326604593902097,-1.9805665739279077,-0.1962661717035945,-1.566612133464887,0.5971386784043216,4.194677042223699,2.7997649102643294,-0.20661068709741806,-0.09977389245370571,-3.7854524871670883,1.3727668525367536,2.8841616862824924,4.368860751841473,0.08872013488441291,-3.713186555369058,-1.7919616441026824,3.2473938221297276,-0.5828774193489276,4.806767600373429,0
5.825237899985963,0.8906708297919201,3.4386914518728786,2.5965057106728135,-0.9687961221615876,1.7692161669518953,1.2451863563195067,0.34226528822974556,0.5172036511522979,1.4771051632166712,-7.083010200943398,-1.5835558073360645,-2.8701378069584607,-2.476416530520941,-0.4207537643064398,-5.281800738145737,-2.375595689279378,0.6162870719754174,-2.273078538642795,3.3637717256418442,0
9.595890849160721,0.9895934179487844,-1.3194507402235693,-4.07255618009059,1.0671811885594893,0.028161075809965297,-3.36196590237702,-1.354346498817503,1.300989959847717,-0.7271975393854655,0.43888725904654663,-0.15805717990797605,0.5375485050976141,0.456740553736379,-0.3377117580373971,2.0951773503127504,-3.7782809840651104,0.7941229838351092,-0.8824628674720646,2.0533357658507274,0
6.691541387119162,0.3863489297256365,-5.400656081234054,0.40504199865365265,2.6645617639401897,0.1684431150400587,-1.8960334981443525,-4.069388676751667,1.2140051484915593,-1.3178362152336662,-2.7433298338565235,-1.1874385009109523,3.172375209220536,-1.8090558020769012,1.1461327985112677,0.0994902814669808,-4.077778898679844,2.566550542470511,-2.6862809061439936,0.9493131923364933,0
3.9167830826379575,-1.1715105996139916,0.25267529640736935,-1.2808189514504074,-3.276532307691392,0.3049269620080727,6.503423561126367,-1.881291258790859,0.49750417263479774,1.3181511356826145,-3.940898794351371,-0.2770997761006399,1.0536019345873988,0.4487544378945011,1.0948269388010454,-1.4397536449670048,2.349549539891781,0.25420193023599325,-1.9591132947675423,2.5097869285239773,0
8.882813857276869,0.6423713258917737,-3.1139062619090754,-2.6882070731869945,1.296200990907093,1.178543052540102,-6.162887341314581,1.8917017506567002,0.43611211403566386,4.055933117654294,5.0768442626365555,-2.385183610042413,-0.672532052807792,-3.563424643688606,0.9561095748754636,4.085879717971059,3.475985189150392,-0.46828333077304096,2.2978140425727327,3.3673716992270957,0
8.51029110361987,1.047628983651067,1.1297324217147915,1.6221040902456636,-4.661239119691155,-0.22604144712485996,7.668405900927404,3.324853543412687,-0.1456888990028897,1.295499256166723,-7.118223848597858,0.16178229042649364,2.4626505794430202,0.8369502963207676,1.0837831880611355,-2.8738572755372385,-0.6531820134617068,0.20166349581177578,-1.4691726616160574,3.0277321627014735,0
8.642397798283026,0.24628814192929324,1.0696696286572032,2.8748348871030878,-0.6245411352091067,1.9063478267198537,3.867994601577154,1.1957304765721914,-0.2894638094733988,1.9832562405597014,-5.983758902417894,-1.3133982683964622,0.7854626503614666,-5.419104419564776,-0.6781218440157866,-2.4299497818776796,-2.038082354232114,-2.9758912841742937,-0.5157701096071168,0.05118719112816381,0
-0.27340506431268974,1.3040995787888334,-6.850743684490831,-1.5962311162426375,1.0340846586661603,2.0820611143598837,-1.4807306575933605,-0.7331137076995489,-0.27576742313751507,2.2750657548446016,-3.194796850675341,0.8028932434464346,2.536111933002699,-1.3097100737063099,0.4553047657720194,0.9849370875286143,-4.344887662309313,2.2721230017642933,-0.4317049798717195,1.7267445010417823,0
4.644699243229806,0.3468707394650918,-7.84104319537271,-3.1376198002304116,3.0738666923492515,1.3771147537869217,-5.322329827711863,-3.3763036815458602,-0.8989090237974426,0.9211480433607457,0.5490586343783744,-1.1782040031716223,3.0786306561251675,-2.758637263713792,-0.0832410448154558,2.963998331818467,-2.5064222614779212,2.002273533914197,-0.5336409245077859,2.748790485487271,0
4.8319086754520555,1.0152867215382977,-0.6714113993804888,-1.7086131304875392,3.693662691733187,1.7479682075864436,-8.8462175757729,0.5786843200238905,0.372699912031318,0.7047413944776085,1.2444056521554039,-0.5093576004337285,-3.629500483940286,-1.1913728185523766,-0.4283087568222698,-2.0967145552523716,-3.3761815675185205,0.49488170501192585,2.8345772156153837,2.309068424819563,0
7.918928518747421,2.1960679810715567,-7.996783916457025,-0.8511348421508025,2.0683388439374557,2.3620932124944387,-2.764616490361541,-6.687809679789387,0.10241121365336595,1.6938275171123536,-4.290177732347645,1.0811762033893677,2.7501171882443165,-4.500466705523261,-0.5178098833739793,-0.718621677904643,-0.2825374283138177,4.276950187484699,-3.871167816715283,6.333087247942997,0
5.007830593328579,1.0122025847613467,-1.5063306316891119,-0.654282533102309,0.5877334977068998,2.9819493386939424,2.3884746809768953,0.2545124404024002,0.24599620029710972,0.11212570440835834,-3.789049041472723,-0.24843906342865588,2.7006244068955927,-1.027059160074899,0.023242854019411018,-0.022227901282252827,-5.182100854148843,0.5724112113488768,-2.5351555613449657,1.8713975596227304,0
6.792954196827731,1.588748974474134,5.775154987653363,1.694038336733743,-3.4568055094593824,1.7520391667089024,1.8513095659562542,2.7074273199351007,0.865283334388961,0.9487319715864231,-3.556684753916103,0.8523964677514694,-3.563728434826575,0.6038694207884803,0.6474952630487543,-1.1097026274095534,-1.1435155474563878,-0.657624286259598,-1.0042168557165727,-1.0137690424661319,0
2.9448036799894926,0.8195636743553952,-1.5068916590760897,2.15872217769515,3.7671545051376016,1.4243965342591198,0.22427750038067307,0.025542485546337312,1.524596714673269,-2.034383692984799,-0.4432269008563901,-0.95327833482813,4.006611944993114,-3.6418132756658537,0.15527268179024548,0.5529264774616458,-4.310359802213945,-1.1240506333521303,-1.896461021663412,-0.28459395930847703,0
7.466150204902201,1.2247091005105044,-1.6876995974597195,-1.0382557459505481,-1.028039200987294,-0.018108012339693502,2.9446158034076833,1.3955064396259873,0.3523656200885083,1.9189828088765815,1.1916933629963273,0.7685857689792783,2.655658103310653,-1.1318804728095888,1.0652612253677956,0.03011162276922963,4.9768220438947885,-0.6578883301040042,0.772432708305945,4.409647898812724,0
7.022042850219648,1.707302235520759,-0.15551947381815712,-1.9678247426354436,2.546322334823431,0.3329160264803852,-0.6717370888221775,2.3071915750345355,-0.47328812963422834,0.9391482391305926,2.6285908880193,0.7785716622750871,2.1777183819760957,-3.4754804647410933,-0.3952933116565347,2.5726931613998523,-1.5493224644514638,-2.0988484862622965,-0.46126195159781014,3.016555279999763,0
8.625107629014776,1.886793157704936,-1.3470657153826442,-2.199430338391994,2.3515175347237824,2.0934715331515075,-5.585683284521011,-0.44293501169647,1.9079822367008294,-2.0445814894870287,5.827850201285456,0.93313832965425,1.1659951948634084,-0.07197017174747163,0.1880677334090751,4.246920995831121,-0.12982471739845114,-0.6569451104410311,1.1550467862191325,-0.8390167038473485,0
8.27150527571421,1.1999983051910386,-4.824815458235506,-2.2629353195355,2.26413904878864,1.748723657639604,-4.497386439239614,-2.449126294677084,-0.22903256144520034,-0.5247259182511295,3.1147373103001263,1.0318683699402105,1.666790828420221,0.03647958106557432,-1.0702900084830211,1.0234181449344406,1.505339044907421,1.6927147747951792,1.0391629222287961,2.4829594470963046,0
6.377031882056533,-1.1007846799704342,-1.0867394257407348,-3.5456640782704674,-0.8953512173797911,2.341748419086107,-2.2520246009370903,2.2311391156083005,0.7435997187515015,1.9001917402985753,2.026979917881955,-0.5549478589542433,-0.7066464425975063,2.12653706664907,1.1965521397844034,0.8161186398189542,1.252888162937619,1.2484373044764698,1.6669889097367916,3.9133215248329907,0
6.5867804674941155,-1.7341907214617693,4.841921098649198,2.4191863704318006,-2.5253099154353102,1.096807518223431,6.88935770325054,1.181546457129468,1.3852318530830543,-0.1900640814990615,-3.632209866973497,0.5662770245264929,-0.011396672468204194,-0.13175375321049085,0.24777236856264268,-2.6770310014736687,1.1486149894238213,-1.0197885673842129,-2.498640604613599,0.9901173718632943,0
2.9151692864017607,-1.4432690505218029,3.4937246448815995,-1.85593930070974,-2.050031665531369,0.8229225797829175,5.154936252002153,2.5342892389122267,0.008198806494669815,1.538420383341581,-1.6146962906856692,-2.2385211042623174,-0.2159583399120335,1.4420492751194016,-0.050710097246579634,-0.7367630528510526,-0.09300058487966212,0.4748884918513696,-2.630822598747538,4.6111451606525735,0
1.065467350890216,1.738357159146481,-1.4088699769932878,-2.477229324443238,0.422296662796542,1.6995003136896132,-0.4315768888169616,-1.2875449531083574,0.14392470325572182,-1.0150009426602193,-0.40099877166216985,0.5922711232162536,1.1517230012702735,1.64485034223073,1.1956041867158491,0.08185373611173863,-2.0706449298949496,1.23205000326958,-0.7130081310843923,1.771923481725467,0
6.351632878147586,-0.03702140163967642,6.770726874862689,3.0087741632854286,-3.382654297902174,3.0765016781826224,5.643193281751729,1.7661198443868966,-0.4005720316927043,0.25976977232676024,-5.8441555307716815,-0.08056611151364441,-2.5376354536096724,0.4730478513222782,0.2646081668411641,-3.294875363893997,-1.2598645840808111,0.0600165986364114,-3.531651827184436,0.6669284013423894,0
6.202851456101569,-1.5130310044684059,0.8574611604177944,1.990573863755404,-0.5148063795342792,4.563287094381298,0.16193648200869626,1.7739312317879676,-1.380708248798912,1.6846964249560652,-3.845110532738972,0.8653482044780729,-1.3716288353261215,-2.345373164497835,0.512743215370743,-2.257150332646889,-2.090067260025057,-1.2664064201166243,1.0271723578174394,-0.6363382887854131,0
5.184824179364495,0.06623564251806349,3.231622616309546,0.5477812268687224,-1.6097649286315892,1.1851184341085228,0.5917219419582594,3.8536573197151878,-1.2089705244278643,0.12372387062587464,-0.4977994661846654,1.2645001142145023,-1.5931451966404104,1.3482954949385206,0.6275194393908393,-0.2944987879289399,-1.7232352768944719,-1.91057782467483,2.092467454634962,-2.486231361720669,0
4.442530680522206,0.47868238862814,-1.4838375031856748,3.584957726775848,-0.0825124602139673,1.9835450611855867,2.79339397860371,0.2629389600490448,-0.36157991320565763,2.3688932413747397,-5.721321173628591,-0.005457434504078602,1.1810062659808938,-5.804740148523977,0.5025909525599901,-2.667860106651043,-0.9678400327277116,-2.4330186278552866,0.5408928126748591,-0.7379768131730572,0
3.7304250581290717,0.06499441807821112,0.6387389124081461,-0.7990165801944868,-0.14115950840959912,0.26599165667993163,-0.09858236496235005,-0.3537757928642681,-1.149795675719467,1.3016581823643287,0.6515615703294904,-0.5174823186045607,-0.9325606506153352,-1.3246249607115472,-0.8750710172315842,0.1244244268226069,2.0392470152840354,-0.4847599498505606,-0.0897010364551808,1.594914911131453,0
4.1395397715506626,1.1049816545655393,-4.463731203950154,-0.536979305915269,-1.4628153205559031,1.461480248962552,2.0077868466116233,-2.063824792473885,0.07112843622646518,2.0543993335497133,-7.628029338249957,-0.3462975961523722,0.8787273932820373,0.8424024349523545,0.14314675500521834,-2.096512994880302,-4.470964268858807,4.149467807369664,-2.78400018014585,2.503382270785934,0
4.639357287512302,-2.37753763298789,-0.2801634497795017,-2.714947563327569,0.010153433240777998,1.5916860935527983,0.27620637520015007,3.2447643916633044,1.7245753761018514,3.2239447126844825,-1.0618583149777039,1.5844091307704122,0.3346434935036988,-1.9253255117683885,0.43739197194144985,0.5046933997879082,-2.0058818076381764,-0.6419890696013217,-0.011415730916174538,4.697422401467076,1
5.982428304630433,1.3942010161880138,-7.064817439390018,-1.868497695291548,2.0443024021104126,0.3882672464359237,-2.9529546182313013,1.15856937678406,1.0173624845820701,2.8915187560224553,1.75932143139033,-1.3118725524293122,3.10863515846185,-1.8678425024593925,0.8632488350777309,1.1619799463192342,1.1331714683247998,1.7612772594600568,1.4597899376604584,5.045089192393141,0
4.292591283101943,-1.1881103275837788,-4.236812731088737,0.43808268116841975,3.0435128352447918,2.513976494606694,0.1304918545391244,0.8388490603722674,-0.38426145575499826,-0.08768450160978891,-1.191737705998889,-1.5386540521199723,4.565919275202278,-3.4146803885835735,-1.5116919485438947,1.3075325713915131,-4.998148831111024,-0.9518752677942801,-0.4449059486947582,0.04162989199243062,0
5.096743177949828,-0.3474227365865381,-0.2397413790520027,-1.1017209979041336,0.7020839260195826,1.4571225467485633,1.0212697967370097,-1.4897248114523136,-0.29577940726975727,-0.31800967936891555,-1.7019715818686703,0.01346524054774068,0.8544708848338386,-0.24353218166054505,0.6802932201596912,-1.439053226520203,-1.093775022654329,1.2726684259960477,-2.2570209821103258,3.7373944395212804,0
4.384392395936596,-0.12238062026767917,-3.1828075395215234,-0.5735355107175055,5.346691323669208,3.166728202615831,-0.09557161684769729,-3.2594269154260376,-0.4586900239728265,1.9367852579316953,1.0788901412320362,0.036142159196086175,1.1757690083322427,-6.126837367728917,-1.63715386649502,-1.5117949603629302,0.795234822213355,-1.0936391859269794,-0.8275427123893888,3.3550249891368584,0
2.9637713497931566,1.912184163779846,0.007160181951903289,-0.2987255942856366,0.8167540445878692,5.945220342201762,-0.19321094894285976,1.1123824581084056,0.8365087885396651,0.13269748965592298,-0.2929155627854418,-0.10026009032755172,-0.1140233720648437,0.5216516250776111,-2.657733179789086,-2.1631917813849486,-0.5663611079689976,0.34639619375479036,0.7471591539492164,2.184795182480869,0
6.024507419959154,0.3870189196131218,-1.254139011134675,3.4804143356997352,-2.87962705065124,2.1084550763921537,2.4257222816795143,1.8687863061626606,-0.3555414103878412,0.7078571960008755,-4.7223625318816564,-0.3508239649391894,0.8516581578843401,0.5661922499566236,-1.1235347550385748,-1.8487680655795575,-0.4964807275901175,0.4191324995734056,1.054409230243083,-2.173461035840748,0
5.903065794712754,-0.18311695349516205,0.47727006918175796,-1.465998286407259,-3.1531711623741145,1.1636781169800425,0.3128521458535932,4.699942671460472,0.6905367722173211,3.757479388872724,-2.4569374226945344,-0.4772895470329219,-0.5449702779362167,-0.7390997307066823,1.9364262836657642,1.6229192946307403,-1.3250327400348454,-0.4228985983242566,0.5479568727993285,2.5112079864834564,1
5.379163357607549,-1.5153780090422067,-5.100559536586136,1.0255969098749955,2.272804632861076,1.8740567584530585,-1.9663811449653237,-4.6419756620242625,0.42575152876737477,2.2690198195431925,-4.122786575776909,-1.3676746809755838,0.5556189937249514,-4.938419555321787,-0.2902504729808471,-2.2447285958768584,-0.18938720981035695,2.677679773832427,-2.6052780868062904,4.259076796098752,0
6.8476390147232244,-1.5391338618600967,-3.005437835342366,-1.7406341528936595,-0.1815788425143985,0.006664553533614365,0.9518742651633494,-3.1463657989875062,0.8958079565217731,0.776485381335454,1.1497739443328994,-0.4762501777563306,2.059884222564948,-1.0397648364573873,1.9521003815934996,-0.09603957570091559,5.538038058671627,1.0647984808210476,-0.7267145140292883,4.643006870612492,0
8.404292525425909,0.9682927973895094,1.7631863735896993,4.767515366349992,-0.5129490355313955,2.918498343827471,3.0567480702401517,-1.3980561506326072,1.3478330169421036,1.2732423735332739,-3.734520152760259,0.9566443588302391,-0.5619603490255174,-6.371825086394482,-0.5871970561813343,-0.5892319979689147,0.9072712336208348,-3.6819004041071706,-0.6960056955028724,-4.4641170499981255,0
1.755758384037018,-0.22735196150183523,-3.978694680879716,-1.611115781684958,-1.0456908479904992,-0.6275470841260249,1.578821463808986,-2.5099515476850973,0.8016798359122886,2.998605145649896,-7.105485166339777,0.7541987597718196,0.25050315594078965,-1.259353782010303,0.7887391957486283,-1.126561222948061,-4.409626064485881,2.3552510173431767,-2.2851799098794667,2.0505126592042866,0
6.273101861701322,1.3589597534399642,-1.06296899690176,-0.9217681360270401,1.1402640556955705,3.7887242621552026,-2.4834325248834217,0.28162847568165916,-0.809038743217278,-1.679263982201752,2.5035346981728894,-0.09203136544177076,0.5449845434191904,2.767569811891132,0.21492049972839833,0.7323182219602125,-0.900199407444521,1.7642958751528433,0.23248399967893385,0.3711724000382421,0
3.6759084409012805,-1.1093919834407884,5.204723399278735,0.7548524898997818,-4.978767710730417,1.1224876955285559,7.60350213075736,2.2425621721569917,1.3197356564424465,1.0643013722853767,-6.45882479016627,1.089618769772264,-0.3488904507498204,1.7702488649783115,-0.43988180050065856,-1.301094088914368,-1.4206793594971556,1.688654284657118,-5.4668036700986224,3.749232905031093,0
5.133657681649129,-0.33440138685473153,-1.899830957663423,-0.4394607641192705,1.3352817549156124,1.5920483201711813,1.5456815200826122,2.4073927210818598,1.0931357502148302,1.8243223826099437,-0.1703061082324184,1.0335494966305458,2.605486096642679,-4.18328280334838,0.9756077143264729,-0.05878524904730431,-0.6931858116247882,-4.132861677091073,3.0855699234119713,0.041077422367986956,0
3.4750065759521833,-0.484590582816255,-2.2095296292051585,1.4404867307055924,-0.1673854384703859,1.347955098572771,-0.27253166730308254,-1.5663415139145467,1.3789510369573006,-0.3857782329733308,-5.687609074618196,1.5914692078719925,0.8701587592650974,-0.007004807768919855,0.5786712635480791,-0.22290855772188545,-6.045130077864507,3.1941933544038914,-3.6496337535741583,-0.20022182722786688,0
7.601983124414624,0.5005399507254719,0.5246320999067366,0.6228788890595282,0.6591546420143559,3.351690530316437,1.9880685164281846,-1.2176381953448807,1.6379923444568936,0.527331421715944,-1.1774675744242882,-0.6383661634523601,0.1613649539018518,-1.7758286118356008,1.8676653817499185,-1.3115349480009821,0.7483140863413176,0.10615377867966713,-1.855930867055442,1.9190764277791552,0
6.997002351059828,-0.3343959712249796,-7.1147634969519835,-2.5102187778350853,3.7431098358582853,3.099020694657135,-7.693941362482426,0.7844327675508205,0.883070576632581,2.5558880234868546,4.779159860308555,-1.205683174781441,2.0392662219446587,-3.1098737546912076,1.1558073817310037,2.9516882958140283,1.2796377937609096,1.4285219338807362,2.1433593994709406,4.835718468010604,0
7.455769479954258,0.14892670755805743,-6.115273556013208,-0.10317127065766951,3.5876623126101785,2.353297995818665,2.745463668862427,-3.3943996891412134,0.39299631981646277,1.445896296215337,-1.2866282956631536,0.10001654363500721,5.554890503422733,-6.690685122962352,1.5684002576939644,-0.009375496499677616,0.5159141776183598,-1.1791827163221473,-1.6367071609941877,3.4091229639214293,0
2.4755646631745107,-0.9804103787017535,-1.4361473051161973,-0.8100923004936953,2.5635230971764615,3.9204944908105057,-3.8295688585769283,-1.0625398061588491,1.220206043846261,0.9119638481011466,-0.7084104628470302,0.4776458897125406,-1.0431900309814224,-2.211548490624273,-1.1479407124223455,-1.6661315843233375,-1.785417976196534,0.9776813203127945,-0.19775122264925726,3.3300330332279344,0
6.41208566031587,-0.2571300930471863,1.0837381025480113,0.10671693042890362,-1.806591344720078,2.8258305963518477,2.177841536593027,1.8282487024711551,0.44286756258640925,1.1508400983050113,-4.131140925255468,0.13845014777428521,0.1540277292108605,-0.049495715506497485,0.26031500169088057,-1.4383566799442047,-2.0891739329760073,0.7112041264739293,-1.537407200970946,2.877807217847933,0
7.9172948988453,0.21473692058056518,-8.149596311790106,-2.355064565325498,2.7966457451862228,3.3379710114985044,-5.713321221701586,-4.796381776681674,0.7752881307053686,-1.8454751622922867,1.7454297799134582,-0.6518262314451303,3.5452969315779033,0.26361559618883434,0.9860741522818134,2.4366568605622225,-1.4676654323126732,2.7943949154909977,0.3125501327173066,0.3515982310633244,0
7.938455285370696,-1.822481251713061,-0.6812868075708483,-0.816531551490528,-0.8042767413050069,2.817353322320307,1.2415831896985385,-2.713979504428807,-0.33884735092063034,-0.7126981140079036,-2.395907996820522,-0.12385213319896256,1.4365994344990671,-0.08182395243000391,0.6251759798959695,-0.799089756576222,0.5006361296151869,1.8144441429685139,-2.9137123143984542,3.811536961045946,0
9.717923499236845,-1.1891121789677297,0.3998226791897007,0.38080343707329734,-0.03747983958467527,0.5835472554428749,-0.7937021402298554,-0.7059053874912642,-0.3833766843662218,0.8403579057709412,-1.4375998645592072,1.2658988660194193,-0.49060220999554505,-2.8789403293094837,0.6835211556096259,0.575997810292386,-0.5931614382387671,-0.9283888123820737,-0.7553596254375319,0.05083823594151504,0
6.616953062982496,0.8347703524901863,-2.0097349127686153,-1.0844161309897036,1.7785752850060743,1.1045189780447853,-3.9315395807421387,0.77664047666633,0.7045848365689652,1.7735487650104642,4.17263213352383,0.9226815056645568,0.41113005199133534,-3.198402545208107,-0.7603270484261093,2.3385632144985005,3.082384107884663,-1.0116513576464183,1.6299682497014398,2.1921020912078366,0
9.73187734955947,0.5744746398975625,-1.951574476477249,4.1625786266591405,0.5636218611057426,2.8347472217561878,-0.9033005188106289,-2.2939664024445,0.6056787680449753,1.0728608287716335,-4.913885965531721,-1.9822090065813085,-0.0640999187239728,-3.84404169288009,-0.9667377390863431,-1.0860031289485677,-1.599619896917741,2.4764038123439294,-3.687466626569217,0.6068380792525401,0
7.985037012216635,-1.7432518412921059,-0.8126339612602222,-0.8996135169732455,1.2183641518082573,0.047131481936733666,-1.3585967397233856,0.36928494110864984,-0.8928726258019015,0.34670411417909064,0.4589148041483103,0.32829204505331444,-0.5427743120552241,0.9093557061037035,0.7593727265229242,-1.9300437827306354,-0.12838934452637263,1.2096891349133596,0.7024802531004164,2.649619731069489,0
5.975914057086079,0.41230230388917727,-2.9286360169615144,-0.877471519188543,2.5869632983595356,1.1111741844470178,-5.430939010685276,0.594085319069972,0.3954190930418553,2.4543643883714745,2.687052134262697,-1.8394906245395466,-0.1991591240186903,-3.5997159007710744,0.4996534416250364,1.7939406513688556,0.921801093541446,0.6657605003658276,0.4302869423385076,3.509308462956742,0
7.0203409713315015,1.439566790186565,-3.3258264887952507,1.4696631892757588,2.195435986649441,2.2863560219911685,-6.367828707276873,-0.7975579628580586,1.1296129706941769,2.424631705795826,1.6012637134555245,0.28151759610572497,-0.7793501103758591,-5.172952096490427,-0.9668651343572585,3.247895684723109,0.5088940225503429,0.663656870915819,-0.4014296564307862,-0.12502507229402435,0
10.317611698360313,0.13089799387603865,-0.28217498374171274,-0.9188135059829183,1.8337379842459134,3.919303224252826,-2.5837883632938654,0.26647706504768676,0.386191818379529,1.7336414752564266,-0.5499248563739167,-0.7905841495805098,-0.47174776426401754,-4.829993335362646,0.54244169048848,0.4314054051538243,-1.9398479461844678,-2.4466225119418104,0.8540755375260196,1.076483203817206,0
12.231574917457436,-0.09561956622850974,2.3583854851390855,2.8366617120312103,-0.9486473476671954,2.946229877443393,-1.3121172553368659,-0.3362171084266614,-0.4204173604914352,1.1618092550510077,-2.876067699290287,-1.1846040773344004,-2.6393843929119116,-4.204299705189031,0.06479050100049612,-0.17389278176569922,-0.483996337495434,-2.3745855957946946,0.28185823736435345,-3.2468118978455633,0
5.603044272744951,-1.3224496085629294,5.938229051390739,2.3989078604962932,-3.5293281616924035,0.5719525302610615,1.2819128548563548,2.506196513078159,1.7334801073546062,0.1490370233768039,-2.1821595599651022,0.2670481835484034,-3.568501167625597,0.5310420703682622,1.4909665241305392,0.7385705049511269,-1.134948115375669,-1.8820893453330034,-0.12136832466325642,-4.852993460230882,0
5.741439065770203,0.0008551576857588303,7.35811090308473,0.42299887556543947,-4.224531172838324,4.248733360214475,6.490213335023092,3.302143069344023,-2.364511032570295,1.258319681411404,-5.951187696012112,-0.44641718154430016,-1.7538159064562433,0.35530722756549876,-1.6317822738833143,-2.2290652371241113,-1.8399638583572298,-0.3536585872604342,-4.084497213618391,3.928551011216928,0
4.651935433784525,-0.7934468566813575,-0.1266815028261562,-1.7566821111746038,1.4234717002184107,0.8543309086787602,-4.0340638574287375,2.305290874757452,-0.49709105387055447,-0.24484389788066863,2.888240947037651,-0.6151209084980752,0.045591495805405335,-0.3109107056360184,-0.6015425481043121,3.53815503696368,-3.423426328217059,-1.206624497771669,1.2874187592596105,-1.5367011472965493,0
3.7825867949313894,0.8095451514455142,3.3132809895233435,0.5935305915357441,-0.24744735543464125,1.2221436884130554,0.8538494071236531,0.21624032078585764,-0.6773431250121545,0.572294611667296,-1.538135823459632,0.8527466033737258,-1.4042866029331362,-2.173445824974669,1.1559985483431843,0.08285147913601298,-1.0718434593576909,-0.7999358198459399,-2.3334051657594266,0.8624600350838285,0
2.482110334415308,-1.3217266601146898,-0.587843965350056,0.23226667742026363,3.3402311838160896,-1.3364887407452062,-6.658584664723283,1.3560822514371507,0.8546092726077711,1.0856349755193413,1.3139667402097053,0.20912792010957026,-3.1050715707408583,-2.575953958978671,0.4272419930535919,-1.2327800406680114,-2.904366254916977,-1.9316585580614927,4.251540800612404,-2.171679984761654,0
7.198576359707452,-1.0830702773561953,-7.720865483837592,-3.5442853079127525,3.695229203276678,1.3410314048434206,-5.141060063998066,-7.128078620779757,0.34454593272058825,-1.7463511040608917,0.9915843301409659,-1.0945708321126606,4.4686755104051405,-2.939016732313632,1.3252506220553064,2.5446019981390986,-1.0375102887760477,2.1211539004531264,-2.0503106913567706,3.7533029601224386,0
5.6601027263109565,-0.7821481704615789,3.471599064204513,1.7271198200828886,-2.9209282919729906,3.0217994255664165,3.9621446458862715,1.3056113898583606,0.2664459577700994,2.220768056153811,-5.7602032714175415,-0.50749619372356,-1.4128071441800096,-2.327588045183611,0.5978294262928522,-1.7754986327541606,-0.7715756313939764,-0.6653161683843071,-2.421215634131582,1.663710046370151,0
8.249292811227361,-0.19889832501049728,-0.22398916716610554,-2.30711304250016,-2.0975578992968282,2.309582245154792,-0.6408693129425259,-1.4425832428576335,-1.846385083464032,1.4402609287887742,0.0008871414939285269,-1.3853465561546983,-0.5910138518152859,-0.10671000251132744,-0.2044605502653485,1.4754402224042829,3.0200036471863774,1.193910585551789,-1.2833212823155131,3.4139630609159295,0
5.232509064453151,0.4639021427199917,0.05138601900275306,-0.5566729188120128,2.43845846072212,2.714196421445834,-2.4186623027244325,1.5056186304245698,0.85875472880535,0.10529738262679567,0.7795630197821399,-2.0151452474209735,-0.38562311743276967,-1.7087251253486846,-0.5543381421510509,-1.2481557493177644,-2.2773525611821372,-1.9349605524125852,2.371235242620894,0.2796078286174073,0
10.59178494718845,-0.3391749749714771,2.137389324281602,-0.11509401181507761,2.4818947471068027,4.541464334027047,-2.1403796740048575,-0.04400310991032508,-0.16441919059653576,2.199165911343922,-2.4066885256054635,-0.5611098587178263,-2.079527133310025,-6.866843977047063,0.2505575922698915,-0.8452737220913211,-3.5188196004587073,-3.0795245768235016,-0.6713193055692241,1.599027049174074,0
3.66583431200864,-0.2763821571834154,-4.4976002987807675,-2.890259309158008,0.15469407970772242,3.851678949241577,-3.897914537209269,-3.5960275255315066,-1.0167945502666536,3.6453340145115374,-0.9626651534692596,-0.7420108115814917,-1.8102591662906682,-1.8564622736285368,-1.2812949845336281,-0.11400407157692505,2.200914457473522,2.542199723422277,0.014880979354336743,4.12808737251295,0
8.042985197219341,0.44029934352675926,3.007616464548877,0.5434746212149624,-0.32310793330893683,2.771682418749253,0.36848896931627867,1.502395145933592,1.0090906038504486,2.5597586048577363,-1.9603538381020797,0.6813136283768824,-2.311195598796073,-4.388104064829451,2.7803291660903913,0.8673925008139374,-1.9286728830280877,-3.1071307166682702,-0.1904583278121016,-1.4935397432706852,0
5.6194739863707035,-0.2629609067252892,-7.269247360587188,-5.41962196549206,-0.1792629050725849,2.483561618456336,-0.9598402711735324,-4.6593328090787836,0.23026304980905676,-0.18599374507927924,-2.3004571160005463,0.28438624179779004,3.784273295007565,1.7967812630730593,0.7006727745932676,-0.19628633272218288,-0.9788992440842549,3.3143722282849475,-0.5605857191532267,5.511664869001866,0
8.59637664116345,-0.5221918248610806,0.11018619247617792,0.8910659302770252,1.2294323792761972,2.740239300225442,0.9433562827202625,-1.7532084729367035,1.8447393313973877,1.7858632193648813,-3.1395374684226938,-0.4566861330943406,0.5834166326263607,-5.335795771719666,-0.5551313293336818,-2.238552105431882,1.0867644090055077,0.5408252017587337,-3.6459038767982435,6.592261377692709,0
8.306868059699918,1.716616515379694,2.9479603451069565,2.8749533837975525,-4.101169886962531,-0.6582173336121067,6.654241275808572,1.2766101581095322,-1.5683496409023618,2.565021982392875,-7.633691091327742,-0.11543984063573441,-0.3713471662943466,-2.3076756576874344,0.6624486829371804,-2.2505122391253796,-0.23500202220502964,-0.3213983745905824,-3.1955963529575278,1.5025795068355394,0
4.076314812814928,0.3094078323807883,3.2057722073266395,0.714596936909756,-0.5127758920958594,3.355754793403114,3.129311736390571,1.871568679373695,-1.2383367784439385,-0.10596132099386346,-0.29394546150630146,0.24446614376596007,0.6729656381221104,-0.8829702220556718,-0.25949556526886686,-0.5435757574071349,0.7806808852197149,-0.9787508368982296,-1.7376283080885333,2.4242382165921117,0
6.340189783656177,0.10600776897454037,-4.9321544529063415,-1.5799365211234426,2.123185826378042,1.0133373042163405,-1.5546968525829594,-1.9503660781468874,0.5152512104066759,-0.9791326359278087,0.022839861411101836,-0.6634253605446898,3.7660705228856264,-0.2380309183971926,-0.23087951730457745,0.45178704637646827,-1.530999709734039,2.2889849110543032,-1.3549006045822196,3.7360349051327026,0
5.978478315105569,0.8330898522631898,1.8568895624589805,1.227501323872935,-2.0273448386613957,3.093518858647023,6.081399720363837,1.7119515265975902,0.9394782414888863,0.1318080197279229,-6.7150888799470865,-0.3583774714809541,1.635289980145147,0.8692672942545656,-0.7332255685189834,-5.428665557756741,-1.4911083642831253,1.6703605410119118,-2.935232433288154,6.337906434009931,0
6.862427572173912,-0.24962523246917287,-1.1944325347924565,0.6661735766516703,3.414452562450345,1.6445604227025123,-1.8181612530787195,-1.750933908999587,-0.2759224521590806,2.589749831014588,-4.847248086338547,-1.0701041181041848,-1.1478208199475395,-6.243250161519811,-1.0833935939060708,-4.514898385266106,-3.000500811620102,0.2366957070967406,-1.6496101231169868,5.523052187236647,0
10.11851962069542,-0.4361773780305307,-4.333389365508126,-1.9007452297353935,2.59139882818807,0.6515018653041983,-11.481840198695291,-2.9823361215789363,-0.28928813887713795,-1.7676278600685436,3.922743755219901,1.9563958914978756,-0.8448535990864037,0.6859763092745003,-0.1576410257644578,2.507332868599688,-0.4868005899175588,3.443607164130962,0.8743362523043501,1.4152818649448264,0
13.17552303617495,0.028119438711816734,0.399819721626717,0.39346607748211926,2.1226654172282293,2.100858792011175,-0.9120222532501309,-1.3330616786861151,0.5389869632831525,1.9705520246218606,-3.4505170173564914,-1.5031257861715475,-0.6100810987728924,-6.649644039266262,1.267361217497383,-2.036706529799858,-1.8493126487929472,-1.8609721826350736,-1.3005391832363804,3.342154296590229,0
6.6310066118605615,0.254581401840122,-7.821897476431315,-1.2293326685028327,4.696158130544117,2.6433957966448567,-6.577030088725129,-5.775255187825903,0.13503209509454647,-1.2335223026460667,3.691130284868846,-1.886600612892365,3.4348530994659128,-3.557589384964068,0.8452521489965423,2.8238465949559526,1.0989963845273545,1.4185901754414902,-0.08702877747747251,1.029184581512163,0
5.694476241303244,0.7684213834178256,1.551040044171749,-3.4617671110639345,-0.074838953789921,0.8232407659150016,2.528443599307509,-0.7560739098605074,-0.4217766949720297,-1.5196969533182605,1.1310709389755702,-0.5087300038893882,2.2556458658908705,0.4822903739678806,0.8271941640757817,0.8851391834466329,0.20055763120916503,-1.0730615346140242,-1.5899953894534684,3.528173749643973,0
2.9897812130910446,-0.1936296787735883,10.0123670746431,-2.6319496440053247,-3.876081992309284,0.45924008320878495,2.804578462849944,5.059353647641526,0.43867435300623997,-0.4068959346517431,0.9199445006583609,3.2283768272548556,-4.2161636126526485,5.1551719846569535,-0.5025855133188725,0.661893548872964,-1.047735524709131,-0.4085885269005941,-1.9161058213710063,1.9013711423798234,0
7.409615792870502,1.4661207447615348,1.5555398135078369,2.2651760110881276,-2.0795757121899463,2.159741385370215,4.971977495575479,-0.08437323035761168,-0.852640283171016,2.0157761521443933,-4.332841559658106,1.0706554350639506,1.0154622784531724,-5.187843332318222,-1.928125350253091,0.40046411008120764,0.7217193230731094,-2.973544616252407,-1.8160739013785319,-0.8164490185303449,0
5.74008548291059,-0.8100345059028329,1.7161436698596846,-1.3392995951358677,2.1716702631574147,0.15589322541042527,-4.411303520724641,-0.515270080136041,-0.7895886659497465,0.6057423388480754,-0.05823847884188418,0.4271362564779335,-2.4920110201803163,-3.036997544890644,-0.8322527524706477,-0.11949998938644091,-2.7793876090125007,-0.8326328215055709,-0.4948175794224593,1.8546718053269677,0
8.967377614922727,1.8225601820771264,-2.272312635289598,0.7126634768453737,2.529662327288026,2.474876073737649,-0.7267587132306986,-1.1411175580669597,1.0604756872537482,1.6536211748367546,-0.9762519129665655,-0.2654582552342954,1.2492887818563525,-6.311246065642526,-1.4542005191678253,0.3024661762480396,-1.0070249134026843,-2.919224451899731,0.7467496371112741,-0.5856266082095012,0
9.980162500815908,0.32562745682214805,3.289370969646158,1.6968047007342555,-3.000787028358068,3.929078924364769,6.238515653772106,0.826183785635599,1.239235598784614,0.8972080385931526,-5.548709415229607,-1.1548412900744474,0.47898208192442593,-1.1947160943009116,-1.1670878995550673,-2.4544005073016173,0.2200148161440747,-0.3227667227177441,-3.1139126429378265,2.8061322413318632,0
2.0070774424457256,0.7673193092819618,0.4088197955818221,0.3079273588915977,1.3523327994215055,1.6594572224835893,-1.6215044887876102,0.752580973619381,-0.020922154208156157,-0.3047987748644687,0.4181676626095187,-0.6806147095845756,-1.2431113136387837,0.751665498285476,-1.407182975972489,-1.6525505164537746,-1.3023724574661963,0.3505470029885638,0.9914842327831821,-0.04116438987224957,0
6.390789722176356,-0.27774757302337566,-1.2415141183367366,1.8343190240838045,-2.648840910041379,-1.2489640590879931,3.844204312561563,2.309492291514986,-0.3665289710062478,2.091018231530278,-7.704286513863334,-0.4128010679131669,2.4579859829237107,-2.822978124616466,0.7987488888626483,-1.6253993433197365,-3.3271474203600815,-0.6516483668199686,-0.9002037150806359,1.7296028770836553,0
6.435410738836376,1.2653305521020348,-0.4523750744670499,-2.4100009389772254,-0.6548186494668968,1.3608043896644522,3.5917527972336614,-1.8292168276489567,-0.328511302412158,0.897669260801686,-1.3758276232952917,-1.5888123731413675,1.4591813730777248,-0.7718569483273966,0.04368612737931567,-1.0750634146525075,1.8759292195198323,-0.11723158756406749,-1.4038794518050626,4.2735482360726245,0
2.9871642191071057,0.25791496271474196,-2.7220613141058063,0.4035923822484544,1.9098275626266326,3.285742732070601,-1.1720478191072072,2.849633600259112,0.913434130009765,1.0879471279815607,-0.9318805462301332,-0.8435738229017725,2.3590127102562386,-1.9383030486542132,-0.4811780162005164,0.8219582706274582,-4.148575267042583,0.41880097223489154,-0.33853154937141283,1.7536520431469262,0
5.5756483059372055,1.2236048130507828,-8.127294764766726,0.557008176252568,2.8609001285974953,1.7680359713526432,-1.8832968583184635,-1.6703589667205794,-0.4890121964259136,2.4551633420207057,-1.7786338313631032,-1.2510229717295656,3.435208623029695,-3.8504030338408843,0.8871381405913613,-0.5026453412797229,-0.5842402815489378,2.3293723964515394,-0.3802023714538918,3.6179693137200384,0
5.861946066917726,-0.3436068502690433,3.720158512362433,-2.210099250888496,0.8321351307097915,0.12086006521387782,-5.0577120651168235,1.1362386741881847,0.04669876072488057,-0.17529149660278875,0.9806921366900498,0.15409777276012004,-3.841744269259945,0.5241147083565084,0.4638035737324421,1.4966638111326307,-4.356284827312329,0.3317750937365527,-0.9680943704606724,0.5616842044891174,0
6.545146119035129,1.1887262221001054,-2.358872871055906,-1.3125062561471807,2.4869102657863644,3.6162675717560293,-2.3555670014973114,-2.8601285754619417,-0.8373200517691414,-1.5622237186391623,4.781403153735795,0.15335232026058276,2.9898955261084383,-2.2147964149978105,0.8942355340202527,1.6582165567882639,4.634448353450683,-0.12808768658038905,-0.49842318503173166,3.7139903773504557,0
9.80821215081542,0.7764600639839353,1.166171782515356,0.781884801464043,0.954746717463854,0.9389662714937382,1.5210710752565968,1.5073915647931586,0.6875685425550123,0.4277434237113703,-3.0777957478881417,-0.6789492685277375,0.6742932750202766,-2.9656139504825063,-0.29832517371538025,-3.5497704704865938,-1.8522487152315528,-2.2424361085291205,0.789936553535828,2.45644901512062,0
9.766641069093257,-0.99960310867962,1.2259726085039497,-1.0378006281417123,0.6935880952112932,4.424337954958535,-3.9005675243662283,4.892706618592412,-1.0708872663890712,1.7547712517573921,2.1917544486450353,-0.3694599229003221,-1.1693735058870574,-0.8010114771173096,-1.2612749775897654,1.5314272126644806,-1.4571404919651947,-0.3188820028109487,1.1026351945897481,2.792661963877518,0
5.868730991629609,0.4784591257197812,-0.12457701106201907,-0.4114733995308628,-0.19075959755453942,2.6727873698339266,1.622068480571196,0.9500531818866083,-0.23473683694486183,0.9032062163043348,-0.06169449983931645,1.9718324893292545,1.782037371062732,-3.1709571933359846,1.031246648642345,1.818925355413736,-0.07113761206338531,-3.184945364715008,0.7943491544579544,-0.8708095328544623,0
5.452160515203351,0.2755035910943277,-0.0011687620724010793,1.0040859847912915,-0.3333649442237975,2.055524206975462,-1.59613367994451,2.250299458949538,-1.5445479845281078,0.45423383227263114,-0.16998828202162392,1.1851222718942,-0.36032855284903065,-1.3123336859259498,0.5808190006123914,1.0335157238489057,-1.7050624856511067,-2.527839818985691,2.935900816417151,-3.8937687382588906,0
6.1105799228867355,-0.819267803838566,-5.9943453233576065,3.3981773832394766,2.7079922721950993,2.3127387768047525,-0.4982201900754775,-3.7636348042183974,1.0048991402028247,0.22377390228376282,-2.655745454406955,-0.3482244483559173,2.4212340034268496,-3.5531054211246196,-0.8574351047509359,-3.9425229378594255,1.6741596686592484,1.2950151781475046,0.47675519595557914,1.0843494453810687,0
5.982993067714753,0.6929092316621689,4.034985982426353,0.6049261101041963,-0.8065602124607489,1.4230905678497092,5.58263369946634,1.4544031500292673,-0.6955113427583829,0.4312155928409076,-4.1401857217526725,-2.1159082446688826,0.9174103337810311,-2.2383662466802985,1.6179160621818238,-0.6498475989084609,-3.2141299699417796,-1.2198536799112625,-4.186830583105322,2.407432958168331,0
6.885028975484566,-1.3505473261015828,-5.032782947636277,-3.884471831954293,-0.320288039309087,4.278486502820478,-4.678714969895194,-2.104151302995727,-0.6581316785637797,4.086266848185803,-1.2064256539334788,-0.6050019160981858,-1.1102118692157181,-1.6954742817619517,-0.9300076199399536,2.6727109654446046,-0.7684863814560592,2.8035156406951707,-0.7745297408797345,3.6025121509880034,0
11.162922932711615,0.2518699009290527,-7.802354007877618,-1.739752257759183,6.72890259219286,2.5989437826614954,-7.7308901546948965,-5.509952189305312,-0.15772967332921478,-3.8345641325778663,5.0161855049518564,-0.6109997081153412,5.040246668767438,-2.771038958678588,-0.08939345538943333,3.8843650764322413,-2.726455412549796,0.9493196122488627,-0.32284455290162406,-0.3574128540393877,0
5.491365689092545,1.632998676056382,-0.210794229662166,4.795689251586749,-1.1529928014663546,1.8252838017758761,4.063061309368262,1.027197004926379,0.6030464677088937,2.1843750907237345,-6.590313029026257,-0.10670663097552432,0.1780243132517998,-4.164590713359177,-0.7991152325242971,-4.169397332754822,-0.49542170365219806,-2.037504670705804,0.9116033246295918,-1.6859633823287388,0
2.327566075462199,0.3505378883200303,2.7005201336787437,1.4329694824871935,-1.4867352181688334,2.1182723447983367,-2.470125437496597,1.7239666160723197,1.2168461143605698,-0.5970861871513953,-0.8829949227556637,0.7965013729865953,-3.9245893168594352,3.764422421870226,-0.2723413317786016,-2.012764815701191,-1.161535973735106,1.7488716239911022,1.1305165548403093,-1.8452599524550488,0
1.8972180424370266,1.853306512386475,0.16450746028311658,-2.1408965172897134,0.14546410281296618,-0.44286578470878424,6.4964907230136895,-0.25943281116836014,-0.6404433882233084,0.8850263165735257,-0.677418480681669,-0.3197959462467485,3.7845045533687545,-2.0292142852632873,-0.6615244648505975,0.17437566884206102,1.2625156550857501,-0.9118116307729448,-3.2164873825564775,5.521349430927875,0
5.052815793932137,-0.6846095764583622,2.5260934203399072,0.2530638749574037,-0.23712312562375903,2.0189330584503056,3.3687628785940773,0.44097179655611285,1.084833279907647,2.972354125869905,-3.192290544140504,-0.6121450897717458,-0.7554783572149701,-5.302775062817375,1.7019625467300874,-1.1188810565386278,0.07078227661129066,-2.6539195138326273,-1.6213688498644663,2.5403214381097827,0
7.747168876623975,-1.2529349776174281,5.600109632840549,2.0340357857772973,-3.0706032282874913,2.904711971302558,2.038838209063117,1.9270374063211055,-0.7895060643198888,1.857347258725322,-2.901622848768459,-0.05850890440434039,-3.1935242103955064,-3.1024632708446616,1.2608869862464298,1.5600132179869708,-0.8784181423051036,-3.4724398179155775,-0.6979272284670716,-4.0871055536783665,0
8.174583844662646,-0.6495379073427554,6.520725514620929,-2.5160696294628835,-2.370091426269619,-0.012565220192587434,4.522457093280984,2.9721975979037447,-2.797383927147885,2.9401477538064027,-2.739744337292466,0.7276044270463979,-2.128644053165103,-1.749401607049609,-1.158402042264097,2.005325313987541,-3.0475504903627835,-1.4025306752500788,-4.560006817632638,3.453200271045204,0
4.460073292200307,-0.39245432983053324,2.918872503586343,1.1911946291770485,-0.9376849847951052,2.006845741903534,-1.0040272051347756,0.8213444068294258,-0.48332686716223694,-0.5371262924519309,1.2337683053185442,-0.42942056450267135,-2.3412275291186875,0.5682554388030242,2.008998284973431,1.1152954827619226,0.3465032409792086,-1.3001223108997442,0.9443906983713337,-4.000817012896785,0
8.06361849702531,1.9306452855035006,-0.5642890041261142,5.852221784832541,-0.13756019666338393,1.8510071179028142,3.5472751677009504,-1.4928185695204825,1.0823552841651245,1.3183284933319195,-3.715411912429386,0.38236850970383235,0.830387804830254,-6.851772421467341,-0.034547429032360695,-1.3201706150498258,1.9848526024990059,-4.252608329184646,1.1065309451001069,-5.73751163092122,0
8.807477320153431,0.40192532096329375,-1.3283733395692632,2.353829297905125,2.36165633004207,2.5856134606880654,-7.43411795238065,0.3136528382081001,1.5775717694152003,3.034404686200346,0.6939178237339364,1.2543431708937756,-2.291261001380856,-6.817453031732275,-1.9841233481393894,3.4883632124623394,-1.2541917191432113,-0.011240067852944513,-1.0619129621660683,-0.5236378027834104,0
9.104783467804724,-0.1119728479709269,-1.9308311239517821,2.480996391789762,1.6434142753266059,1.6742222691159614,-4.787121905785909,-0.5995675147235353,0.5879014477476182,0.2596248724218746,-1.063157075803395,0.26296899362792325,-1.576442715754828,-2.524080825790717,0.8800288298883194,-1.80163350487698,-1.0802839637904211,-0.8260084907647547,3.040521023386362,-2.8784441195929826,0
10.800791494409127,-1.1859101043404487,-2.2861040274572697,-1.3329879921298122,-0.3899403664666612,-1.3587861149865077,-1.3945356735875916,0.4500317658637456,-1.18882792999972,3.4183325969987424,-0.194113389042822,-0.873873556797959,-0.699092795094131,-1.807920427082878,0.8989099515349335,-0.16831277517723975,2.4047996055186007,0.575528368746624,1.0272822686690168,3.49160579147757,0
5.372275117205051,0.9154857993407285,0.053614695635322354,-0.56793973258804,1.6479188833211116,0.21252711051164275,-1.020063151606385,0.4362908009567381,-0.2761548543269484,0.48212083117692484,-1.7162702476265241,0.36425031919221307,0.7927089048642858,-3.184675294712453,-1.4349343834406973,0.467361471264343,-3.9434663962586516,-0.686817885453364,-1.6575754026317617,2.1205086224320735,0
2.942553188043974,-0.6544961948723674,-0.26809088017664096,0.16135646460629893,0.3294913747056234,2.0700063796852186,1.7864357903826953,1.412623918508102,0.937467983203011,2.411548079821888,-2.986636783302278,0.47378265556282245,0.08645429985359421,-2.735529096093461,0.46537979569792226,-1.4316528586532689,-1.9310339536684742,-0.9932505608633616,-0.13912328187807,1.68598137776822,0
7.344728521789554,-2.562667263358872,-0.8271285214865028,1.285546904871543,-2.1696177180935297,2.515904682156516,0.919233550774809,-2.398143839512206,0.41549278405939816,4.997093935827791,-6.635578599119184,-0.7549321131089891,-3.486166382940053,-3.4360202616496576,-0.5345040554282774,-2.4857605332183543,1.0756951984582868,2.2521314946258473,-2.5532066068479367,2.7423121864757585,0
7.133059517665324,-1.6492579582544795,-2.417589593306572,2.1236830314791693,1.784458589254558,-1.4176468324980822,-4.028860701923811,-3.4410514360654645,-1.2259855028700548,1.503425063406353,-1.53537093482645,0.8147247969368989,-2.113773259317627,-3.7400927267570476,-1.026060536525006,-0.5132904893956884,-0.006267388032784926,1.2617976224481002,-0.7726347219083853,-1.0522586498561306,0
10.055952275830006,0.3765815144182096,-3.2539232219304455,0.20117722627062085,3.587708387222441,1.3108189243981596,-8.430492944056935,-1.758180702060284,-1.2617129226523676,0.37413293703370587,0.23698077336208523,1.7933112092596366,-1.1377129690298657,-3.307066757125032,-1.5506948465729098,2.4949357808430945,-4.9314616519139145,1.8746664676853029,-1.2106804928821662,-0.45491675324976827,0
7.029680422116599,-0.8099691576629251,-10.880934697185635,0.26243009168160336,4.433942091211215,0.4626617355283813,-7.106287359826569,-4.195063141105372,0.15016929314292307,3.3073444782316113,-1.4112742196982142,0.23771610626095474,2.456592426493107,-5.993863656946867,0.5385960534624076,1.2805663524212276,-1.3629442652708463,4.167417872680427,-1.4678662935897928,4.1309623095030386,0
7.389423448994009,-1.2961749849780124,-4.139345406863042,-2.9427300457221977,1.7312730971260766,4.085716895548911,-2.357272456787795,-1.1711325359835483,-0.04278324549855145,1.205183806549242,0.44322724384250856,1.4585938023745453,2.8734123501373636,-2.730894751316797,-1.4558857264012417,1.1150501637664563,0.1917272494186657,1.1642342225809061,-1.1560981554253509,6.52988877790125,0
3.4408898855387693,-0.014751200585449912,1.4124466706492043,-1.4437409811914204,-2.304685439176285,2.4402428579297553,1.4277595683243591,1.4778865264447791,0.9016994875906245,3.6914427089340767,-5.4159725072925005,0.4593389935073387,-3.1957830470875193,0.1911282745892935,0.7333942349638779,-1.4290777044633765,-3.6554021554771454,1.2143101200334776,-1.3250309266156348,1.9463130808366698,0
11.27829053322504,-1.6503531421846025,-6.784275118166427,-4.655673302184882,0.28797347941622187,1.7678359815187656,-7.312054950397898,-5.320871553717036,1.1074708966339433,-0.6835877652039022,2.597724536778329,-0.9546316741498614,1.398156025163088,1.2992639322064239,1.3128448752302304,4.041545511722321,1.3514594780607103,3.5658917314649714,0.02425670139209357,2.205637542462872,0
9.96286638414183,0.1049783358653314,-3.167713982105407,1.079455514611194,4.48791542890659,3.0499896484355697,-5.672264448248981,-3.228619128262195,-0.8601935402431161,-3.3704917081493706,5.345569996880374,0.7493316221058792,2.674595791336335,-1.8694259740225903,-1.4033275419326363,2.4832171237941854,1.37060369223946,1.152754717514609,-1.0873420754414176,0.2482303751384645,0
9.60341524324243,-1.1177306910531477,0.8863411449628587,2.6767286619965747,-0.4690244772636344,1.3202396481427547,5.984033441647968,-2.175066187026992,-1.8962774776279716,3.0512607856657388,-7.655478370901505,-0.4644117275543633,1.1424026461121488,-7.959421569176915,0.6695288488640689,-2.9749498810211166,0.14384545909497515,-1.68306948503753,-4.381107635624575,4.031678292470413,0
7.347228893421213,0.27075722828346704,-1.7053264425749053,-3.1730355138642388,2.7814930067846424,3.524312609208522,-2.104254072537471,-1.2600265916502265,-0.7536605733023214,2.004201630578857,-2.0998274872770595,0.40416587369355006,0.30072803238075263,-4.591596986623976,0.384460926541767,0.470496691316753,-4.925448011509113,-0.8191819249417742,-1.409333412000807,3.641059632448796,0
8.406291995339018,1.068517312832549,2.0642485729066244,-3.923938296864512,-1.160682423183209,2.7981412623941067,0.5792468213247844,2.192640523499765,-0.1797076114708127,1.5340000252212946,1.9062034882718573,1.314218636152147,-0.31588586055629553,0.1440665837407901,0.6357894893858411,1.9646765193530578,0.8982056657189328,-1.3309134855405023,0.16984427391153045,3.4523728159100977,0
8.296896022882107,-1.3476205992967,3.00091623790585,2.7217349660428236,-1.2399577080917275,4.211270937283091,6.785224946196362,-0.9715871853400125,0.9537172997380368,1.5839853522854581,-4.047827834649845,0.17123379939216854,0.10712470987554845,-3.3804026850528213,0.0695461634363305,-2.4130240230182114,2.407278105597017,-0.516864174926096,-4.09813319912066,2.569135392763183,0
7.71627312955483,1.741180653086573,2.0681840688084665,0.40123760872188785,-2.7631953434578884,4.687967956036656,-1.6252967906137687,0.6910506566335957,-1.0406955846090045,2.265794540921628,-3.8302161127240786,0.779697242618353,-3.780877146722597,-0.292918597625766,-0.7481224482991055,0.46929110740577473,-2.080930142379512,1.1355943882637163,-1.2933546664346796,-0.5487157866972305,0
6.025385003839583,-0.24681974516206948,0.7398484881154669,-1.068791431982553,-1.0178603845570966,1.0201711719572477,1.629641630417871,-1.5437244737250264,-1.15697083717582,-0.4125674334132958,-2.1957353377148032,1.0203306653504247,0.2523813478588761,0.48597714412367726,0.48354997134157335,-1.242090527941345,-0.059644914598339094,0.8047078678223922,-1.761921562437739,2.6122567073973415,0
3.775169330913087,0.3895063904843604,0.36975073925760615,-1.9079053533715187,3.512348188806622,4.773152177031662,-3.9463445511899584,-0.7095174748450852,0.25380314681973015,1.247848934267057,0.9441351980304962,0.05436505637129559,-2.335312477736678,-2.403345416451331,1.127877649066656,-0.8766094173140876,-2.387083418412951,0.28738765860221926,-0.6249920483065754,3.1893337164644455,0
9.174811120326925,-0.11164450130890646,2.1083764823854154,3.302064991630756,-1.5984037627890035,0.9529279483480775,4.021066073195513,1.2846322062845648,1.291623014501024,0.9950053380875218,-8.185580106620403,2.0782668156622917,-0.29139868238286604,-1.8626243899713066,-0.8576804824083658,-5.81158735933062,-2.4881691386300924,0.39555449968063106,-1.9260592408230521,3.304934654434868,0
0.4805226097542885,-0.9063472686792594,-5.214594319389794,-2.783169028602167,4.705770086046989,3.5893680196086883,-5.475642197891395,1.1020739696433655,1.8135255683164102,0.8404552378824137,3.1638439352754535,-0.9323294410851026,1.1294460434055122,-0.8054165698776194,-1.1482996262729943,-0.9432420452578567,-2.2297221286155855,-0.07525391141017812,4.1503549925669265,2.4518552822148014,0
8.600809115886126,-0.9954821866411355,-0.33373810960875944,-1.4857068759711878,0.2979356465074616,2.276794561856345,-4.672435589751356,4.607021689884386,0.04186572544947042,3.0164052918981947,2.188051009535256,-0.19369369779302753,-0.4370587480630308,-2.9159895440116603,0.24164430626838923,4.151407882166939,-1.4358244647416905,-0.9726292671005137,0.9265432963340183,2.1073720998788166,0
5.727911922329636,1.9995172697420485,2.9495770652984743,-0.44865246206033427,-0.6000440562228835,1.5373463389342663,-0.43765468643796884,2.863338162374327,0.008063210440265381,-0.45021502558120585,0.9394702138570015,-1.0670113369354826,-0.7744960466787045,0.05858511187862544,-2.1415963689759168,0.5880660130119462,-1.1684786027090226,-2.7268909242622703,2.0225955812528933,-1.5956290184141095,0
6.7719640277719275,0.8507795550052626,-4.381493144110578,2.0571747400465696,2.3899926828265734,2.9682370242580234,-4.505065429274336,0.1709239587927449,-0.18106288247906713,0.4671471368979546,3.657550230844473,0.12867700217912798,1.5901112591446556,-2.707498831407803,-1.0488709457845617,2.1785223021244478,2.3744791139275456,0.016799362896201764,1.980525797727441,-1.3450335831108589,0
9.371726281318297,0.21721799074858358,0.8008350730989827,-2.5406787227784724,0.9838977277072161,2.2542583540803376,-3.2381788899681436,0.03854229303399748,0.001958455133397418,0.266366992410371,1.7520475674356721,0.7697671760219637,-0.6471469081665346,-1.4639164525468351,0.001271560701591887,3.011139453684228,-2.004096286643703,-0.6219302253122525,-0.8766446525284339,1.0752398700039656,0
4.988916379473789,-0.8002658637086449,0.46071890400967946,0.8607281412118506,0.06238592963305578,0.47620867441565534,-2.339798545943269,1.951441770165487,1.3573747966159642,0.4221261925120219,-1.1805394507039153,-1.696931698371942,-1.8021146377763577,0.28248739207430407,-0.7694833920166402,-1.2693965860505774,-2.431097460899876,-0.3422294098671329,2.045933762934377,-1.55223339189303,0
6.22622752170904,0.1290021524121793,-0.8822678169728642,-0.038808178216451106,4.544198155762389,0.38023650453041924,-13.900046659902134,-0.4946172072380386,-0.790475212370986,0.5411045754964655,1.9104137406434791,-0.1487474858797309,-6.464500058321284,-2.2522283977044624,1.0572946486015624,-1.1897517937058661,-4.453530299803663,0.12122523439203636,4.498749640300206,-2.4617457714642774,0
4.5168815442175365,1.1128410879339388,-2.1599543155219894,2.7374133770801037,2.4350587972947184,2.4089907836111895,-3.156006076894256,-1.3293923235628182,0.718344458077015,2.0499304332716672,-1.043216415571892,-1.2377744811776044,-0.015026480623526517,-6.355042023926503,0.2620099529064223,1.7552690955227082,-1.0292618547694872,0.27893051262570545,-2.3931725133421446,0.18421860407938692,0
6.335829226888965,1.2866238116758253,-1.5047864744145023,-3.7057395735007326,0.2480968495247765,1.0985645034176958,-0.046041205366003826,-0.8094959363115283,1.4511916003182725,0.9437862084731061,-1.9487936233928784,-1.3496069151503596,0.9349938654235106,0.1393587110222874,1.0617355969736042,-0.35557629331441154,-2.452327576117151,1.6114101915487011,-1.7854884716072927,5.389085191295933,0
6.892069688640651,0.3925500696352288,4.820077614510743,1.666476701762348,0.2005484138216027,0.7648699027098063,1.1998287567752985,-0.18891941485158403,-0.2790156633400566,-0.7596100584629255,-0.0212810986397684,0.7103473019204181,-2.4841339486513254,-0.8608143705096455,-1.695407360819842,-2.0624179697752547,1.142476113155987,-1.449975489432934,-0.7363399836653648,-0.5405739768622481,0
9.545783761309826,-1.0003685008246483,-7.7861918530062715,-0.9400569738600982,1.6964429797158727,1.7894210799203347,-2.6853441941563503,-4.584641881867732,0.23096152513611104,-0.47523089853106226,-3.179456496636377,0.6206882737665713,3.513494492179824,-0.2491231896399574,-0.019739926465541846,0.15480602099102458,-3.146412163634206,4.786558357128964,-2.7535906002750776,3.2036999470953416,0
4.274684976410997,0.5963636829366864,-2.9489502444746227,0.6248323627717574,0.043591258852495374,1.1625475786793658,0.7660238488513906,-2.346215533958019,0.3656264336300049,2.658201004860002,-4.164847810143291,1.0878564890416198,0.3542413258257593,-3.349780153296506,0.03623906959488043,-0.29071033894739573,-0.916134892254016,1.6486311174148311,-2.688089280308975,1.9944756385204814,0
7.432070632060187,0.34658114159851244,-1.6313576398339753,0.8954175572072931,0.26438942399875387,2.253925116443931,-0.44634674940976665,-1.946441100179559,-2.2967711012039906,1.5958242279840733,-1.6394826638624398,-0.12994908691433468,0.272268126435398,-3.5347949271994725,0.32584877496864606,0.8005467185049193,0.6712486836629685,0.48946507124075556,-1.9283907771030449,1.0853563058774203,0
4.565324941177872,-0.94397907987982,-2.064459022554044,2.7560241845825355,0.5226037383670205,2.9853925439398177,4.369820551117973,-1.4598041715376806,0.6049722606992436,1.6998917818031714,-7.578450453650742,-1.932250228382353,2.33829519737876,-4.01022629271164,-1.0643765183915754,-2.2445086131091516,-4.012777972231946,1.96454919566486,-5.231537742213367,3.136798749582932,0
9.463260613382962,0.01958904311270364,-3.9539084204846198,3.699172535832384,2.3475461490381035,1.8700150907677608,-1.78050828958668,-2.7337530597664834,1.4186288195764212,3.156640541798868,-3.4895359488887046,-1.5247858892825898,-0.4805818169933521,-7.923753814121842,-1.655837528728029,-1.3908216878352053,-0.041731790545893266,-1.7830063003384469,0.9601436684690545,-2.3853241240173904,0
6.177960882969554,-0.22148840126540856,-2.6601719699946065,-0.3049487254999669,2.9847969733715134,3.5901752806767395,-1.3575584175528135,-1.2442257045586074,0.16341557248999794,-1.0097819401125663,0.24417742805760845,0.9898819693391772,2.9432127373547736,-2.786092873362579,0.4999017074051567,0.3785988994976086,-2.130461023662477,-0.4680074826046985,-0.6720640310591044,1.5785020284366063,0
7.9662867085333,-1.0670295737349071,-0.9822759064415411,-0.7015066911777394,2.1952498844231276,4.225278605030036,-4.4883689305200365,-2.6702850149731594,-1.077330988986731,-1.6000733548745076,2.893770322740641,-0.0037264415151146055,-0.2280397708925177,-0.9211539931401039,0.7436720446280284,1.04465447271432,0.7839052942732645,0.21182376721514828,0.18412745783583473,0.006207939973212177,0
6.577625390795994,-0.33923079940663,0.19295934100288742,1.0830429685302556,-1.97837861842889,2.049754027351498,2.8501418198582087,0.4317897393358804,-0.24949614390141006,1.097667802013743,-2.668943485340076,0.651138518849012,0.361528002948029,-0.13239340312176723,1.4661338220967985,-0.5522126311279247,0.708796663147081,0.6282663850685217,-1.2797416273558748,0.7686451071394201,0
6.4720764645637185,0.17899540784845358,5.634678428934806,0.3440830113581098,-4.0525627286621875,4.982134868516486,4.103004960582638,2.8820579255098466,0.2247228710709716,1.017892897115113,-3.590341889452825,-0.9758314525896922,-1.816014129219841,0.9638797084324552,0.4088412407877672,0.502846468830803,-1.5383518116872639,-0.29823663240093445,-2.8713341080579804,0.5551973522127054,0
4.638707901408695,-0.2753510849179211,-1.5514284224148782,-2.763396926190512,0.5987864342416893,2.121640091487019,-0.41329391752549877,-3.0636768969065873,0.49904812718081115,-2.2621582965771543,0.34820738564860976,0.3517429417763743,1.8862586274884787,1.8095198970818498,-0.3573931588412942,0.6900945263468881,-1.244009215055946,1.3852978153736335,-1.503473910024501,1.650739761687919,0
9.015267352336858,-0.9976947595157442,-1.4420776595429503,-2.2049328288484222,-0.2827508748818257,2.4622103700767632,-0.7076562981582419,-5.713874348898248,-0.6163305970709012,-0.5617845560895927,-1.8054385022075112,0.16429535971283,0.5418784930515769,-1.341148647431826,-0.18733832309034745,0.7859735888656241,0.6316514815762273,1.6643614951146732,-3.414973016814953,2.850037618782432,0
7.736706332958136,-1.7752904166451422,1.5255537373608534,4.67849503867801,-3.1590770899752934,0.8191066873331414,4.835670501825427,1.5253952055373698,-0.952373059704141,1.8575969488460302,-8.090772212277455,1.0716997747789807,-0.8392483844565828,-1.3984108160499116,0.3527649181309901,-4.197528060683329,-1.2811115673700897,0.22907839551694953,-1.205047916943121,-0.5788255993229389,0
2.9260283787527923,1.1680272940400507,1.2323618272074721,-3.064502498362777,1.4972030901471851,3.671233732875354,-3.7048616394389926,0.8152639168607255,-1.890448604438206,-0.4159260389634205,2.9108041639432343,1.582671421531288,-1.1680834538054121,0.5631409330210633,0.22099281363127793,1.9273883459266248,-2.1880803146034467,-0.20150977602835451,0.1537736002239023,1.3012661182192713,0
7.028914994365641,-0.7839435104700172,0.029030607418140047,1.364539280022632,0.7381179034085965,1.3884248922763622,0.6109198190026357,1.3684832484404186,-1.4899505044808894,1.273816960577249,-4.926566952053704,0.6625898977077561,0.41440658783699114,-3.7681754115736488,-0.12498648875763306,-3.1314335298185223,-3.599001638297515,-1.4762802548062417,0.188806022129419,1.9428628277278308,0
5.139485768149354,-0.6976645266795698,2.0686935140652296,-1.500691221138255,0.5577079383982859,0.35829582005036675,-0.8023863039774662,-0.5764443097670615,0.41998468116708865,-0.14276696100705766,-0.06761031892082726,0.2545286964354897,-0.7963826129586431,-0.9563333923240662,-0.38337440530919564,0.32080945265955474,-1.1082561879852357,0.11190785504545187,-2.0957077440819933,2.7884994590000094,0
7.33410131360813,-1.2262636539744016,-0.735662200160812,4.21629177369858,0.32226127295499807,3.844808917285995,2.6832235781428664,-1.2820374398463867,1.1874811129399798,0.7009707431239036,-5.977550883383877,-0.21298664500197242,0.08115932403398851,-2.426488889215276,-0.5642671198133506,-5.448233432307017,-0.45083476889733864,1.07417954087928,-1.3906423360954656,1.4569318961849156,0
3.6341961341605353,-1.5794906027592424,3.363380924505503,-4.542327445959485,-1.5562620145647958,0.7029814969741539,3.3766925902446783,-0.1528084662926924,-0.43037356171844693,2.209199989419737,-2.4047678342470933,1.246460166105052,-1.1893839202615566,-1.1448577615137812,0.5718428965499132,-2.2488662194022933,0.9538531663547059,-1.2622487696751516,-1.3304941716459309,7.18339829019752,0
2.2272482898713597,1.0780661211399454,1.5989441939609812,-0.437950559922597,-0.5423278470903127,2.597676774270003,1.5073680725609822,0.23187462306378137,0.0319334983594494,-0.022326107192935707,-3.8025095664955613,0.7367629506152348,-0.8435853062520883,2.402027740315255,-0.0689420277470424,-3.2626319782557758,-2.5631838967692864,3.869857821854306,-3.8432481029522254,5.728658602882723,0
7.454465723336866,-0.02993737232247313,-0.02347989969309621,-0.6754467460002485,-0.6039140879059175,1.8083557521628217,4.424917397746727,-5.086017353391106,-0.019841433671323287,-1.4401012663148767,-4.328925362995223,0.8082919420787678,1.811056771205368,-0.7337308102284911,-0.08901475495046862,-2.509756486320931,0.15807737824901502,0.7991888976706849,-3.702059018369662,2.921629233703598,0
9.835253379234107,-0.2659764307238269,3.0617538215634377,-0.18716133849154337,-0.8780841001660575,3.2754432577573382,-4.522040611437828,0.69551004897016,0.6756774358343053,1.4105167698031595,1.5887821140035236,-0.9280261395379827,-4.609923914615578,-1.413647430852295,0.6035959739553202,3.339056944829969,-0.647119622404794,-1.6325294180053989,0.9714275707282154,-4.219440448224359,0
4.617164265100688,-0.6634756388414972,-6.112823877179341,-0.5846444182832977,1.1910141096247286,3.0621137674250583,-2.2700070173535076,-1.3020130398343344,0.08034449529336954,5.4900560993871945,-5.1900067508718735,0.648084414528224,-0.2342145266161646,-4.572452883514675,0.14204073238731502,-2.708189989474716,-0.7709061415773215,3.254164584528535,-1.1432127858600165,7.180945557272241,0
3.7580233987353777,-0.6232335652422099,-1.7097806204397836,-3.6527140721564355,-0.7462357562818198,2.603365707783012,1.7732294523370773,-0.056510476569310075,1.1830501863426235,0.8232343761106999,-1.1177793274563725,0.5453713304831881,2.230485191329863,0.7461460131175827,0.8273284711012939,0.8555068099945804,-1.167301593397053,0.9951976266658872,-1.4304449392484488,4.440933688737705,0
9.02414353081851,-0.19804895582128337,4.67103260314856,-0.21229294656423314,0.32783779990561546,2.143482615396543,2.3045292310424412,0.6613261801816434,-0.8649241656684319,1.6366494241159608,-1.1544710554049362,0.5153555006655712,-2.088934604150002,-3.525342505760966,-0.2283447478022915,-0.5877284586827213,-0.5897606862484898,-2.4955988949908448,-1.8561871909691265,1.4878213645414902,0
1.471250806658843,-0.9241550755177855,-2.800229336882085,-0.0751748199893496,-0.06857261592407216,2.3507654919700887,-2.037615595157757,2.596633963597765,-0.10738431028811832,1.7208642398489764,-3.191547023751086,1.034148444431136,0.06745909354696211,0.24474344215159222,-1.5233489465905974,-2.166974603586395,-3.353541757694557,1.0910510289083555,2.1260293755196864,1.757969384686203,0
1.645975490839294,0.7545852481307891,4.394110265100965,0.13701329647419258,-0.6799711149434708,3.0102364726647055,2.296182338370428,0.9870571111908691,1.1619108641681553,1.0612328138213523,-3.0551186367261343,-0.8950271085988182,-1.747042924889494,-1.9661525867942518,0.6083975272383251,-1.5855454418642982,-1.6338850787965762,-0.9152569568645544,-2.49188444493074,2.6462291453369127,0
7.301746409451899,-0.1331141042754675,-0.5010346982705318,0.19392388612041012,3.730323017926418,4.440751197487295,-5.2376338215953755,-3.188825641059669,0.41152664644227194,0.3556903890269778,1.1941467228435527,0.0020986714306572164,-2.3691434568739167,-3.9336103754718015,0.3994677597373092,-1.3090278613642337,0.2748898778579012,-0.10109420228183419,-0.031976477826008654,1.2921214294047898,0
5.377818513662269,0.4973747691134057,3.328277901265098,-0.2115729184656996,-0.17028600181556175,2.6890669378495944,-5.218960038192353,1.3882852743389895,0.14589036018855847,-0.7952539551141848,4.033043136138584,0.17421364425759533,-3.833135921853018,0.734063186138305,-0.5972958478791438,3.1196264260848414,-0.39217971264054896,-2.106765952939085,2.675207428224307,-5.5234360879935105,0
3.078704922396361,0.19067453420580727,-0.3699976481269168,0.4989012145454932,-2.214497539193644,1.4447210866498144,0.6552708420619822,-3.2645124111116526,-0.3624542583374024,1.8739868542439873,-6.513629448506648,0.3836427136362586,-2.358164209716608,-0.8518689085081722,-0.6662712550811598,-1.101781605832413,-2.3308966152721586,2.407502130031168,-3.174066409699816,0.04716660166360561,0
6.288585533477139,-1.606531510688212,-2.250399253087595,-3.1072557923227824,-1.5438300364549753,2.2525729545238113,-0.16784474369989155,2.3881489423889235,-0.8004019341635956,5.6396587841353,-1.2830033777820382,-0.12523345297499236,-1.0087304645471145,-1.6885353413438882,0.6920478878912113,-0.46328646826450703,2.2165537172560357,0.5004150729914091,1.4619115226654862,6.045392043432444,0
6.9019553681268935,-0.9345264952009874,2.2127663990818776,-4.906501048300886,-1.389795455091794,0.7404192732221073,-1.9518504346540915,4.995751336630904,0.7949017220352929,4.01113384747106,2.2084966892294546,-0.4129278303281578,-2.265105141345008,-0.32397026007681407,0.15968713117222907,1.2431930039535777,1.2355006090336023,-1.391175690612509,2.2064741092389437,5.883136048240689,0
6.801822918514212,1.5201328291342053,-1.7006862010950683,1.4149387905391726,0.6547670355138523,1.298889160226829,-2.8121736547544662,-5.340116118072437,-1.158106906358898,0.6099103506125343,-3.5708962511993363,-0.8734926423253765,-1.6170140416379084,-3.7459838367334632,0.13840979765445238,-0.4439984419039935,-0.6818128903901395,1.4064472288806829,-2.5251997540555924,-0.4353622690542363,0
4.542200079262489,0.43088426274719666,1.3267962788032197,-0.8714604614467347,-1.5638790639234625,1.4251702089835867,6.2111245858159245,-1.1069387442447625,-2.0630030429621113,0.6515127455235258,-3.7030536427429106,1.2627344736013164,2.264587159136271,-2.020797787440117,1.0943976034395282,-1.4311844326426248,0.9788872495160834,-0.8922725367095556,-3.055860373702576,4.400619900446844,0
8.279529419038026,0.4716108455290387,-1.5931870285294907,-3.0537830690409153,0.10189423750697146,1.4798500523719975,1.1163416153179568,-1.7716345020415734,-0.8941016062403819,-1.7720588751779096,-1.6203730403439809,-1.1270238632895964,3.400111291661172,1.0318209344762828,-0.18370834248079373,0.7180555568683149,-2.9139447659683,1.4700572477981955,-2.8105763966191004,3.9969241465258962,0
6.422839327530909,-0.1997167191068484,-1.7087902519444695,1.1047724659792246,1.1251895374176588,2.6764142549759042,0.16229602252169809,-1.6452535246386488,-1.580198356534986,-0.5054860403157242,-1.8915233018774582,1.222887136444863,1.5698448977013164,-2.1474038209176283,-1.5881965540407181,0.9489139849638152,-2.8861317337766312,-0.07072007304288785,-1.6296807564347322,-1.6566410869004145,0
4.8811600150460865,0.7424195877165065,-2.8725670104118444,-0.31880929706858463,-2.184900793994307,3.097974231012636,2.499478993617934,-3.289754359393868,-0.6927836100583545,1.4103672078412488,-4.9558020995236,0.5450281765062581,0.8105588797931731,-0.1660572004409219,1.5669757589108957,-0.4800180519182109,-0.17701328296184893,2.3652490340071317,-2.510710950078918,1.2218956729350434,0
12.033192212133432,1.5231852533777914,1.9343789803052593,6.057978375182526,-3.1556711946338543,2.934302956803556,3.3002357823136506,0.8118970382129573,1.1525448583738311,1.0748172375979377,-5.69562247258868,-0.014213277534708448,-1.1067020577595232,-3.3921189495147006,0.9897483540843528,-1.8325564323014625,0.5977134557747521,-2.879768381391072,1.089882745083048,-6.011721455251143,0
4.758979392248164,-0.716792053481823,2.791731850192825,3.5436037199028902,-2.360945578346164,1.2119010432026844,5.529069895719723,1.9069892575811895,-0.35047477796614424,0.1444144278516284,-3.6714804704145836,-2.0526632467315205,0.7158960287855272,-1.6418512186724048,-0.21486470844698383,-2.3298741621535175,1.0083404041886608,-2.8953586467752275,0.557629265394602,-2.1101192196848184,0
1.6972228197458963,-0.01318843482391748,-0.8970611800105185,-0.32104280978136845,1.4621825584944208,3.2335899755548345,-1.6267157895184396,-0.7773501038744661,0.9468537278300433,-1.229428032843844,-3.525613658508069,-2.208918362611271,1.20140802486235,-0.9077920285012715,-1.690759354771363,1.495738454967928,-8.18468789720241,1.3963758393448797,-3.472049880160498,-0.2714711348172135,0
4.433630994710964,1.1489170431097988,4.3423291460601545,-0.9526354387821305,-1.6348631390559845,0.05920133093406732,0.0280367027641976,1.7195072260763218,-0.17564705478757667,0.5273966257537734,-1.385905055999565,0.7642245125169286,-2.8698087646361676,1.4813463203829154,-0.4428769568952916,-1.3371797230500795,-0.7584023937201956,0.8322843643161926,-1.4212592582243384,3.051969987740111,0
6.910688856094727,1.610308499537941,-3.841047289721665,-3.219878822192561,2.158799442024332,0.9022262350989545,-2.7398276325475583,-3.5209739864561294,0.47769634567143304,-0.836124386831403,-2.0779880482366315,-1.4812851762564516,2.775866666476979,-2.3838303603914657,0.6727405020194154,2.3858367087199386,-5.802038453183621,0.9044113752496775,-2.7032307349052664,2.1239276030645367,0
4.227627328087802,-0.17332537168804085,-1.4195829207538078,-0.7803872347518819,0.7482046743962454,1.4714884209821324,-0.8502003442718291,1.3416563307084401,0.42063940411314704,0.2740257179048037,-0.7668306896117996,0.13837351334266812,0.5409380609728522,0.8915482409856245,1.2915052839669272,-1.5112644315291759,-1.8884782750689513,0.8950583418132052,0.8798740839348991,2.1028426927190735,0
4.880751754356495,0.8516452737439505,-2.6415361119970626,-1.7498817824567567,1.906846172261997,5.59404381622808,-3.783478497920416,0.20038077630626971,-0.4045237454849039,0.18097654542595498,2.3137736713443995,-1.7883370010152873,1.0596541894559062,-0.9678247601540891,1.9999626161064128,2.5738273846135544,-1.663125053963252,0.11502539679937285,0.6688257043962089,0.4568019791990041,0
8.211964607429577,0.2959932459792068,-2.263102509419181,-2.707975142436648,-0.4987974488194704,2.4445616240427217,-4.30658192202132,-4.47866327939119,-0.262036111624424,-0.7301495244611422,1.9010715015220674,0.9285902218703406,-1.1054896498699116,2.106022912146315,1.1175325863950498,1.0248367051707976,3.1735574424568673,3.1262040053478035,-0.5686404850712129,2.168043326699655,0
5.054138822666957,1.0551156231804302,5.38644420762995,0.567174608410068,1.521535188434973,1.8033253881805806,-2.564020714253339,0.24311056183673074,0.8256056421983621,1.2638483406915206,-1.0823846670404444,-0.8219054305652007,-4.693624668810234,-4.704403520516874,0.7858708688926093,-1.9627076809773008,-1.48310285684015,-3.059439757223941,0.03613728591916887,0.4347240713775804,0
8.450623989654764,-0.14522509302150194,4.935780113152639,-1.0328161115369605,-2.1657999961432974,2.7092180602103793,3.9091563511800325,0.32041966441966907,0.8753741258242803,1.992255211895755,-3.675999999891148,-0.7885363215754989,-1.9810896468469124,-1.17422871173342,-0.5544063738208356,-0.1734188689180859,-1.0109468632090575,0.7549925386268124,-5.252159857435582,4.5508879580943065,0
8.515277875458494,-0.10613071360348447,5.04009354741802,2.7854913518416016,-4.143355159121565,0.7097380389930733,4.184571441290289,3.772080813870866,-0.742617012596785,0.33915738878409096,-2.8992081084702375,2.4480360064756557,-0.47593385871356964,-1.7874908285975275,-0.10934029151648096,1.8396640239652027,-1.0915103502582146,-4.94083962016882,1.1081832124051316,-6.167420947170749,0
7.686267696377236,0.9346967366015784,-0.8348653373374023,0.22117739876725073,1.518435328802066,4.714642691025884,-0.5789977061075899,0.09833362855542838,-0.08661986105811485,1.7347631060898587,-0.14780075546827035,-0.9408388963533811,0.532022360192941,-3.6676001336952613,0.0016468756197772455,1.2792360462355803,-0.7227710955944169,-0.168032448669027,-1.7495589606914426,1.8884813188086964,0
9.178642173999517,-0.5511465621780295,-0.6466050780693658,3.5226959736382293,-2.479350402774071,2.041690222526228,7.740930007140093,-0.19040400309687744,2.1710278545112462,2.562086700384631,-6.876948223516062,0.21470457824468564,3.3230859703678597,-6.268880399742997,1.028154336003834,-0.7768149565319479,0.7994512404100804,-2.9699392207017454,-1.9898825618655682,-0.3096509623278883,0
5.61110809029532,0.15374805582374235,-5.661940891420903,-1.1996753640870252,1.962594617837263,3.6411184601328914,-1.268333342269422,-3.1602460646718136,0.7387743693932532,0.4357165442088412,-4.6102461036768805,-0.9047227140531203,3.0090724193328033,-2.172877818433527,0.9546493602847627,0.1958995496940381,-5.733603109237447,2.9687201080015897,-3.382534126916054,3.2102005432983423,0
11.585730629707848,0.3779080928346709,-0.7025784917002227,-1.410966568608753,0.3512648242349684,4.410292756073905,-0.09613546588834082,-3.123811532820095,0.3586935301295061,0.5395967259546165,0.559842402776874,0.6534147198331595,1.82412358955756,-4.7572608885126515,-0.31483266410289285,3.048233119297061,2.107922787259848,-1.4074811248004937,-2.4741708788146948,2.2835157602797502,0
5.354456956456241,-0.33321991182100374,-1.9879837719737037,-1.3213791712888159,-1.037154162993963,0.9424072986266231,0.26324540654031386,2.93552506301746,0.39789731973064607,2.769116807808503,-1.1386346376533574,0.11019863925025583,1.1472146169413002,-0.8095686801689641,-1.7506694556683065,2.128159398573449,-1.823052032994903,0.24578997300232996,0.037780722357159346,1.6385458386666318,0
8.197410868154929,-0.2775532982367489,-2.083027237524639,-2.0068241883591007,1.4736872296233494,1.0773024086704701,0.4404561341735541,-1.6361413856326925,0.16449610866936237,-0.684913808317632,3.2792225420042413,-0.4927702280719322,2.8947385496211027,-1.2069699190602194,1.4771109760434504,0.4666819858613279,3.756489789189387,-1.1744733881215752,0.8969393775025218,2.79212870857223,0
10.773044502905103,1.00952443962386,8.497767963591237,1.5066206563240236,-3.558823015187517,2.258264575537106,9.829496046742058,2.770808914608286,-2.9049349878252446,1.2199123992959628,-3.3786722108079354,2.2660097271116633,0.18732331181911,-4.571400286579139,0.919786548061176,1.179794874826145,0.37108614324501277,-6.352600108076792,-2.807650008734736,-1.6785491733302385,0
7.734193269180234,-0.2957294706996273,-4.019322664225594,-2.883647426160519,3.655113025497291,1.5886322286755636,-3.9601511357546735,-3.9245332863767137,0.38211556951015274,-1.777272336094081,3.0872426013622207,-0.02214149461369923,2.66693218866157,-1.7118794792689327,-0.33400734679380306,1.03093715766398,0.2908669067797678,0.23698563507882875,0.09759412931783484,2.8242284322476685,0
9.197609484897802,1.8965014610968127,-4.664373024894833,-1.0425142426335587,3.679173751976585,-1.2997052989740614,-4.682101508543801,-1.8580741408422372,-0.5412951905784225,1.0363520892694864,2.2777775019065976,-0.3203948153513872,1.9737901797382111,-4.534354944740269,2.784322873787463,1.1774313684081839,0.991612888010196,0.2708865553987324,0.13255424434682372,3.7953773414082352,0
4.921253163739914,1.6473147286381535,-0.008622593529358786,0.9698346017455417,-0.13432567978886423,3.7125074211896907,-4.885691825542856,1.4584560691595978,0.06565815420918325,1.1204200832684812,-3.3793157452553424,-1.7248339347604524,-3.4130243704521956,0.4366442404291491,0.5041358135430202,-1.9620318146036548,-4.37210078206923,1.869972354021321,0.8825296078029592,-0.13415324607436088,0
9.135168689548912,-0.16918217920734352,0.17913837575689281,-4.558987762508644,-0.03581962869749722,2.3375428007690546,3.0128146701933343,0.32139179444039234,0.7541717342228632,-0.8481975255072993,-1.518744842514731,1.7873031263403802,3.7395490030257195,-0.14336270401514256,-0.17047193011630504,1.4218235902150873,-4.093477197156306,-0.908416215454892,-2.398292442181029,4.6128687011057545,0
4.791752988930791,-0.4722710268207447,3.5056001714610088,0.9535369292236663,-3.8504885296846494,2.4665347185847315,5.774492985887185,4.803537894954493,1.224679646946158,0.7555208442384231,-3.7779266165916123,1.0256150731560756,1.10334356242726,0.18935529886340322,-0.006565494507484913,0.2515942221948546,-2.177061550056129,-2.9218958101290005,0.3382646096332296,-1.6425087524742354,0
9.07745338512778,-1.0663742328170525,4.344738352040286,-0.9397891578941142,0.007123751995682603,1.9201452380978634,-0.3486728668963128,1.5052515582697348,1.6523359307772678,0.511286029480527,-0.6709610247005889,1.0020716350803962,-2.651791216314571,-0.42964247649073106,1.7058093769530294,-1.215443751871704,-1.555111899810385,-0.677139830779975,-0.952010809762968,2.334167448189512,0
4.083447678257572,-0.04634088382009889,-2.432619203333136,0.9435289078278839,0.1333733335372257,-0.5165098441267949,-0.3321666324815814,0.5295277281577748,-0.6679341145159154,2.3060774143686795,-2.6639659813788192,-1.2945385265858473,0.4929066060981343,-2.472943298990208,-0.8634104240602498,1.287995367531238,-2.6876750739699613,0.792777146839251,-1.2797930153828436,-0.22117675034296114,0
1.9888248384423202,-0.2162021360558692,-4.166788850180698,-0.05475373144868956,0.11178415518240525,3.206431120209662,-0.10039038560571392,-0.5648912860508437,0.703917945222166,1.4667027834370079,-0.05209954524268539,0.5702637308499351,1.884322872832633,-1.2778838427652346,0.1685470834405418,1.0132106284065485,1.2207766599951273,0.3288447860856334,0.905219937108168,0.02279745626051765,0
4.419306829726202,-1.5302752173651182,0.645597026718302,-0.4789370934741801,2.256159207558468,-0.4912642719327992,-0.8621340377233563,0.5869736864667179,-0.5817643660069018,1.0774992660782705,0.40486330400046155,1.7342550215227912,-0.8932610261455397,-2.621856271149272,-2.149761703761782,-1.435637374597411,-0.8598048918442551,-1.668294501647225,0.9425322430105632,1.3604041208968103,0
5.690816878828613,-0.5716268392780747,3.8833579091546953,1.7268346823679743,-0.7909214754152866,3.4736921123543505,1.9418972687908898,1.3645445976675672,0.8590008037814381,0.4378181929210275,-1.1270436950724487,0.07051881046063985,-1.1582254759908315,-3.0268017330419226,0.6784572685478852,0.1957614367221563,-0.3439520965499254,-3.7831895551660315,0.4231328819024125,-2.9171501708635645,0
8.39378830222623,0.6143594206863313,1.8259777400246693,1.1594280760146705,-0.9672965761587189,1.352011987362261,-1.1774855505446729,2.8501093728505644,1.2843189971795463,2.3959725940566887,-3.0685488520273827,2.6019850425096007,-2.2626186383846267,-3.3728062755803183,0.0738292915156672,0.2037251747214146,-3.2896021861833717,-2.9433814074521263,1.8008053914664939,-2.710077423738254,0
5.175636374099162,-0.5864810022959088,2.28969830894214,3.912351934843574,-4.0660998360845175,5.170426386826277,5.961777481029069,3.046920972272094,1.9761039459677041,2.6645820040949166,-8.236765527028833,0.7283199494484408,-0.36066006445091914,-2.352375079051451,1.353794617893883,-2.8145286995998853,-1.7649835308221524,-1.5608996119695187,-0.66914984512559,-1.0682514670630185,0
3.056677653532859,1.5831509605333756,-5.105876476712484,0.23468889524661263,2.0172063483761984,2.95077918277374,-0.836558534727689,-0.261740004908966,0.5090851974197592,0.24169310934615285,-3.521453574057392,0.03442094738006572,3.309172870952627,-1.3770813403021536,-1.0396191332990377,-0.729034025925033,-5.1349184062033775,2.073728413178165,-1.2918373799620086,2.2870287275463865,0
-1.0462150605427514,-0.05737404800691809,-1.0062018051416928,-0.14468173714862875,0.6040443322798444,0.9363879513744624,-0.7869925767829398,0.6663972729545904,0.48026102816794825,0.09687690514122427,-0.8719889185364776,-0.8279829346890885,-0.5796520815267467,1.9356814679311876,0.13921793704650998,-2.8678612236024112,-0.854639460384615,1.708291276349453,0.9741990701787038,1.8748065727590122,0
5.710383282360377,0.7183573548677193,-4.188699544054983,-1.1916730858982618,1.923433435399184,1.7178714971400986,-4.896583932941622,-0.08491946032604314,1.3964246174456034,2.7132408871271054,2.2266835076334286,-0.09170307635090118,0.3449482203618046,-2.7218818021248006,0.6415701465782535,1.5213859037197024,2.0381523072842764,2.0043100143375208,-0.04581954443915459,4.827641066373958,0
3.4709039327430107,-0.19889832501049728,-0.22398916716610554,-2.30711304250016,-2.0975578992968282,1.706650247064074,-0.6408693129425259,-1.4425832428576335,-1.846385083464032,1.4402609287887742,0.0008871414939285269,-1.3853465561546983,-0.5910138518152859,-0.10671000251132744,-0.2044605502653485,1.4754402224042829,3.0200036471863774,1.193910585551789,-1.2833212823155131,3.4139630609159295,0
3.120606485862755,0.8730641393622295,0.9988861754636996,1.2856414095090871,-0.6998134353143763,2.7540693282313398,6.138991922216509,-2.732474297669358,-0.969678046035671,0.9049861908187788,-4.864947547138684,1.247179732717412,1.6420428149696336,-3.862878576874331,-0.9045904529043977,-1.420157771093543,0.35551530948405796,-0.45829285345306037,-4.571490911260456,2.546168337505902,0
9.315536281869438,1.1409541729544481,3.5328388480661705,4.039420695764887,-4.6371314917569055,-0.11137025241112797,10.28609988921627,2.343594206808757,0.05235180831624909,2.396297788346748,-10.146377540961831,1.9169342108218943,1.507908208416346,-3.4864614924617605,-1.7021553135661622,-3.922381041667771,-0.8666765590798258,-1.8110379508490726,-3.3075981525585108,2.056320825688066,0
10.723943444325075,0.3665266633749544,5.702919338637068,4.017280072954888,-3.6975202155985256,2.2695219386829697,7.969433086657686,-0.801090775931123,0.09092217162652867,2.6086915364857073,-9.60733799658814,-1.0162676238949861,-1.341264541112065,-5.673948101666134,-0.5898107223524269,-2.838590055110087,-0.37510762431421096,-1.218201856647041,-6.213902429020373,2.3155956041661723,0
6.6000291484532125,1.04752520403455,-5.586369657958194,-0.3700563404254491,2.734683508123948,4.442281160671,-4.348675553681984,-2.167726863128344,-0.4528269601380875,1.2144295983532563,0.4974988083199974,-0.0814902107085232,1.6742853636666095,-3.389285369385174,-0.7390622849784808,2.2104410315896,-1.307145007390453,1.4180953901880227,-0.6307233939182271,1.0190931466529103,0
5.40319993126654,-0.9597291657252794,-3.541090078682766,0.3605948888359187,-1.7947729078411,3.11529546774622,1.4078185011115516,-3.2565724238281746,-1.3927637895151166,1.9134728565840646,-5.52669419173459,1.8564668435657237,1.4258549585608542,-2.905553262693183,0.7680180052653657,0.915810214730578,-1.1487640918917386,1.2532313551940426,-2.645867981489186,0.39667973032622267,0
7.434901987777963,0.19753505467931326,0.03803543048934065,-1.0624692153017914,0.46078223131152585,0.9655201102711068,-2.0855446582000368,-0.6564171468861,1.246402563828595,2.1835376486113325,0.7871984953446763,-0.8055511483192538,-1.2272892702295484,-3.295987771022719,1.0381026826335413,1.09419769378718,1.8454389720845406,-0.5032393133092288,-0.5077010755106399,2.55625483787461,0
7.751299867729156,0.4897392824365041,2.619841627855516,0.9347627445800198,-3.785612155429111,-0.12329709405905642,7.316174660747304,1.2146219341502629,-1.0999632926880187,1.6258341953577333,-7.0927970461923335,0.610013805247218,1.8641152413126258,-2.110872228040875,-1.087532724627776,-0.3596892494517202,-1.840355215881961,-0.18624066261022043,-4.891473628289075,3.365489348283737,0
3.9916984480623547,0.7782909780719623,7.650993421662918,2.0426248880886053,-3.5160930129334775,-0.1391062684225648,2.5280699361329035,2.811079947176799,-1.7270866891577312,-0.11238484503428103,-1.8848979821820673,1.159288451282666,-3.96179798207368,1.1546956457864868,-0.6987562201111899,-0.5751877573048723,-0.2178061525831706,-1.8672257135603454,-0.5951424625419313,-3.0046687614811316,0
8.553560734723067,1.5477020859894084,5.104849609109749,0.34845000336725707,-3.236962897190366,-1.5390909901040506,8.593535629219419,1.357903464544058,-0.681931406324469,0.5035271811332046,-6.973432849240692,-0.33811345008973914,0.7218275487626842,0.8900720346588916,1.3946114242608292,-4.076658637763183,-1.171396741622972,1.8999777342719515,-6.230960907106163,7.672455292264086,0
6.829673401862541,1.1607809115538688,7.857955174264902,-2.9206540895055175,-1.4751414927792372,3.018203439007665,1.4396446747685012,3.2208298817081418,-1.746970761014935,0.5568452208202905,1.240659302437699,-0.5254617555036456,-3.138067626564723,0.36973684377556437,-1.3279993883473649,2.591025583188845,-2.3187668908900045,-2.33424240774301,-2.133826557490939,0.8681884107338815,0
4.413876055854979,0.14724064594505795,8.036445456791576,-0.025921159670181604,-4.315510018294919,0.15759151902621682,7.744858962665982,3.9973422057487578,-0.6598699376299684,0.829955329028872,-5.760667081875002,2.414901981479624,-1.3598029693733704,1.6267185357824143,-0.7762505170442541,-1.73506536280994,-3.001945478975555,0.027892884820082564,-4.960931972342873,3.9219226925096287,0
1.863190990318004,0.3821580979277532,0.6403360276940216,-2.359551996505137,-3.047221433376988,4.0782760556703765,2.2186049811326667,1.7176555456623062,0.5757648471031994,4.008934099005167,-6.736759902242511,1.8256956023885154,-2.517685946957211,0.6169735997282347,-1.8769429920460587,-0.8819924382698721,-5.272416019919902,1.2074054907643499,-1.359902296676145,1.7111695457901002,0
6.029151529640144,-0.401508623554222,-2.89305843726141,-0.09184367427043194,1.2604872446637057,2.9786359025947613,2.987242947320185,-4.219290549224434,-0.7790188690178722,-0.9232734610976221,-6.03406014233083,-0.2736449616663908,3.5840292643121403,-2.1964128930179876,-0.8266312704893465,-2.078545937340553,-4.104667941501495,2.2271790801420446,-5.02239933806277,4.2218009669895995,0
4.710491111915147,0.04191586798450673,-6.486947417871587,0.023841110906080765,3.913896252960279,3.4541755953620603,-7.813443864406284,-0.5081378927082173,-0.44695074588299644,2.10711883406707,3.365437906967623,-0.34458589710963633,2.0477894673025796,-5.619942978620348,-0.5882236623594177,3.7319168348820595,0.6824297233655012,1.1120074481655982,0.24441971280027586,2.9561848200862344,0
6.077691648234212,-1.537553207575221,2.4032649134300814,2.8226367025078547,-3.296333090471608,1.5903070612449848,4.707227241146528,2.1209399967596543,0.22158048483651252,0.8394827384959613,-4.1016015070206775,-0.322422633730849,0.11873946525936119,-0.7233922269053326,-1.4409098607695208,-1.0642793170999119,0.21512108696699883,-1.6160077774501895,-0.19549724242634003,-1.9291849515275743,0
6.426226952030339,0.8469882649423103,-3.606822748948036,-0.8920856878428617,3.6780017938050817,2.777415747416815,-5.390427010641588,-0.6115931519810452,0.3958832965058755,-1.5007541711119314,2.668010967959493,1.9438181301943216,3.089104255451863,-2.544730759261389,-1.4382521332464262,3.4829956667234567,-3.1963198909628474,0.4447847309735973,-0.894378562610985,1.2118395912011042,0
4.492227215735888,0.04722283698942991,0.7662574999683044,-2.354407194972882,-1.8968076538157823,1.2037618400217085,-0.11533116685844726,-2.113282663218344,0.5434374351065985,1.9088966929672375,-3.379751709692656,0.206628795548004,-2.203647625192802,-0.2720639152976418,-0.1112853385150421,-0.7029037613186588,-0.20986537984321096,1.727302937322329,-2.332514599966615,3.775595820895082,0
3.963891345612011,-1.7336755963225876,-0.8733361449251416,-0.7454763882443174,1.7087512421788298,0.5075860299036519,1.2539250736751157,-0.3610959860237115,0.616659681000049,0.815046371196303,-1.6100181848154982,-0.3488536387982657,1.1904470814501535,-1.8668705622432515,-0.78811158781642,-2.536088003091984,-0.6571508325981699,0.4120105198118882,-1.2013884280950544,4.905283413359155,0
10.515508264426703,-0.7486049309420201,-3.5017592179837362,-0.10417069169453053,0.9857099234589359,2.366131468396001,-5.303719577730486,-2.7556267203906177,-1.191522318637254,1.0304354783262086,1.6719627326056108,0.13710707500764735,-0.9038201572522575,-1.804575724695878,-1.858863465638404,2.338909898550069,1.6200446083292208,1.533222608036935,0.14519978026175906,-0.6021832694347578,0
5.732986849959051,1.1039281600703381,7.265633072395485,0.10970854520870588,-3.3496436573310717,0.6608873254316862,0.4397940150533092,4.042273505532085,-1.0987963714987674,-0.14612904112399105,-1.9854226853780719,1.4384369124226704,-4.668471309992533,4.030105740621218,-0.29921900048577355,-0.87185296384418,-2.8851757778902845,0.6603452985146212,-1.0706589300283398,-0.41528521929105167,0
3.2215503648407857,-0.842560064022927,-1.315435331694367,0.3012796994129969,3.01071260555448,1.1969360886746625,0.26783272256254975,-0.638323860596417,0.5809662008622465,-0.35471660953641004,-0.3983407624425539,1.5031030549115156,1.350750098812572,-1.810571086785222,1.048334971318376,-3.807694690170323,-0.023462870807022917,-0.26979071108087804,0.534052899249043,3.545666920039602,0
6.998099443867849,-0.2247416683415063,2.351945738042728,0.5604903648110131,-0.8420062486533866,2.1602457382765845,4.10076829717557,1.464797082888178,0.38214775775110266,2.6760836834395882,-5.46593947092548,1.3975426164537392,-0.11530371520778226,-4.145195357032886,-0.9686956313745211,-1.605901351395766,-2.708360150632918,-1.5121264489599069,-2.5954395358750784,3.025925592189286,0
7.243603715893701,-1.1128772631142134,-3.5202558189160724,0.7017609359432082,-0.7026397468820738,-0.7270648598139462,-0.4383130785418161,0.33971297509024034,0.8307918376633725,3.658848816585448,-3.9415700799564464,0.6398143390625728,0.10596742486660371,-2.4055357214116784,-0.6472986661936166,0.49094290196848633,-1.6711964362493235,2.1354913458434144,-1.5399231745978614,1.8604237826571668,0
10.21755258358631,0.058101765392232614,-2.943356306921807,-4.800881980174564,-0.13913348065972886,2.354341012377867,-2.7507093722001663,-2.2759823783885302,0.4079222311366218,-0.6305357632045518,2.101867608065591,-0.6626797120964615,1.9946721946006303,0.9784373945670095,0.6156801919528915,2.5778241447787593,0.9844366474345836,1.1077299281906618,-0.12869919250668904,3.8018553238367234,0
6.435685670013557,-1.4970505049170335,5.497651114212213,-1.1705359882474031,-1.9182391332498099,1.8697765085747198,6.00518647447013,2.932223909850663,-0.06122749308486871,0.38670376416930297,-2.378298641639648,-2.287844453662775,0.9714647465269044,-1.4755469944048651,-0.2680527542724873,0.9837402603375791,-2.483721865036534,-2.92564106901918,-2.918625551948012,1.9585894751302562,0
2.990250318975017,-0.2953393412614284,4.986986015797642,0.7183029061877467,-2.9052212295019775,3.8591185713538003,3.317259500735489,3.7069941124917336,0.11901553448841712,-0.03294022994980228,-2.9003920075405576,0.2716805867847722,-1.7814116026965114,2.8594654791730125,-0.8106258033932519,-2.0871253528623313,-1.749324174519446,0.09205392881305596,-0.762056429955618,0.7134296521372792,0
7.065533072686004,-0.0634232957709015,1.4406166892940822,-0.7706971873528887,-1.4429491418066447,2.166972228380538,3.7727588726324486,0.9865102905301468,-0.8957928466877998,3.7280094220299933,-1.5591602639860709,1.1703923693049565,-0.7590809212937704,-2.446604568327939,-0.792528508167744,-1.9713764607381807,4.143600171861479,-0.4162570265854415,-1.0569034853682386,5.809064129347278,0
7.365950740971665,-1.1577377788948202,-2.6633882856287627,-2.7353277707080537,-1.0762723494999973,0.9006379872360301,-3.664811268972415,-1.57186665195547,0.5977979036995341,2.9693925721824512,-2.4118516904831258,-0.4072382217738804,-1.6843292434559003,-0.5330204665011298,0.9857668820969407,0.7284901983373249,-0.6875373083139038,3.3300021550784282,-1.6307053682357473,4.631915054480398,0
6.61854670474924,0.27822838153884893,3.22378854088719,1.2146128601436899,-0.949912705099923,1.8548600455136226,4.541494876579099,-0.5314670389902301,-0.04142806275748568,2.2513625233818546,-7.523564404484581,-1.182006138934984,-1.7266207519614052,-2.0158529641495004,-0.2184852107829398,-5.459224013179332,-1.5541209272243797,2.4105356318262507,-5.414164338573798,7.433528932505868,0
6.3543151004216405,0.8377836124548226,-3.3620353326797145,-1.594424587660003,1.2860009773406773,1.1360141028567,-0.5243294494548665,2.8723910286257084,-1.606589435797991,1.6590074751270516,-0.3365625801682514,-0.13707401663238736,3.2878663502306527,-2.1902380374587276,0.022674510025693602,1.7553090134439417,-3.1863517094398657,-0.5530378379084349,0.42799940425674854,2.805554784912972,0
9.323865582524423,-0.6255945300522369,7.505284998214715,4.153315995553737,-6.170919867977714,3.421957835300724,4.071260706606961,2.48606236958059,0.6512547915654541,0.8262774132694557,-6.053655114040708,1.5586591050704384,-4.439441080249864,1.3373643958961847,-0.40843500082115775,-0.7335427943191444,-0.7461921068851407,-0.0958986254732418,-2.5923517890346046,-3.777097249471725,0
5.135338796530052,-0.39020279690321813,2.301104546411125,-1.8630512680361742,-0.5204216732651241,0.22014710580828312,-0.9411404489482895,1.9510862381732959,-1.0114477049389943,1.7599810340935473,2.976134949988979,0.9231991943857142,-1.8635828722653054,-0.2896511002652558,0.2427998737742358,0.5284408996664811,3.483016922384661,-0.8492386851455633,0.9761891622973347,3.0861760915738863,0
8.469572229274213,-0.2601950130541322,-0.7322548956159913,-1.8085188160395815,2.8293563038007874,1.950880476826602,-2.5649860261137176,2.0504329011111224,1.0400489448599957,0.16542394594578314,2.3219524120508805,0.3863490219388191,1.7474156352887276,-1.8871289651617185,2.880375590732488,1.4848381188086015,-2.2298449417553776,-0.16003415922127928,-0.6860965489465227,4.172581953789217,0
7.54321593123834,-0.19400267040606423,6.78604124360501,0.8606918488326484,-2.7762644386878264,1.9686607318398686,3.687808963971453,0.24446867676308748,-0.4847700429946724,1.270712857346833,-0.8215122662213423,0.04759154975655374,-2.9272487264309914,-2.361118688050361,0.8364993932519331,2.2588400189022613,1.6472519072011877,-2.451550879234053,-3.2079920649656417,-1.7005012744600119,0
10.829461371979086,0.727283992299124,-0.1031120241069325,0.3502192166557042,1.606016796644306,-1.790561767465649,-1.0716904027207383,-0.9113969319294073,0.7594731762223799,1.2125301216461228,-3.0830527880961047,1.118890328064055,-0.6653622538727038,-3.6261578064439157,0.10556529377069218,-2.740206812753321,-1.6906761525877707,-0.08488610050823808,-0.9984284813496584,3.5117395231354624,0
1.8529109853613615,0.2980689639112556,1.6330011988467419,-1.3700357150952405,-0.29837849179486364,-0.032174401514035056,0.29414765010659005,1.4134838365475568,0.34361667803057633,0.22663828543594633,0.7936602000175899,-1.621024930353131,-0.6902852886344972,1.317352348986577,0.08758004439449056,1.4433429722895497,-1.598103839272322,0.349645454230912,-1.0420680306123211,0.3680553528770879,0
9.349310943772089,2.7218558757524014,-2.3888224225832726,2.038718449766279,4.166992657537366,1.6617100895290855,0.6703836850782244,0.8924261415181842,-0.5835081918847821,-1.5959191803316042,-0.03342402063200129,2.0032160834203645,5.312939400599967,-3.759223325681855,-1.770788718516684,0.1541210585101015,-3.2830098718684133,-0.03969417096491901,-2.703500712346426,3.107176561652956,0
8.610172850109961,1.2763844960590622,3.7847408286038493,3.9359375689909455,-6.320944529248675,3.66497122782791,11.77126163284432,2.5337544154406344,-0.5364000256530518,0.28170058722138036,-7.692052562625165,0.04049880290289831,3.136570572438224,-0.18248117645295409,0.20115593731383194,-1.786984071866473,1.2439764643359381,-1.5669233715541024,-3.118227321552876,-0.06803147218536211,0
5.347400481463286,-0.7268867097242329,-6.71942036487588,-0.3118172725935233,3.9272619539809477,-0.8799976020176097,-3.540450336741932,-0.8793436703769254,0.04100848280356372,-0.5497672194958068,3.1889244220440442,0.4073433931629548,5.125267706225313,-2.9894707441521953,-0.9106608490531106,2.698965029984417,-0.15286586372591404,0.6976720256437028,0.1558124418016702,2.1368529046880536,0
6.349274986244057,-0.02837405996818873,7.677646968375866,1.894844522466085,-2.512761074704091,-1.2765641549726494,4.074403266773066,2.27431372249485,0.7388483646927305,-1.1070086062741935,-4.826577466141321,1.282478655074056,-2.021081469368625,0.2722472108735965,0.6144275783077663,-2.691900104385959,-2.9690553481025903,-1.0918413817519375,-3.0509643963001216,0.9396623380350568,0
5.382052033114552,-1.2029062544885902,3.0554229467975773,-0.5789106148313046,-1.7731939119804023,1.7660637712940017,0.7444537117583138,-0.3567057840315274,0.8173821480956162,-0.42556666240752006,-1.5630573540255213,-0.049940075043092,-1.944415111611022,1.859122331624506,-1.4591254502289475,-1.4488502173094524,0.26036864419467753,1.077090055721718,-1.4654816798389032,1.820061926940011,0
5.652656420238152,0.8490814794814406,-2.4875551533448372,-1.1314431746733224,4.113742524350682,2.288404835250288,-3.0850546753385957,1.9501082840805535,-1.8827876942106507,0.6286549893829874,1.645266161399304,0.33471377084814097,2.2951172944366656,-3.27627855184315,-0.39399674453948913,0.9338444690165998,-3.5078594293203995,-0.49661693268454243,0.027053652690483876,3.46204207125971,0
5.973863650330035,-0.7127905004992587,-1.592493830735636,-0.4564674194188356,1.0389919635944063,3.598113587416538,-2.458725926523911,-0.6606478585297726,-0.39974918758267936,0.29635478127938053,0.9194660920325862,-0.4770649128932381,-0.12232768522224913,-0.7207847280791817,-0.08168798415221198,1.235297228576512,-0.7010484834494054,0.40187752505368035,0.20876516804886158,-0.4540267141175634,0
5.747686484302954,-0.3558876412315527,2.4600710036496234,4.139842801529444,-4.410832340869473,1.297699646682686,6.382555401971432,1.0447327094501222,-1.9981365125382216,0.46148834236519565,-5.3203742619072365,1.3068638434206177,0.5935323533044454,-0.6007019574081497,-1.0661487849749116,-0.37019671878661853,0.5913070582940672,-0.9953878693294672,-1.8152375465864536,-3.3267966236832893,0
2.3432282145897263,-0.8223294736032838,-6.5659587888057525,-1.3639365307955311,2.545511005833632,1.5851423648056702,-3.518234434649339,-0.7283242107801307,0.8499752761777727,1.407943524279335,-1.1251005853727114,-0.5954089310449004,1.881213275520849,-1.2690469663268085,-0.8775871307869654,0.9429785278196188,-4.418153960305769,1.7033980176714472,0.7650546408183327,0.445949752128828,0
11.967279335984554,0.6381691916872814,2.369232596417516,1.529206064841873,-1.829199369941258,0.029539282541848788,8.908816618426414,0.4610942150948464,-1.5129217374160095,3.171029041532966,-4.913837987887286,-0.3265827071283675,2.572368782706263,-7.619576604310976,1.2855988739580333,1.1536468321481879,0.41842424049579896,-4.889088368011551,-3.2049762170962834,0.35922349161525097,0
10.135948972436658,0.14204627565361533,1.6297974215982334,1.6687929599004776,-0.237434209682455,-1.2326980471683686,2.306663064461628,0.9784959003606735,-1.3095571747427595,1.0395960591345041,-2.8114800478322737,0.9557504739584998,0.2441682765291311,-3.9766046439803264,-0.7683085442886856,-0.3103186056001509,-1.6135821488907895,-3.1166789991424317,-0.0737186964960731,-1.5719809169737053,0
7.088503998114032,-0.7370193491248772,0.3349069270672794,2.7196211140844837,1.8624874221052885,2.8871960053867394,-0.21878160488378146,1.205424284627627,0.06597094498667375,0.7206281004184987,-0.7166808354067458,0.26422625966090213,0.741427450966517,-4.41657198525363,-1.3888544008259933,0.4104533178807559,-1.5268561780494967,-1.3587158294309427,-1.166824968780275,-0.24311755461203644,0
5.310156560072828,-0.3246888194133712,-1.0432230258397075,0.3249350098389103,-0.9891703497236104,1.6822899986872573,4.766578520687584,-2.7963844399817894,-2.151430048592539,0.10517343359249898,-5.0058895061215924,2.0142297392973183,2.208471890595278,-1.1542601366530318,-0.7001012446369894,-1.4089347339345197,-1.061546416433318,1.1881636319268094,-3.749963366878189,2.286325767712435,0
6.338947886150786,1.3861908598574997,-3.3767301643072094,1.4432611000696718,5.703564116866346,3.2306377622865505,-8.226711040108166,1.7192737137440703,-0.08055624490804009,0.7218727249501478,4.528012542446489,-0.4999317819500883,0.29531521686520956,-4.199125340985125,0.13035907547414616,0.7491435834623589,-0.673874236879014,0.4844019905170296,1.5461282141152344,2.3299943071528175,0
8.724446668573052,1.4995435106379886,-6.626573469431942,-1.5826868600590287,1.550210422371178,1.3570828388544216,-3.145714585259138,-3.538999853916602,0.1996407543618249,0.40547799971935594,-0.39071033055713145,-0.34818107657415814,3.373891125073481,-2.044391111962616,0.5126460811577291,2.096840645872825,-0.32647710398358865,2.7843603628205145,-1.8657686947971506,3.5286927195701057,0
5.0853508471035855,-0.7429030496070197,1.428668111614874,1.9639542786837434,0.7132873280188823,2.761056074609942,-0.7998435033278168,1.420547963548588,0.7050765200393951,2.580639786607919,-2.6267966632268576,-0.39885786185758976,-1.977826203619,-6.027881310521933,-0.928588672542236,-1.164607683418164,-1.611208812858082,-4.311135329915143,2.295402503200793,-2.400048383966571,0
2.0802187581566685,0.9770586921854463,-5.9765725816518644,0.43204443149775007,2.3086918389488806,0.16576886788912215,1.1365526008542222,-2.0627125891965146,0.4280724060964746,-0.11069575892519135,-2.9103021011079835,-1.4494529881449443,4.030129974305323,-0.8071530838780223,0.5637772689935509,-1.93334111775193,-2.456733084655586,2.6315952680210266,-1.5522651117759065,2.890517052102321,0
3.726935124122689,-0.29562254480958916,-2.1340072406207238,-0.39654402075728323,1.4510286284196339,1.3641091639554233,-5.228395866844486,-1.3279955538255812,-0.1531628247318717,-0.3029676109225583,3.0741751195258127,0.8534790213609122,-0.4902425698335735,-0.5372355241294939,0.028963269151343767,1.5481966842965715,1.5706362732495425,0.9170400610760351,1.0232360284700959,0.06695521180804964,0
6.340195377572346,-0.18067035728200512,-2.8447663058515507,-2.190707153732998,-1.1207790059577563,1.2887016496148938,0.24934363247088445,-2.8507626568162916,1.4311625790679414,1.1815678882910896,-2.2201351154901863,-0.654986469638715,0.7075422678271099,-0.3946577732375724,1.362297959599314,1.1266477720415415,-0.3959002270939922,1.2414608765083635,-1.236832255548751,1.1355434028333662,0
7.341288869164218,-0.8062476993533929,-0.38108895675323273,1.0426578257924386,2.399853107186369,0.3637924464414751,-2.729982996443189,-1.259520084700522,-0.3599676696336885,1.558748709364651,0.2379425322624073,0.16687629654742608,-1.5760718785213563,-5.222410603236272,0.7441594569178582,0.14059818497714138,-0.286494681890026,-2.4681086310101588,1.1397157861230305,-1.8666486256886519,0
4.257044776892788,0.3833952549442461,-0.3974686312682378,-1.5487782538503385,1.785014690811488,3.5830646102357795,-0.6390339104530252,-0.8639744430425054,0.19886817976449928,0.07159132651628863,0.7214494663595193,-0.5397434315588582,0.44769891823071806,-0.9708096528065031,-0.299807471058104,-1.2217643261809112,0.36733647698636074,0.3565696230536717,-0.6314279645855388,4.002011539751966,0
8.388578107356055,1.1584742410546076,3.048329380908384,-0.19906127165414178,0.6410662590102418,1.7750433770611829,2.7160274056999496,2.2566959124292936,-2.318470839979528,1.7825137042574626,-3.3613101967831667,0.6692788978842286,-0.2943600034025087,-3.9157915193392956,-0.01790400752105735,-1.6088709515975717,-3.518830235867518,-2.7078853610285276,-1.146488463124587,2.450397852128071,0
1.71580214516053,0.2997210540532741,-6.17839932595225,1.345821574689019,3.0526001554721502,1.3854334497240308,-1.733307721306288,-2.3037785196379827,0.04502772074888381,1.9353997470397468,-2.232869123747242,0.3105223227475198,2.3860822118300744,-4.892622725348082,-1.7439215708290186,0.545962179228529,-2.3699428246785557,1.2221211606759792,-1.389456981002867,0.7513702414663529,0
1.455345898172166,0.6552231894242179,3.956668075030261,-0.21634004124899442,-0.29934281093330717,1.1051441727826719,0.9029697991987635,3.9418407324696423,3.2844108479713445,0.2554861297153862,-1.335016163264614,0.800039159789786,-1.4563922219396344,0.24211637313563522,0.34875130984841396,-1.6443220396737819,-3.273044676270885,-1.9702820067937274,1.0177775057992164,0.38711425267159577,0
4.586163953633789,-1.7901279507239067,4.4979936430392815,-2.928223766463957,-3.492261409560936,2.1492073232325506,2.1090221477444615,5.858748203697686,-0.9645107736706267,0.9570206863939181,0.7485208162809948,0.33450725191507424,-1.0098125890779823,3.265803092134929,-1.0332291251947305,3.0407242030364596,-2.3469786855044807,-1.6827305672626585,0.7332386281479961,-0.4760178909201883,0
6.454449485138458,-0.925048504677024,-1.5989420146226185,1.4328238705338003,-0.7533673625319264,1.2471441538359715,4.690291002340162,1.3598884893805592,0.2768396241130118,1.089234610027309,-5.9879554949589355,2.191049373769203,2.7761046775621896,-1.1214019004617235,0.723563762841171,-3.254622415892201,-2.6865901873003706,0.6325766647151814,-1.4122072926941474,3.114761370343495,0
8.50917073393192,-0.31287556604694994,2.574142309836812,0.9737963669487747,-0.9590351509943601,3.1956158202626224,3.955895244527618,0.27664704567284915,0.3462320423151136,-0.27765737518668443,-2.3233756237842664,-0.740213788766494,0.4643333961162557,-0.490747665170168,-2.314542170268808,-0.8636641129485917,-0.6434671928506697,-0.41997377746494347,-2.4261770663881457,0.8048958468492515,0
5.061879464955838,-0.3121862613645473,-2.4346740406678045,-1.4553583127584686,-0.3662269240344982,3.1842559506105115,0.14257314940193885,-1.4565521255960103,-0.5754614457686474,0.886783222229231,-1.369417432446752,0.9111436534711433,1.5680664022542303,-0.9834787083049022,0.7604162358712739,1.5820330679405985,-0.7272510237775454,1.1754576466387732,-1.824931896949095,2.007122587639885,0
9.115626672171283,-1.2573133165573769,1.4496862093210856,2.4749742391622336,-1.8426002390946388,3.6339497548068747,2.8345435959178475,1.7556538286608983,0.4061110151138658,1.48545660547969,-4.6859652937434655,0.6140732436726853,-0.08108297789000896,-2.7058776641628572,-0.39471723137288045,-1.344976005752288,-1.4283042828751875,-1.8917475549209533,-0.06410986926902773,-1.0920529510792836,0
6.0604992308952035,-0.175462796552866,-0.49823788830502064,-1.6548987156764925,-0.4325686985453798,4.884422040173383,-0.3848425423878778,-2.64622958120204,-0.6984714115408232,1.4945516940231791,-4.075851828159986,1.5355949312834218,-1.1617753910716995,-1.2848008450594697,-0.8853813610305076,-1.5053560415898009,-1.5355946977263157,2.023983860059261,-2.781456523747237,4.283982639631456,0
2.5948977188092126,-0.6928565583254017,-2.5806215217271373,-2.2800470970617757,4.511383749341718,2.480075992359925,0.2612796519060987,-1.3473312286320285,0.7726071570836791,1.6885575159974509,0.2639638461575241,-2.168319883892745,1.8714005519062078,-4.342413443338805,1.5345015790191046,-1.8458080188414836,-0.9986747430029562,-0.47250431278987004,-1.0475890373558325,6.092515648560086,0
11.8451916816378,0.7610464361470921,-6.4447581755149566,-2.3196016390881615,0.7040004423558419,-0.6525096023369737,-9.183726681651427,-1.6920085311607642,-2.358234557977234,3.2455602900008613,3.298104642281869,0.20047620835253346,-0.3939767576775879,-2.508414143418047,-2.3738665944129225,4.06775732133605,3.795945793536844,3.336619680891381,0.5754075746499157,4.539931954781415,0
8.67683160253449,-0.6999911871797065,6.737136909834343,5.216844782076004,-5.951129886181988,3.1514810199036543,11.09521488254278,2.784956247238359,-0.06745780203121353,1.8235834879544996,-9.121209173855943,-0.9822125655211658,-0.3490581173202828,-2.71415697282781,-0.5950946982411128,-2.2535399347703136,-0.4089750705069253,-3.0304543618998476,-3.437176916375304,-2.256466992252371,0
0.6216705527953379,0.1377717369402236,4.358979901304174,0.5544615420745143,-2.6107927127782045,1.8748613226379365,2.580177389914387,3.9188056284680948,-0.2837162392316855,0.06212680010645244,-1.3588760814015972,0.8188909446686975,-1.6832593547940495,2.587601864750345,0.5278932802870677,-0.5316201670886604,-1.6135454119954462,-0.8833494793391612,0.41960365170093095,-1.5310148837765087,0
9.77668355672841,1.4085494795409848,4.169708894869702,2.270520023424992,-1.3409429224889982,1.0431822068565302,3.2304993486254707,0.5556527800009857,-1.1408336431700785,0.8554043694195967,-2.80529409329789,-0.08389464011820544,-1.4190747864848423,-3.142768766610711,1.2610339990661228,-0.5580048102300792,-0.15863405736309022,-2.6748273340561877,-1.3061827918580016,-1.7642233465820194,0
11.335271308915809,-1.0952776325950309,4.88084556760154,4.557213433534457,-1.9848408052657742,3.311369337287763,-1.8180592709122694,-0.34093801800240997,0.8758150579092053,-0.7253121232728188,-0.27948799843698646,1.0731741187176382,-4.517125249402174,-1.5344759804463408,1.4188603788197263,0.7511103679898337,1.4993669215062315,-2.687463412749933,1.28669943149115,-8.131812236660101,0
3.9068710978151695,-1.4454456859780065,0.5914730822620847,-0.3599827374304976,2.1270593075179973,1.0478275173129503,-2.2144500803209284,-0.5903320598073418,-0.6863355494001886,-0.3227321005226933,-0.3928682312506507,-0.683558867570978,-1.1114812289055551,-0.8082687898818992,-2.128342962517398,-2.508174677335114,-1.3366654865788123,0.6849254385356303,-0.41602725487098147,3.0432263662069956,0
6.895867900497552,-1.3931919950071892,2.7489761387521923,-2.0492211221835475,-1.6876978594874998,0.46185227434982046,3.436032750466872,-0.5522247935446085,1.1983667446266082,0.5079120489756404,-2.5675715583376633,-0.5016934636510103,-0.1514741141091891,-0.6037630017071766,0.5415726737604577,0.003019778772479942,-1.0486563399749174,-0.9762497420191998,-2.265118133716718,2.1245943291275435,0
7.490693679710255,-0.10223359618948734,1.2639700364166704,0.2619675404263564,-0.5095466929558728,2.5039244948270163,1.0252264006963483,-0.13579179651602336,-0.8247823044504192,1.6142882937881473,1.0363452093424421,0.6672884955095179,-0.5026427292384428,-3.628285817796464,0.1930056480643091,2.9004943525888405,1.660158311939425,-3.098349758956577,0.12002626940376948,-2.727639689292204,0
5.905407287248136,-0.13956148799209359,9.410844181009786,-0.4927769497550869,-6.216935829943761,1.8685428848183192,-0.6686804746213802,6.442621144438254,2.024123246708923,-0.7878284785113161,-0.8779106669346565,0.6918115250550612,-6.232034610482753,7.828105089765394,-0.7711227216770508,0.7264570152694012,-2.672515589959459,0.9286149665532526,0.3324552879425895,-2.4985064551671603,0
4.159878609876136,0.32735758488556854,-0.4469000140881796,6.1300806272927115,-3.2648259940622357,2.6212006766586695,0.651225493042785,1.6636950179597247,-0.4971554787832505,0.9054473715349294,-8.230009553817188,-1.1009973036655671,-2.1660397886550706,1.281647740715703,1.2528728340199724,-5.2949412201322685,-2.1685862408589447,2.2717121352936056,1.0778298698724411,-3.011009673083774,0
3.52272811254194,0.5073698938882617,-1.5005016124037038,0.24228883263019907,1.4225872644354822,2.0606622479779144,0.550196180739769,-1.5399657071459854,0.4166006563498509,-0.44836715561839724,-2.344206814202243,0.5367637256209824,1.802031662321136,-1.6802820607822737,0.9088339468702621,-0.08059095551612772,-3.167515965028331,0.9561069268637619,-2.6829022581140594,1.395620901154954,0
6.512219320782476,0.14548533841232944,-2.414488486927056,-0.3230259692991735,-0.4142897771832711,1.2241787060939466,-0.8368286567139278,2.069203785684442,-0.7422028355857636,0.5657470680055279,-0.44943186596969475,0.40725941760972556,1.9926115160785454,-0.9506901665571763,0.022318495855551124,1.3875623244209239,-1.6149476811094536,-1.629661848420239,2.53236754656878,-1.4117709613951281,0
6.540251002982664,0.4525624434787635,1.5174119868300742,3.713573193284314,-3.241416436834869,1.3028369833357627,7.85229545572717,0.36533257419196885,1.370326396635974,0.9251777468198481,-4.463600585193156,0.4255100466621071,1.208488469873891,-0.5992576412944002,1.0414136606329487,-1.085358029959854,1.6787385699112103,-0.36840922608617244,-2.4209988246851966,-1.7970323373615944,0
5.345411906406534,0.5562912871426705,2.294361778282101,3.2755368096458732,-1.2778635275341532,-2.013971387749411,2.431983843870665,0.45335771293629856,-0.1549519556900645,-0.12286786733624244,-2.2266634006367245,-1.207247744623655,-1.3447786378216402,0.10816494686262337,-2.246822419873992,-1.6436555273633329,0.24665341773594407,-0.3037295060130448,-0.4808764570063223,-2.786760689585007,0
5.1288923937758755,0.7987758023391531,4.774000452570069,1.9770608976369808,-6.009575852655768,0.44065008183574794,3.9466994495279195,4.591560445745531,-0.236561152334052,0.04403769520156409,-4.354558601158479,-0.10230692872068634,-1.5801652711502863,4.196713831787318,0.06102727876994778,0.02208894077057777,-1.7650495092338665,0.42659644691322596,-0.6761026965270589,-2.5478753760131263,0
7.666653507565702,-0.007878838084327707,6.636796702274802,0.21555234161224035,0.13704471658044626,1.6216671594999803,-1.3749499762102173,2.6145260813636946,0.7155302830778504,-0.20767671566837254,-2.757219777661813,-0.18797639281968043,-4.056251546202267,-0.8049871871441912,-1.5941431530336652,-2.1847754239461876,-5.233316514288924,-1.3801828647449452,-1.0648489490536726,0.8472792259035785,0
1.3826104276849707,-1.576545346567682,-4.442387814118668,-0.8830556704136152,1.8504822780185632,3.2214510616406042,-7.667221313844125,-2.558045398139308,0.4894566503485874,1.1408045768107036,2.6373775822001773,-0.6181730766917019,-1.223415771538917,-1.344033846532889,-1.8016360038683679,1.871468137121946,1.717858380562173,2.5731010532545575,0.6854262752726121,1.3291737551474925,0
6.37394780169499,1.4312836798596098,-3.941146247724338,0.3493106214845445,0.7518195368247499,0.8683228670097289,-0.6582415381869926,0.5971514355398946,-0.35254251366751277,4.61211510681278,-2.6268657613486113,0.3691257580472471,0.13444392290038498,-4.714106119681691,0.6360157821599408,0.23682256474212748,-0.8169749328193032,-0.04354975005919015,0.2936195386045952,1.5560365541459515,0
1.157791591146727,0.4445581528524637,-1.3512431893498718,1.4220818350093145,5.04282620243662,1.5656066715805592,0.9541127404760533,-0.4801504920620926,0.6734508553528684,-0.6482920836627981,0.0343426000116303,-0.779796891240437,3.656793227381713,-5.381384361989491,-0.21947304247121915,-0.5121563997674263,-2.8805926604223266,-1.1205719030913208,-2.738193338206332,2.902080665144361,0
4.649046970099338,1.2866740983984661,0.7124720396333039,3.136241912794681,-1.2379047163649353,-0.4710986424710427,3.8572734052385074,-0.0630425725232382,0.5601295068167723,0.7994431395378712,-3.486452489525007,0.8475013784442542,0.43504336162604806,-2.1528438788678597,1.1398944366007093,-1.2144081363800376,0.3554899306741761,-0.9851828731842193,-1.0410340226192691,-1.7232265232998654,1
4.32147096268108,-1.350716445410481,4.217917034063859,3.6709758904565137,-6.463129456252647,2.260115145261894,11.278196397814835,3.062261484285281,-0.684246418283723,1.6181536591348493,-7.673433966592684,0.6040623652036711,1.7479222031214974,-0.7029874316303426,0.3478800575913024,-0.299199257845031,0.05118825413053707,-1.7282755865680381,-3.4123063938012272,-1.5500071685032837,0
4.658905597192908,-0.10688199683473508,-1.5078643424556306,-0.5204569715819769,2.5548310865674098,3.6590338396448283,-2.4454573553123495,-1.770041081710489,-0.1805131394437053,-2.5817287429426923,3.3586386355832087,0.06946018573692378,2.394841522181568,-0.5153974948048388,-1.0291401418874404,1.291316998275343,0.6388972470853285,0.21541952853911872,-0.5392538985044908,1.1416389348735347,0
10.15666045278376,2.4492967262632397,2.3212232866137423,1.8968574749244422,-0.8909872975934826,2.44884750925384,1.502921512846653,-0.8045415215989224,-0.06878884381011492,1.3215239926184048,-5.8494000348761945,0.5172746714328772,-1.4669016090941216,-3.2006332028214173,-0.10863790521789736,-2.899572132265953,-1.5931564403391136,0.480603603247437,-3.209246496061479,3.035132127042307,0
5.126513731596894,-1.10491875442734,-5.464195639838021,-0.969730235176527,4.827185279450249,1.6202498080487917,-6.932358363597986,-0.49824874544543496,0.3447990972527207,0.29050146899990303,3.7102409114983463,-0.3683262000016911,1.983365959787474,-3.320457090558931,-0.17930415196844338,1.9343214868186274,-1.2508602245535965,0.4614419538136171,1.4403981730307405,1.9183583135260458,0
5.009520104813099,0.08322728533750587,1.7911821534859316,-0.01764629918749261,0.8583718190465084,2.185808548431373,-2.323562066925391,0.7953223347014882,-0.7599640998943231,-0.32890317018173487,0.07267397114963772,1.0498559173194604,-2.2134374404651216,0.7088076001073786,1.4953170172249328,-1.2971662339439733,-1.8193253337368689,0.4081549157577493,0.3136097159397575,0.31463722199654426,0
3.9329206636646,0.31662910633671715,-3.430781211230289,-1.0926539288638262,3.0265527037771047,1.5438188940734983,2.233513468008968,-0.7844601348689215,-0.5251324625124234,2.4042501162763403,-3.882379141886496,0.38942327729763343,2.9247898967167463,-4.819909684060163,0.02797711048138588,-3.3191988144357873,-2.3018839858464855,0.2207816893806711,-1.8777918508408642,7.260286880356892,0
8.669569640369236,-0.39988166473854975,-4.063807711676985,-1.8937008924148642,1.488674797880088,3.0174819579839323,-4.493723693222559,-2.04150667479378,-1.8185520533002397,-0.6097849504373531,2.704226505294015,-0.4253076588676087,2.0129564314962556,-1.3184922363669886,-1.9907216845873237,3.894975110371262,-0.2882476931741773,0.2815803231329551,0.3847991234503316,-0.371214977670441,0
8.437312399930386,-0.04607569911713214,3.1348968263010857,1.6222785188447606,-2.7932897803063055,1.6606484254905265,8.249980933094621,-1.9309252433554676,-0.9505544544204654,1.8397597015452072,-6.910347021534535,-0.0092679211453858,1.2134514931755906,-4.030205580104941,0.6760125331201446,-1.8049896544333501,1.4048288387941668,0.34265020795902057,-6.859156641768371,5.436375469067098,0
5.936863520445119,1.301688670502424,5.752993576746128,1.4453964738262037,-1.4639531657421896,5.237082672836838,1.3510712972078276,0.3051859307320298,1.6343665879514753,0.7308325408390843,-1.303478350674583,0.12619553327397354,-2.739859975542963,-3.612557041117707,2.101077084028093,1.1862506019356966,0.089322257929076,-3.335616627549412,-1.4891498295876682,-2.382376760294856,0
8.120089116212737,1.685336915040597,-5.617249976985781,5.592824459293272,3.969177911002485,1.5604821987476662,-5.474389580642276,-1.1607438033823108,-0.4919202905662861,3.269390313340676,-2.1175733216544974,0.9421035189218693,0.19709268952669123,-7.916245098237784,1.3310490954827188,0.8952050740539688,-1.625412099194436,2.2709171150207332,-2.366401619967853,0.0792584500386299,0
5.649833992428538,0.4256454516174763,-0.12830379442565323,1.2646357408484385,-1.4401112817008954,5.076810665498611,1.602638766067318,0.7365311929761367,0.01082002404199906,1.791181934861659,-3.8859483798621683,-1.665698402009797,0.07033821443203969,-2.098114490552671,0.891583963205568,-1.0456681976358517,-0.6464079333234602,-0.3018838178083151,-0.5715241620924854,0.886935819248021,0
3.6764091010553277,0.3213905730775338,1.0050505383326616,-0.35131992915939503,2.2102779512653474,3.244954185836911,-2.8823462902377956,3.7863945343548018,-0.17401908408652375,1.6785526511698723,2.995984326949074,-1.3398314978591228,-0.27035704153787243,-3.149382948219498,1.4290256178376926,0.4411037690690881,0.5563178886427878,-1.6435531245792467,1.2697340198231486,3.619788579911811,0
5.576072864632301,-0.2870992187404622,1.6804199557185868,1.9013811462734513,2.394299721688931,2.653509918692106,-2.7592843349403684,2.373131863898483,0.4053636733257192,2.24636170430559,1.4077688753112194,0.11564958240096959,-1.631015911496183,-4.691342728247403,-0.6302909099794335,0.20161554450236552,0.4437682892083519,-0.6086107726338614,-1.0295843042683628,2.785218301153491,0
10.738381897236911,0.5014644026020277,-3.6437493686709064,-0.38368936765040773,3.740407161474684,2.0939390474728956,-3.3083480343353138,-5.003470190916864,-1.2959301678246677,-0.7526811293484759,-0.08544319617180073,0.25093281723728666,1.9861960962694125,-4.392485296368457,0.26055006161187216,0.7829339287904399,-1.0592955546637886,1.2198258389520082,-2.988263659812818,2.8130441199629717,0
8.881857393885193,-0.20327806756050468,-1.5472890697865262,-1.3461555782298174,-0.5444370905848017,1.5169114886874278,0.4003718103714276,-3.744191161481553,0.18562669190612405,1.8888939514726426,-2.091656230400786,-0.8276562041310549,-0.2319958780817628,-2.878603806752448,-0.019706580761715567,0.11939177745290397,1.8688337379664919,0.4636108275292399,-1.8370362944051164,2.534452585307373,0
3.9304326619490757,-0.7044680259703052,4.848742071329753,1.9394069515073178,-1.755771571435971,4.044580696717851,-0.10633878067624543,3.68987779431592,0.5787769599642286,0.35688715366562784,-2.5176628832261305,2.4610900414050656,-3.8043309269303562,1.2057446327189862,-1.1903087565717387,-2.3622606997237137,-2.580316861491205,-1.1905088078786363,1.5159068292583284,-2.3970581675332556,0
7.552876253892416,0.3410882001429265,2.6916995636797925,1.0983225580941762,2.363373727474121,1.5110925185815742,0.31487007431401953,2.195815279238096,1.5125224651599332,2.962647237760354,-1.3069097222738633,-1.9518676076192778,-0.043520619559586304,-7.579562452354836,-0.7623163805605454,-0.20700716293479804,-0.9223915690119336,-1.7575929816529072,-3.449297371981638,6.137892630691278,0
3.551245868162531,0.0856907001941139,2.752157011950547,-0.2915711224546029,-0.6689831921104238,-0.1596971952830944,3.1886235864767194,2.3084623374905027,-0.4681671042616876,0.3980521950813297,-2.9585049118057474,-1.8764816412441143,0.0021653408662505313,0.35021376749232946,-0.3030339363444389,-2.3144896210741033,-2.4376965108619064,-0.07819202917508838,-1.5243046142244778,3.252238506260033,0
8.467911152717845,-0.9191892860098977,-0.9856083060283359,1.4428558943632468,1.0391883477812036,-0.19641098271154567,3.070250940137643,-1.9740179163131368,-0.03586812039503778,-0.9388193453010123,-4.501152657661205,-0.6794343783216946,2.7625610609350515,-1.829403020596437,-0.19677988516861616,-0.2499711163933327,-4.605569594188535,1.6334565634607707,-5.121266166910598,1.356578064557506,0
6.307935062825329,0.2906148001494306,-3.1828271915440527,-1.9369750093247107,-1.252707001607999,1.2183209197729747,0.6642477679366865,-4.274529739017053,0.5764176907758441,-1.6587343063128213,-3.664818952883093,0.5187654462321547,1.9509771901285697,2.359416685177099,-1.9772795879332044,-0.07983563167459184,-2.4516142547570707,2.8768806203948944,-2.290118214454556,0.8397342734236142,0
6.774235110383827,-0.07904689023993244,-3.402568408374122,-0.33727247561222384,1.25949802601804,0.40850145210590494,-4.074632666646123,-2.6380425051748975,0.08419113819522556,0.23791322206590615,-1.7362892052327423,0.5560276233582732,-0.08608073912957326,-0.4857432958863646,0.905898658239329,-0.1970133533337335,-1.9212924163187681,3.6820569069210656,-2.133567165751985,2.8609004898692,0
7.954792643496742,-1.9189877308793448,-0.4850580457014217,-2.8985059133863293,3.269421164510339,1.4112026099001977,-4.851198341858134,-0.31504836018014704,0.4410935334409375,0.007959734554016329,5.0165019357316405,-1.938927976309763,-0.4884975826391551,-1.4995500835919007,1.8417914199596848,1.439641168339082,0.8405088972160408,-0.6860614195575561,1.104646055525357,2.7607489342141105,0
4.178131677880915,0.33537627440928214,-3.238022450687893,1.9339760060963385,2.4467068638002645,1.4980482954772327,-3.3919422607094347,0.15858874220323882,-0.5184537712087691,2.061178561477293,-2.582235370719792,-0.07705641663750373,-0.570656944754043,-3.0966611870214455,0.21797299369524215,-1.2644146216590046,-3.366749194124136,1.7260558756005562,-0.48693910120887207,1.0378043934041077,0
4.803214968751005,-1.2998925293101304,1.3807131053380424,1.8580861317265054,-0.053182654331474954,1.492841798456712,-0.5006882155357463,0.47982655112651895,0.5662495877673364,-0.07274331622077845,-1.6924249866377887,-0.3128336627596609,-1.705878030848267,-0.06192292588014236,0.22519927510436238,-2.8178745866361066,-0.21715913233577055,0.03530531670236425,0.7272493321881859,-0.23544243198376855,0
7.462401303036035,-2.0577494870827366,3.5639427957038126,2.992185092457731,-0.45681773393467084,3.058780505592412,4.252688737734506,-0.7082127965965652,-0.6786437228546683,1.3357168274208737,-6.459605831432649,-0.6174126186792452,-0.6560566459494428,-5.555730541283406,-1.5323330939033148,-3.016911012671747,-1.7470700646353197,-1.9335071677209055,-3.434994462950877,1.5803800851392544,0
5.162274618001811,0.9725235943578547,4.112466526889659,1.0880350039247275,-2.8096755536892637,-1.664234207389876,-0.8875465631568739,3.0897800138150364,0.5748357229381279,-2.325849748791551,1.3283560645434138,0.23318576824006035,-2.287011767453148,5.179325483696458,1.998807809277805,0.5894386638908868,-0.47685017885884073,-0.15396122587686345,1.9362789787921013,-4.533739247877047,0
7.6716380130566435,1.2709602795481516,3.7529554070364797,-4.501294572203018,-3.85861293682403,4.715973133066111,1.1736054409242629,-0.28056862310768915,-1.5423228656403505,1.4053031054654488,0.24167059426276716,0.13071873237858947,-2.523075577106677,2.109854191976044,0.6583187400292791,0.9589507211730303,3.2849274480307997,0.2248126839775606,-1.0539872273938706,4.167212885164358,0
7.322091354122336,-0.9458829794622184,-0.5351471128265796,-0.5106973444661553,2.666684920757881,0.3930178551074235,0.38093171961915556,-1.6583837526247365,0.9909464443147331,2.4610863365529245,0.5035744012467744,-0.014094747773926627,0.335759712612284,-6.937346526447345,1.904482497547448,1.0830945081065324,0.6901922754785279,-3.279179765478681,-0.5456644621048383,0.8325596431140893,0
8.653087037002862,1.0461903739809346,-4.321255279611008,3.415734272866836,1.5803845138718908,2.20591115520497,-0.38680710003945523,-1.5321242805173085,0.5569567253421399,2.4032249664781196,-5.153247325603061,-0.5845887151281541,1.822753389871146,-7.945040673565412,0.7687907009042675,-1.7933699952566609,-1.3886294893115552,-2.573651574603671,1.2620726912212414,-1.2235108874820546,0
6.823587823151225,0.403482371205748,-0.8993617892553851,0.1668630618128476,-1.1810819240863457,2.651704752144579,-3.085964546106828,2.51999463855653,1.035959413985781,0.5133277815964927,-1.6386072632931992,0.13178909018915022,-1.360009011658925,2.3184352039824416,0.43279369408892493,-1.534378958950972,-1.9101390860709648,1.4241360692705984,2.3982801589108087,0.2279573337022655,0
5.8600375687501565,-0.29732767288354434,3.5536480654165605,-3.414760941935483,-1.2445696295873825,3.3146233522007056,2.3725617868370934,2.309572589210396,0.7057718777634869,0.7157260430030562,-0.22182784800179506,-1.6999683718285068,-0.33771321658902953,1.0005127754111647,-2.0101446742326847,-1.2883113706216038,0.3385756240776103,-0.7338705448920311,-0.62460818825466,5.865064597364186,0
4.683364865237682,0.4162527508404443,0.2023684809419212,-0.23547766381329538,2.0168295659756548,2.1192125097886323,-5.431301749535771,2.7411805772266233,0.24593017498652675,0.3599357068032434,-0.13950525361055346,1.180722530105697,-2.4985442104884283,-0.2894487988582858,0.43506559141534584,-2.138331720016881,-4.159392996852378,-0.9949074180833697,3.797538989862338,-0.6196252387893553,0
1.429554390538366,-0.8829391450082327,4.757148035181642,5.721113897013253,-4.949363217199677,3.1628918276427784,6.55766236588919,2.687553526287319,0.6181146944237349,1.2685559292081263,-7.182745994069717,-0.8618255758189274,-2.0763499935920473,-0.12134848908905835,-0.28749694214723776,-2.9725977932317176,-0.2788685001890633,-1.0275959671187882,-1.0649451482418983,-3.9938382031452813,0
9.1043629501264,0.16372634968367847,2.969124984467596,4.590449601917921,-2.157199325749936,3.203984508456355,5.984073144816189,2.911484818374162,-0.9833208014978143,2.6390675064598232,-7.8883685491176925,-2.8974733718600567,-0.20129949394476299,-5.533611679412021,-1.2818413741599815,-3.8201317740418363,-1.9366681595944844,-4.280035317359397,0.47029609819967,-1.706458161093034,0
5.96828225776116,1.0015009759951778,-1.8297487990343284,-2.993362936873466,0.9454816277797534,4.617563518733789,-2.771871677245996,0.6397916291691226,-0.7272486570924266,2.750754500711632,-0.07995906962349057,1.0043805481105692,-0.29519948771838034,-2.4900087019809916,-0.3909202666984875,2.038789015006887,-2.2292398134755125,0.021082668649996084,-0.24162902521886542,2.956377393284906,0
7.090263376651845,-0.817895530143307,5.560799368357116,-2.565439200234257,-4.083780377907619,1.0390025964366245,4.633499471658566,3.102297080948995,-0.17776571863806162,2.8861116030866025,-1.8596482907238834,-0.2719035772822548,-2.813154880645348,0.6396957930860516,0.2076952211776353,-0.5277941642953858,1.357605635716844,-2.307179597344592,0.19702064792866936,2.0576610959373234,0
3.0781897690398767,-0.4025621336391822,8.475482370662728,2.7671501285938547,-7.723150830446208,3.120136017247949,6.933071390740959,6.043778376946213,-0.22660298477458504,0.9388372788813535,-7.824853600924524,-1.7142144103462977,-2.0212619735971264,1.282052525238125,-1.7466620648696507,-0.24461794099348322,-3.326390303231937,-2.35995102446154,-1.778970622029303,-2.6325418043879836,0
9.257695413675831,-1.546317986565364,-2.4166060838640786,3.703398000495744,-0.5065932274700429,2.2636410311250152,9.889574980931819,-0.18660372973089645,-0.848461990648103,2.1099837374534527,-8.603473748828005,0.592401265631357,5.1205338500949775,-5.1526551506567175,0.8105259986905462,-5.217605514896264,-0.2457051397378116,-0.935556804808299,-2.70949888825185,4.1805320380792175,0
4.7463541732545025,0.43899225632017824,-5.196839466110577,-5.260407180336246,0.7207479687924199,1.5351365933634245,-0.7987279117860334,-1.613253282956245,-0.6731638748936681,1.0949340069673186,-3.2861775574094847,-0.3372008643615647,3.2777101767244594,-0.7542697829512709,-0.9759935838068206,1.194564485371615,-5.518074387056319,1.3309163163485842,-1.235968919248598,4.691148644011794,0
10.677922232341338,-0.4441199921709531,-0.6126578653022378,7.062731313441291,-4.615450771182211,1.9126427838015263,9.152471755075613,0.3871813886406813,0.47967317118163505,3.0086401666708076,-12.529574315028016,0.350174706634459,2.1901724713628665,-5.125439195167925,-0.8790371136807885,-4.730985268149087,-0.3046961815256789,-0.8900426679326586,-2.374473936111058,-0.6350995221887277,0
6.9408630106166616,0.291185126408804,-0.044086059441028586,-2.321636989456807,-1.5308470264110348,0.34103831671773843,-0.9957031057422957,-3.425015837610715,-0.42745538429392965,0.0704680866279378,-0.36465303695582163,-1.4482459746748026,-0.6217750262887223,-0.4275527694385994,-0.5156198264058155,1.0563019917634036,2.274456382279439,0.42029171614194794,-1.108532705345925,1.7782602002851955,0
7.591113724788281,-0.9634673074403065,-0.549239839125176,-1.8587295271688211,-1.893735239281793,0.16365134031143902,2.192529757230879,-0.2991395630198602,0.05698032713223651,2.8196400831800337,-2.723746346755008,-1.2867054392587012,0.3102937491882908,-2.180545033815181,-0.6359595952185049,0.9935770780386407,0.24166298137260434,-0.4647621469191032,-1.2738579260776866,2.4681384886465514,0
1.6763476928327243,-2.233695773976838,0.616061313640149,-3.2980891302197755,0.14960305379150896,2.524714406723739,2.2782126116926382,1.3371000060789502,-1.381997746074505,0.8490786223179466,-0.08175734118731302,-2.1751622460285542,1.4700980764338762,0.37140481004284975,1.147743206181524,0.5764557728818613,-1.4828608452384744,0.5307667078735874,-2.1939058939324463,5.257702754858069,0
3.080950625355577,-0.7858310491753064,2.7939290341680754,-0.028864081587521406,1.409803952203093,2.784852179366593,-1.155401795511693,-0.04479492857236678,0.1417548765531937,0.9745283994808891,-2.0159334913155496,1.4376535595280044,-2.9584537113969835,-1.6484090619049154,0.7224796832469206,-2.634687221238623,-2.3380747238685813,0.44820623366642676,-1.6890578592345282,2.9180203072599094,0
11.479145399538712,-0.7925562379551896,-0.031923661956591305,-1.4112015362257622,0.7271041317976965,0.3947275556601681,-3.0124800536230847,-0.7202301479789481,2.2650264130882887,0.3009456004598675,-0.7665591771199599,0.22291179594987146,-0.5001085848544964,-1.3207821291193307,-0.7285276387227785,0.4655198391046227,-1.7596833026645131,1.238113791659715,-1.8473957893472135,3.5611952341498094,0
4.517072728747047,-1.1491817285445998,-5.065124818379831,-2.1438441530914183,0.799957965893485,2.892567870188606,-0.19906848866882385,-2.5037564782851236,0.021894409864337983,-1.091861026088706,-1.855403728877352,0.959226149054676,3.7380757752262,0.9536363140540818,-1.6646979723221593,0.20652496051087899,-2.6823913802694728,2.331277104790126,-1.2491111608310121,2.517321955551385,0
8.31975465630573,1.9965067287275875,-1.761269345714287,-0.6582848905722987,2.1289469959858875,0.81015137625818,-1.5817018103211344,-4.646231367127168,1.0640965270604843,-1.1461999050382388,1.6713325451270078,-0.17647009288040746,0.9983680699197302,-1.4919585396349395,-1.7641721948157503,-1.4089091634640036,4.08021690551628,1.6703397771899982,-1.7842954810104799,4.698567761673389,0
6.421366279176145,0.6299910882505916,3.5331152394643373,2.0007505246575965,-1.1292784390151358,1.5217558806057774,-3.049829218111452,1.5902272718130785,-0.19283511201153528,0.5402882328192593,-1.3500346715339404,1.0807459102043977,-5.16354792808894,1.424359666196208,-1.972089261797095,-2.0333850124758777,-1.056561174599236,0.7223816952070958,1.085529542703684,-2.16450178209309,0
7.181425559059155,-0.9687566407683929,-4.255897900286939,-0.16409981274227625,3.3238310664267026,2.4449710691706885,-3.9491415684722773,-0.7820109659466653,0.42731709607749274,1.761076071749305,2.5451050812116165,2.146595031339965,1.0996270580259828,-4.265463122702438,-0.21173714108507663,0.5653514006998205,1.8654393233152886,-0.44963558335337117,1.5927248345886573,2.112195279046756,0
5.271948469121869,-0.08472346548012072,-0.3620422994393395,1.455804940828066,-2.9436283645905137,2.499219576977991,4.9669333273849405,2.2766887368880897,0.3127339624070995,0.8387556320493649,-4.717911554168562,-0.40972927938252596,2.034298844883218,0.9896645923608258,0.2031616711681074,-1.6242984714487783,-0.9090775260935094,0.5576964733345802,-0.7128158321252489,1.0367555139585918,0
7.179175073766884,-0.06088402871588129,2.7100712178355413,0.16478120774215888,-1.29888258679717,2.927679790299765,2.031270360270137,1.5108678659457802,-0.0610837111922645,0.12436097014682657,0.2668220019973624,-0.499747966104084,0.08953153952719362,-1.3110225264522313,-0.4355128115184818,2.22038773191653,-0.26356440966347117,-2.8805017956653884,0.031702435129953965,-2.5493350911983317,0
9.190926829068356,0.6552231894242179,3.956668075030261,-0.21634004124899442,-0.29934281093330717,0.7404112698075818,0.9029697991987635,3.9418407324696423,3.2844108479713445,0.2554861297153862,-1.335016163264614,0.800039159789786,-1.4563922219396344,0.24211637313563522,0.34875130984841396,-1.6443220396737819,-3.273044676270885,-1.9702820067937274,1.0177775057992164,0.38711425267159577,0
4.583906863568426,-0.7215489211889762,2.4661464641844537,-2.729367232541353,-1.4462795648577442,1.1963448881005212,2.1229189173000003,1.6875245621655997,2.382139744456892,-0.5466815250963144,-2.1624250503038516,-0.6729593541461716,0.19809155414238333,2.328576205373287,1.4462451529649603,-0.680082054812956,-3.445908891252731,0.06323068788663122,-1.1025275060362925,2.6854171484581757,0
3.8510993548854535,0.4486623240136736,3.0798174243323193,2.4042415624395135,-0.9141021748121183,1.9876578628332635,2.979270493263394,3.04301314028839,-0.37276374357759284,0.9102998468357554,-2.866167860958409,-0.5913292719213608,-1.4558979831340195,-0.6325554395513354,-2.152166156110241,-2.740864042241138,-1.54993427525046,-2.0750854483038457,1.224604582279496,-1.91479957594221,0
8.440597668086916,0.2940752576382691,-1.0936655640929995,2.5744328245745924,-0.5356455446811168,3.857031576744624,3.606670432859597,-1.6541250859583392,1.2331692894184516,0.5452419263028522,-4.001104678887328,-1.0821672055884866,1.9818171295278424,-2.6375092486314125,0.7473979339528515,-1.1931112997919655,0.395628994234948,0.7442201714137047,-3.028129800560696,1.338593441951002,0
7.65475245338242,-0.9398581521013197,5.520954765922407,1.0183143676725186,-2.434071326089774,1.2020054238449016,1.7159947721243263,2.321603029376603,-0.7663067399406894,1.6326743281294354,-2.9287469140944795,-0.5671531986725101,-3.5324366389757307,-0.8171380353904731,1.0126965293431014,0.06674391580314198,-1.8836319913424675,-1.1228381746198732,-1.6870703728496679,-1.0313810898172076,0
11.548576257007635,-1.32625350183853,6.672992453381792,1.9477860539670462,-3.0512391810987207,1.7503140707658353,5.026424395694944,0.4679101576651814,0.3132160850667616,1.5312869004987357,-4.484835173094426,1.742469282836453,-1.981488075858275,-4.242354727937142,1.1730225343963576,0.13294300116690172,0.12441339711158239,-3.0193441803647296,-3.5998345464849804,-0.24229879721520353,0
6.790395885035125,1.354756029596628,1.4128221178298828,-0.3076989847294923,-1.3084903643308419,2.5857078927560804,-2.1195859727926414,-0.4962506521732335,-0.9512865211633608,1.4536229630302955,-1.183345148873552,0.5486833814813973,-3.1580146938216505,0.22093075922855127,-0.4660580248466132,0.7875925750812638,-0.426288637157075,1.8247868428456933,-1.7362337305960258,0.6108482489112445,0
1.536801904351588,-1.5796154125567745,0.8596282176674775,-0.8213146875652199,0.4458896872401046,0.3722863633507123,1.1647652870600422,2.4982738500158983,-0.1797633054589237,1.574789088375132,-5.948896709408169,-0.4779596671846358,0.71881971423922,-2.8766633477821717,-2.0351713722856126,1.0862855361576498,-9.92329458293315,-0.4968478777498597,-3.3534129520956224,1.0980244117171534,0
11.541509411452918,0.6164597657914689,-5.973926470411028,-0.006614689299444421,2.4983738161839524,1.6169556597271622,-7.396089913263523,-0.28390977239613724,-0.05742554294808535,2.4819795337321438,0.3077146398240988,0.5327194618426286,0.9551715050483425,-4.517505700643296,1.0006779184606405,2.704064877937845,-1.593235460964512,1.866995714863724,-0.061134134816515084,2.5569162941734502,0
3.4967090004565824,-0.2602987166185276,3.899347359846644,-0.3145192938074053,1.1075426755699707,2.147946544993321,-7.71148550576352,1.090216639483327,1.6781091083481414,-0.863234863503294,1.1830538750826098,-0.14628317782570077,-5.82906969965233,1.505952494330366,1.2442401041413804,-0.795126410981291,-3.42413046728681,0.7401811511077616,1.2459734927694104,-1.1553193153269479,0
6.365267774971226,0.2684559785926618,1.3009373322678583,3.214884738182026,-1.458692238284067,-0.3905587429795647,4.282104780452521,0.5884761007394173,-1.2795609448520313,0.7237707605881778,-3.080778784250317,1.339004932293335,0.4368540480292731,-2.1912474237487864,0.9896661423904072,-1.4902381853082607,0.9856610831834143,-1.965883954934087,-0.05734201282427365,-2.1696249982577953,0
5.469742834492735,-1.2311225159833004,-1.7279955497930068,1.7379553682788735,-0.0219206489577215,2.65624339544107,0.314827289864974,-3.704377620684557,-0.0030428007779649204,2.2716777158385653,-4.907302508980441,2.873598127050102,-0.5249956126749558,-4.664684637261789,1.1390744365534289,-0.6886739138317826,-0.30653689223142666,1.4275630450884418,-3.6248159799695308,1.6719551139463305,0
5.037188881584083,-1.9210267543090116,-2.6682968852322215,-3.983015464205562,2.2073978757902526,2.501239319407852,-5.071396052541699,1.3267561483893147,-0.49831558205756277,-2.0232540745907213,5.084604609203746,-0.5517839058453609,2.0491293802454784,2.972862164040728,-0.06013672290064746,2.1893096889417816,-1.5498314136273486,0.8934720136268482,2.201432282818531,2.225430265506821,0
5.427346408514966,-1.7430490757917025,8.961047021175851,-3.5018628281883446,-0.2059251748727421,0.974999528016761,-0.31132317501142437,3.0529396953261467,0.7206145491063566,-0.218962218726239,1.2073081181112149,-0.20811876441138044,-4.319164148903008,1.2126030211029732,-0.5119077222935815,0.566424635894391,-3.529407132476524,-1.1718913162966484,-2.659962049762303,3.4039058414245553,0
3.51107199188701,0.311733690964891,-2.4086920256847404,0.6679521505903492,2.0640092218622277,1.6954537033089294,-1.8014337910001685,2.392219642755848,1.121300000719452,4.9829654608205685,-4.187890678965956,1.7395110370738684,-1.0903163730580472,-5.322874009965296,-0.07789687339211518,-1.2099386741522613,-4.651332767311211,0.3659610947370361,-0.5806369042707664,3.1538008626213143,0
6.904648138651155,2.0412197918855552,-1.5193104211127395,-1.440651556239243,-1.3815923865862887,1.6157229331750182,0.17340783711784888,-3.069599554291191,1.0053412598383642,0.8780603505064013,-2.498176451716666,-0.0330230095249041,-0.39336769537506866,-0.19495098790864765,-0.6047189438750527,0.01765014030533274,0.3281830313613703,1.2257974594545935,-1.1896858749093042,0.9833693153282738,0
10.106655641529693,-0.35940191334610966,-4.018260875122763,-2.9301152702408353,2.708140252628949,-0.7725204052165004,-4.200057313548708,-2.1688619322188187,0.4344225815768961,-1.5688310317209315,4.255740946240979,-0.3056909595831565,2.799513330422552,-0.3787430755602243,-0.660277455537775,2.823619543111283,0.3555928237383814,0.5084850370282052,0.5036275028597206,1.753116787696211,0
9.637848386209093,1.0526077477010483,-5.172944131397739,-2.258929116047487,0.6434508448689785,2.0796999634972098,-2.137990638361015,-5.65268219784341,0.42584889932625203,-1.7647769821843502,-0.5531710547131393,2.1954217428192724,3.4405719437111637,-0.39632391120104493,0.372844181503464,2.0085653499590945,-0.0479352619230653,2.6092033987809566,-2.5433292488409736,2.4580232166609797,0
7.14132165929206,0.5870812217710197,9.149387519376276,2.4621377019502892,-3.3886104191958744,1.5698894311322502,3.9665129799457084,0.131982555558404,-2.1625541390877205,1.4622161824678126,-4.641882014788088,0.9245535240976056,-5.2095760354740595,-2.326661944733448,-0.22755187450040498,-1.297909629875735,0.3089768112964235,-1.1540591103491291,-4.69552199480828,0.11165901712181817,0
9.492159663745605,2.2830246007947212,2.048739451334552,4.232667394271356,1.2688827780752998,2.2064942247390524,1.2525222020274607,-1.1006405127094951,-2.1212770973306636,0.43278900905111173,-4.843635625024137,0.08902839982173472,-1.1998140636025367,-5.42351663620929,1.2875139324049738,-4.567173865264676,-0.9994883109217884,-2.2797235319715696,-0.47818581731512955,-0.39959762064934723,0
7.563716659728594,0.29764524479362714,-1.2437375428288096,-3.2346933618080405,-1.607145524704392,3.3177540061640407,3.851228500890814,-4.08327495965266,-1.0296146766527896,0.724460773887601,-7.86057290525311,-0.2880481470312906,1.036545387578426,0.051490424064453505,-1.3100121098194757,-2.948318276199154,-3.8272262442728184,2.482008434789468,-4.311522270232514,5.774528261756099,0
3.803344516843592,-1.2829081608126562,-1.2879133431178118,2.262320054114019,0.8610699424497459,2.587652476071441,0.5854607343825055,-0.6963782566711874,0.7593174926105271,-0.04794140131192348,-3.4581097819777966,0.26207202530332746,0.9825669643865429,-2.1325042967056658,0.7015039853776898,-3.202474480811607,-1.0036462553805183,0.1418801047462359,-0.21186358686532158,1.213404896407531,0
10.89617481545236,0.16369391616826523,4.6757406172003195,3.7158731501012623,-4.35033322619724,3.9497094654020604,10.554016565771818,-0.03292941467353527,1.5355136458453496,2.2932194786623556,-6.662876867719561,-0.3092225201427251,1.6240917145755258,-6.514972168079063,1.9729808608578498,0.7940844225379786,1.822310439312996,-4.393882975553852,-4.445112170986915,-1.3830188975754925,0
7.633811149151382,1.262168453524784,-2.650624070365041,-1.1122214622689974,0.22536184541651794,2.815125913089126,-0.22656389966764856,-3.1565461808641135,0.1913682391176243,1.3614247405802224,-1.589350910536237,0.002749906952447785,0.3114757772709349,-1.6960095970837012,0.12365321382469928,-1.2966110626837772,1.9500687788104978,1.263218936673602,-0.8407779567432196,3.4304911665140367,0
4.953963164547371,-2.7037781838058588,1.5676127393961912,0.3501388714388539,-2.071556487272234,2.815428845690522,-0.10700054634028006,2.9288585687275828,0.4914596801516361,2.0339312473884057,-3.107921304106588,1.749403816331567,-1.8526268627761726,-0.3963348406709217,0.25387699923771717,-0.09779709121343239,-2.551931063442015,-0.5497882853998823,0.5654962860286241,-0.5504196736413394,0
7.674118352521935,0.07683362317463646,-2.2674439420072217,-3.5913175026602207,-1.6119617969628277,1.8151122854766402,0.21210684230337837,-1.1766650960848835,0.12350389515520224,3.0465376254820535,-1.7240225824319937,-0.2852759820477734,-0.6905759513012786,-0.11941651381086742,-1.1177145023615418,-0.38519537250738334,1.374514331695702,0.7417380458726338,0.6938551046778503,3.4973829494980944,0
7.489046471468708,-0.6995040112421261,5.221358574692415,4.019853151961679,-3.9235245376766925,2.5408044132097367,1.6650115324758044,2.5621776294288345,0.38533598179835016,2.283952050084759,-5.688265272622264,-0.3269433263386272,-4.109374467622299,-2.7474897151478954,0.7208962403740306,-0.3346809202786164,-1.9501333213925545,-2.5932848543927056,-0.1472928683367577,-4.987714544112016,0
3.209498847533124,0.32670283115062176,-4.2481509657381045,1.726579591907671,4.922859108460399,3.4237996836485443,-2.326993342508077,2.0368029095499716,2.125613208180576,-0.46763775876441716,4.418159751940438,-0.8842984162904857,4.099494263581722,-3.5976755525014363,0.9380980623716659,3.483121946374328,-2.3221304857143865,-1.8116711321018601,1.3355240065007998,-2.7867025609464946,0
5.979440795666976,0.7856168043882916,1.29673066074105,2.200069021238803,0.6078100157833313,4.159440062083355,1.039245320480577,-0.05180813018577024,1.9575743096969649,0.23985172149215317,-0.8029422103006203,0.7305854844092496,-0.4418824532481781,-3.0883580369504138,-0.3911209339968745,-1.5537017903882386,0.9211262283725545,-2.739467390794287,1.2240121939027282,-1.893417432285561,0
3.2660460488112855,-0.549266940586626,3.250011727036452,2.990669061202549,0.027342629879713476,0.6998957014334468,5.087826899461733,0.29472097672016684,-0.9603583753602977,1.5383470690875094,-5.447106830105032,2.1155119984117365,-0.9516223884607729,-2.8129960718491467,-0.11218723550134659,-3.554488093792898,-1.8690238370806647,0.4801837608586278,-4.366026000405281,2.6681504299041765,0
5.4829931349772165,0.007169135188644113,-0.35437681781653035,-0.8690431129185776,1.986296962298363,2.261680498669517,-0.5261602543369529,-0.9086713802993301,-0.2879994967356626,-0.22896094135270606,0.08236376688858653,-0.7389077137913337,2.1713884711050566,-3.6692598181951643,0.8622362359732083,1.9363213869734177,-1.8933725869524816,-0.5608970529330972,-2.890154969879524,2.8970605538037435,0
4.202094766820268,0.3035888129699307,3.667658268529663,-1.2397612708174734,0.7810904682257522,0.15913331872110947,-1.2531648553036967,0.9007135041894027,0.00036914336245517183,0.2945105061277995,0.15850273547623794,-0.402607279365579,-1.7431272944784832,-2.3661821601080417,-0.2600359931841482,0.41876907469957736,-1.9384292791128903,-2.1288164575571633,-0.6320700351465312,1.223277351412026,0
10.646921127169309,-0.16140518481682514,-9.806006445574408,-3.989501218029917,4.2172920792571285,1.4217036450658826,-7.110546885354861,-3.9015434995401206,-0.5172690451819882,-1.093523425433986,4.2599337490828875,-0.34198945591095514,5.512090528915786,-2.5280529014969115,0.5317181049883118,5.905289813537415,-2.079457480460042,0.6869446982813121,1.1053222064079358,0.2505858172219474,0
1.6907622952934385,0.11314745834106753,4.931490702823797,0.20243120519346536,-1.280373807168231,1.3274713461452619,3.8920886235868952,2.1520934445912943,-0.19211200568725137,0.5555502687980762,-1.9223139925871662,0.6783567018194764,-1.7792310605948394,0.8866699666837374,0.8155742085568288,-2.2150245271856073,-0.6321331176939607,-0.3175986746918489,-1.7890466501688005,2.098542729724623,0
1.1483431393658723,-0.2643608583344552,1.7989189200079674,-0.516110237501223,2.7472486840939916,2.8502337739136374,-5.411984767592992,1.5026509560038577,-0.8210956709287954,-0.04001599197971473,2.326375163151151,-0.3905093433294306,-3.82781639977226,0.11717679459693159,-1.248352295779172,-1.656089094609642,-2.236925819016859,-0.9229957287535622,3.026775495397035,-1.039460724322447,0
1.2061552137693268,1.354756029596628,1.4128221178298828,-0.3076989847294923,-1.3084903643308419,1.725293026896638,-2.1195859727926414,-0.4962506521732335,-0.9512865211633608,1.4536229630302955,-1.183345148873552,0.5486833814813973,-3.1580146938216505,0.22093075922855127,-0.4660580248466132,0.7875925750812638,-0.426288637157075,1.8247868428456933,-1.7362337305960258,0.6108482489112445,0
2.242790827122361,0.957173313702671,-0.5164754531397419,1.25938221224585,-1.3061947888928533,-2.654273673863315,3.6069934460191435,2.9472130037418145,0.6744573280782648,0.6272578144824914,-2.6647131593440734,0.4527303337236682,1.8107001014505628,0.541914095825957,-0.14096365671390212,-1.1593640764113766,-1.6175136299556967,-0.7057642942057083,0.9022703393676934,-0.628929411375911,0
0.27979284058947496,1.5118043319981604,1.823310859987468,0.746642439738379,3.019538310208908,1.5072452985155504,-0.20768386645031547,1.2723637088451039,-0.3936899153848506,-1.099867411385656,3.886883503063038,-0.549971247222037,0.28354419031783507,-0.6215108492295219,0.6313270250550981,0.28690811300209473,0.2478600257480672,-0.6440538682943897,-0.7123609648406029,0.5837645129341187,1
11.927585504898195,-0.6062662827608661,-5.230619312849945,-1.6401373549668248,1.4949608534632923,0.8404096593637589,-8.707200853486516,-0.5325859743446016,0.43854313429732433,1.030260174040729,5.63460752355493,-0.5417760402438434,0.44079024662311483,-1.485035588468468,1.0685810136575338,5.590961203854455,2.207157688879564,1.106295934442703,2.09764348276929,-0.3167185847132894,0
9.422062401685626,-0.21058414755591276,-7.2045859754670065,-1.0905033378611142,2.2527788018730766,1.2396119107784322,-5.467448723131526,-3.420868447036318,-1.1226210500696165,-1.609330427778318,1.9424703340811929,1.6091558485431119,3.736372801183037,-1.2583430840722056,-1.0049133038367144,4.404809310085188,-1.9921252587051477,1.0522139467470017,0.5726336412091004,-2.364702483535955,0
7.001224672792786,1.6548810643096767,2.036709709311346,-2.5559391514637815,-0.8483792314246139,0.966629072161182,-1.8958483361390315,0.7710109078698462,0.2758756100781061,1.5675067914772898,-0.6883405450771131,-1.1601084195499574,-1.2633860439108604,-1.47503261739778,0.7652538139895664,1.9839932571881445,-1.3386646448124708,0.6538729501551452,-2.671489665240882,4.584039828017396,0
8.621234137762519,-0.9562242719952246,2.217262656463241,-1.773705660467427,0.3373273828124693,2.201028924033178,-1.2282396447604704,2.5429727812524323,0.35228570371241236,2.541513090515423,-1.2797172442698994,-0.3852733356393176,-2.738732231694185,-1.0812388509377064,-0.5759749240809308,-1.5744203563140422,-2.162557828429073,-0.35256645476675996,0.26189177531818286,3.6136599756549894,0
7.315869011330575,0.4223455185125647,-4.943938024946544,-0.6719755324133594,0.9432910816253175,5.215767043549436,-2.7353295266541755,-0.9636912281026906,-1.7722440420165573,1.3899947777424886,-0.9647843245906729,0.10738546811720788,1.7965226017202118,-1.5668253027778638,-1.3201293175703344,2.152205469373351,-1.9980861125177976,2.24907754409661,-1.2375945661703036,1.59686923641943,0
4.681158983683379,-1.6172166361309308,-1.8100746814357913,-3.0018787888119864,-2.4001693502835724,2.9123616325603514,3.5760397503400494,0.32949310463311665,0.006371199056742422,3.7122534297066183,-1.3749370098535225,0.2843121991724022,1.0997654720246435,-0.6348012992388172,-1.4428399692483298,-0.19600241512595495,3.782656765972386,0.48768485240426007,-0.3183124993754569,5.693989526192075,0
1.7149131179029244,1.3815090806895831,6.958297859485817,-0.021437621948332097,-2.24143834485709,0.25616319963207634,-2.403355279844986,3.053677673296905,0.8369228987522138,1.3973350027579012,-0.7028810491083078,-0.4781433887324254,-5.9297047977958615,-0.29149615560158004,-0.8866604190657722,1.211897605572426,-2.2583315690388313,-1.886614318606108,0.16819512013112647,-2.4869565212822073,0
9.344136375231283,-1.0914775800545238,-2.294746414426161,2.673987674624243,0.5258067357773741,2.2927472245058134,5.732152362217898,-1.6771484517289723,-0.7394090062749473,2.6364077777948003,-4.558780522050029,-1.1104035896877544,2.6565477675081945,-6.0452006460042735,-0.26669154942573564,-1.6145011915292944,0.8886852154413267,-1.580140099707023,-1.977113498271425,0.880144870277384,0
4.222715955278531,1.610308499537941,-3.841047289721665,-3.219878822192561,2.158799442024332,0.6300320830419475,-2.7398276325475583,-3.5209739864561294,0.47769634567143304,-0.836124386831403,-2.0779880482366315,-1.4812851762564516,2.775866666476979,-2.3838303603914657,0.6727405020194154,2.3858367087199386,-5.802038453183621,0.9044113752496775,-2.7032307349052664,2.1239276030645367,0
4.1407821138499905,1.1924127610428188,-5.568525578491976,-4.348575084710365,0.43949694595967526,2.2625660511883794,-5.962636261690099,-3.5321533818449224,-0.02841283325657264,0.418821176612308,1.9512777506352568,-0.07329199550236251,0.912376315788407,-0.07522782519180159,-1.8695489099063798,4.316919884969268,-0.4270420730772372,1.6089019976101007,0.6666980732414975,0.49297728811812075,0
9.595282004246696,1.175871687177147,3.19578142339446,4.60135499553623,-3.8794893476545935,1.1570106763307775,5.1903239433647315,1.9547363968682772,0.8475407022640498,2.0628305101024034,-5.907578764189626,-0.2869443040449461,-1.1096652113611625,-3.13755305071651,0.013413172957902515,-1.4619134472353508,0.48881254294772836,-2.946211086636444,0.05902387653054064,-3.8546542728139825,0
10.79615786371921,-0.14459355479454228,3.1793816430744184,-0.40802884201840484,3.1497441126737353,0.7903447595946465,0.5156680592198225,0.41935108775405605,0.6916870816923988,-2.1021991171155436,0.3745707726707112,1.2930422926591276,1.459317532759576,-2.280365662959121,2.245418943988082,0.0035754903863892684,-4.028998942697344,-0.9650764559313185,-3.584662917904592,3.244728507381307,0
8.397697021552231,-1.1111531218259834,3.004804683611314,2.247116979982878,-1.7887183540385576,1.356472558816704,1.9665861175733637,2.0747535273477418,-1.3517832920906572,1.4948009331496745,-4.679890534203421,1.8057404154038197,-1.9879834749245566,-1.4071275482376517,0.3101992713292896,-2.158760183897197,-2.1432815963196568,-0.8723700424275547,-0.5648547841041128,-0.518219463214652,0
7.954515008943459,0.6733087281856971,-4.134972811049456,-2.222485042881665,1.5162408615008656,3.4111467856915825,-4.975675504526013,-1.0822178291430586,-0.9044632110367788,-0.4120390787435473,2.5518250109773795,-0.4114076877975564,1.0362595063935605,0.8685930981334614,0.625819887601823,-0.006217312535396591,1.3905392311853313,1.6644223229358235,2.090821019529966,3.0311972096956796,0
2.0446644933989075,-0.7442480813927691,1.3584079077439724,1.0519151023921203,0.5957067523246904,1.2555712439513689,7.412303606973756,0.12213498332841688,1.6834641044425536,0.34314281604848107,0.12314983170666247,-0.5035761856959148,2.623976148539569,-1.34931769794573,0.26533626048574566,1.03098684909433,0.6380884150729298,-0.6361094149448236,-3.987888334424971,0.4965404269662464,1
10.314765324548736,-0.6510099758271759,1.9665323037086178,-1.7313278844356943,1.7907747052106877,2.1274151404763364,-3.496052231336224,2.3252093980764608,-1.5736299047616873,3.2990042685154752,2.776641151390649,-0.09955208232110399,-1.565736376120185,-5.388748042164871,0.13090927994720042,2.1576487298130167,1.3415168041050038,-1.5673083579310854,-0.900916459710853,5.513624277066189,0
6.555088078531869,-0.3474227365865381,-0.2397413790520027,-1.1017209979041336,0.7020839260195826,0.21026914686003984,1.0212697967370097,-1.4897248114523136,-0.29577940726975727,-0.31800967936891555,-1.7019715818686703,0.01346524054774068,0.8544708848338386,-0.24353218166054505,0.6802932201596912,-1.439053226520203,-1.093775022654329,1.2726684259960477,-2.2570209821103258,3.7373944395212804,0
7.662192712213895,-0.8635012065534682,-2.469765503763899,-2.5937025145518104,1.4364146262767241,2.618371218269815,-0.663758161887685,-1.8803300841219044,1.2203171936161104,-2.151612279975262,1.1830796317070345,-0.06654554651178848,4.0721522397457575,-0.4194424362377774,0.8649601573119583,3.1474855818015155,-2.368009201514089,0.3258067662569716,-2.098144857445413,1.7292358616501466,0
7.075161073078945,0.925902736232894,2.0928371952526055,0.7434820342190223,0.1842652674911458,0.5043992414972019,-1.2110363350052713,2.4358168680146957,0.5621208453593864,1.778592983908143,-2.750719190278114,0.6287440826323036,-1.9391196033829345,-3.486518489613571,0.2914779967903114,-1.4083083141307635,-3.010392839785132,-2.7774170260033175,1.5926288398333055,-0.3971309622036098,0
7.038950871685074,2.071241253224588,-6.94427760628939,1.042224538630916,4.3316904813436725,1.425067270816008,-7.458685231835301,-8.026250126154086,0.11887705770504464,-2.1286163070224697,-2.0393268937679876,-0.09019418816634944,1.3884720698662087,-2.945784967017549,0.2338661633110311,1.105937686631796,-4.317444408155726,4.661775831816131,-4.0253168602346765,-0.003953297694779786,0
1.3591151977348708,1.3040995787888334,-6.850743684490831,-1.5962311162426375,1.0340846586661603,1.36471958880283,-1.4807306575933605,-0.7331137076995489,-0.27576742313751507,2.2750657548446016,-3.194796850675341,0.8028932434464346,2.536111933002699,-1.3097100737063099,0.4553047657720194,0.9849370875286143,-4.344887662309313,2.2721230017642933,-0.4317049798717195,1.7267445010417823,0
5.1458810329716185,-0.618401779095565,4.8135973999513,-1.413813538108585,-2.2935796889010907,1.867371721297717,0.9138464275613726,3.5179914556814373,-0.5654547571198111,2.3545067908026494,-1.398638860584044,1.0153750889902995,-2.788176377069923,-0.9881489048601324,1.0702458441948763,1.8201769367273442,-2.3349985822573354,-2.0162761819725894,-0.6841779071900183,0.0515075543497699,0
2.87135937448545,0.3859692396408999,-1.658039353286156,-1.183500281586349,1.1368256813840687,1.3064711824252269,2.206366038103644,1.282229171501423,-1.6064450861350417,2.979372747827939,-1.2943148139989018,0.49290230685640013,2.5783027857666383,-6.259365396180109,0.22933223157542626,1.5262325968121884,-1.375955933606257,-4.094002153435371,0.6883768956076866,1.1072209957393588,0
4.23409179696162,0.1833566359459855,3.503994589689902,-4.120342619315152,-0.8814281970497961,-0.022630733696677563,2.2935802514123957,1.8847781241067856,-0.09534898226850592,-1.154835694945108,-0.13345779846743114,2.0935078118839803,0.5261464843974576,2.465466952997231,-0.24761456335579726,0.7090048651513146,-3.5548998465783117,-0.9722517067460652,-1.1671877283353294,2.5519668838217977,0
2.672511992721816,0.8164456602185753,-1.2963906359205466,-0.9710440593664472,3.49289311064762,3.9641635888056044,-3.0827465389805937,-0.7117100552634389,-0.251338779026508,-2.4031116982911347,1.3145253018333982,-0.3085839202714347,1.9702256645882832,-0.8498704481136362,-0.495856892875561,2.029340619717194,-5.468929333826761,-0.019174912278389966,-1.2388942522260518,-0.6424344988223359,0
2.011434360077205,0.6877570510480546,-4.437891773548264,2.498290410037912,0.9113764253649352,1.558611503186626,-2.2938058191168715,1.1636867599810217,0.9501242077363455,1.337494066874269,-3.368812707223509,0.8226750969093101,0.3979414059015167,-1.197447650744205,0.4965332400839448,-3.1000319982529594,-2.2679822610519573,0.5338766317942742,3.2342426204511687,-1.1349567990678122,0
6.176028823781464,-0.08200200307925103,-6.2938892885241,1.07670988648406,8.230395133675763,2.3779861962906548,-8.719616728482604,0.383297887378387,1.1061608042422433,-0.8067619011468445,5.4314424068636855,0.4876423278689321,3.5788458193338974,-5.173036386043975,0.4302357035681871,1.807120629790428,-2.5789518915328546,0.8865318075684183,0.4661830135501348,3.007672981311946,0
10.353180713755224,0.7623523591518548,1.2308164428557302,-5.288505503894043,-5.2200563767333605,2.382007668642883,-1.5124020213317309,2.726098664568563,-0.26441163672642315,0.30630790264867425,-2.5735458187168634,-1.7851188987035014,-1.9632789064320497,5.27719783699617,-0.19722509011692585,0.02497380851204778,-2.798913814485705,-1.1360210927023955,4.699811890048886,-0.6638351871518966,1
10.158960960442895,0.2662048654671575,10.503602076320139,3.732585475477068,-7.071631904000486,0.9460315010394854,5.637901275654886,5.3572091920802665,0.8752388870456065,1.102246219586512,-7.963105777521162,0.14806518907272695,-5.051412521882779,1.5008702767694035,-0.8192303946977615,-3.3095179191292745,-1.9561933075332505,-1.5501934649742306,-1.6860300454835224,-1.4252392305328072,0
2.070196328757582,-1.6226537737122775,-0.8296097757905658,0.11312070684787634,2.992798057011493,1.8433747621369483,-1.8586510176747855,2.158871213191436,1.9893774878333095,0.9997823674471343,-0.9582915788070074,1.0374396067173919,1.3939333818650124,-4.12236362783828,1.3216955348004125,0.9538921950714215,-5.250926000054589,-0.945197694180375,-1.153903965504977,1.8939418655620455,0
7.24005558908588,-0.7318106747835904,2.5909543913315236,6.0447620793450865,-4.3768146806444745,0.9193718694425697,7.295446273248778,-0.4037664289707934,-2.226345794203558,0.9601592790110892,-6.516339296540032,0.055526060062097135,0.2845401209449798,-3.1887940374820074,-0.15297800724305166,-2.7442895655728075,3.634634637552767,-2.184536937043351,-1.1358646543714357,-3.0143240727519225,0
9.404163981305679,0.6480709781989817,0.4715425400682561,2.2675625657561826,1.1873292227300576,3.560907558475142,1.895531873658598,0.4918234054802004,0.3625209178953868,2.1462958146483375,-5.048329774225825,-0.7965755804302466,0.3401160346455341,-6.744206933189908,-0.9540318086724838,-3.23075934223646,-2.0346965052404435,-3.383179066096878,0.26836132808375357,1.1312847643886423,0
3.920536344777747,-0.35462156308715126,1.0116699098655046,1.4634918882713859,-0.001981098621534505,0.45368235997109835,-0.42054148632619903,0.9759318392761274,-0.45065734514092765,0.5404248663723847,-2.8695989272040205,1.5011357425206888,-1.0935292687792812,-1.3396541932454757,-1.8699961673176073,-2.1030627203809136,-2.0359254723961673,-0.3921646662206639,0.1931829814860122,0.2144248663342042,0
2.978348033265014,-0.43027952849025125,1.9407272009980316,1.1034224337255032,2.3808287268308206,3.2939564035243674,-0.32586447906356797,3.4461137078129056,-0.6412670947239019,2.3855806981131273,-2.662105819103325,1.22335389122781,-0.9625330155038849,-4.532139786611221,-0.6076653504024135,-0.5050368393343467,-5.889013079365246,-1.2444371228990003,-1.7970263474134582,1.8063693260429698,0
7.3400460371046385,2.0549446718343756,6.132265739239931,-0.25492853960189743,1.513919997986299,2.0051480848410934,-4.114294689496025,0.9721374691134417,-1.373182764430509,0.3517941595329729,-1.2448424419115878,1.85975092206927,-5.672655208448862,-1.7750218529786284,-0.13994568098832733,-2.5852903918839187,-3.682807762994938,-0.8719109539119291,-0.7337018761284204,1.7747530991903928,0
5.090589601186516,0.27473963239089455,-2.1260580002077276,-1.7194141727977943,0.15482187349549403,5.350440121201347,-1.8516507475210362,-3.060950145213056,-0.4606369351961916,1.8577235338017104,-0.3169831815380843,1.2629658371870132,-0.6197600609990983,-2.085657356371526,-1.4481574788691032,0.3105197495944121,2.3645825272009757,1.3185645279996632,-1.1345954421543099,3.4531661612580034,0
7.193842670004587,-0.2935940230205841,-4.109677451819254,5.165203338724989,-0.6389761961022268,0.02091271245453008,1.1596122546697545,-1.7911369825123105,0.247961672268502,2.518278148070719,-7.725680361340705,-1.2310970089983073,0.6156765032149356,-4.771144695675495,0.31840810978427225,-3.8646521086945778,-0.4088814526820953,0.7535664862841711,-0.20513798877649458,-0.6840705876659627,0
3.887474502549291,0.30253631514943746,-0.7477220953625353,-1.626781282271131,-0.5992753620967324,2.5392364553875693,-1.8657966998974251,-0.5522119292835862,-0.4353362036757447,-1.019902070687798,-1.0533608288341219,-0.7335928662948734,0.8370096487159109,0.9186364846382663,-1.0869389187331904,2.671242869213253,-3.8539938169378547,1.1411883007343655,-1.6825074722795654,-0.2638885071341557,0
5.351185110484949,0.3273394565454898,2.531594073785319,2.1026750880253826,0.4080797294958842,5.111905859022089,3.1476600161998483,-1.5098728879229646,-1.3343525986425429,1.0161174160830138,-4.025811618466291,-0.3792377381249671,-0.7225174677932118,-4.24647802479889,-0.3867012570454237,-2.9395524400425126,0.055467540021593154,-0.8702720554253986,-3.019308221740149,2.435190575456645,0
5.665097297849924,0.43899225632017824,-5.196839466110577,-5.260407180336246,0.7207479687924199,-0.15311564354945806,-0.7987279117860334,-1.613253282956245,-0.6731638748936681,1.0949340069673186,-3.2861775574094847,-0.3372008643615647,3.2777101767244594,-0.7542697829512709,-0.9759935838068206,1.194564485371615,-5.518074387056319,1.3309163163485842,-1.235968919248598,4.691148644011794,0
2.5559975308956586,0.6856341944568182,-0.01363287229223757,-2.500199047935007,-0.013649731386524921,0.3846384377165346,0.5252880220234172,1.523412318391574,-0.2580580998549205,2.0001292808415267,-1.7938548979713596,1.4835224229095718,0.8349009713981114,-1.633115105067464,0.5040650266641262,0.6499813714537797,-2.424649087043827,0.4917922042865539,-2.1499629702292897,5.342677687505656,0
9.055572716440146,-0.36163762664642274,-4.077460832645241,-0.4661548498030016,4.469162357133311,0.8260158989515642,-7.103540192395718,-0.6262265929974338,0.23270658710242956,1.2265576559492566,5.56802354254115,1.4662807490107206,1.2675865955483139,-4.867240967962033,-0.40544531586911275,3.3015364081266476,2.3280438316754717,0.5631438877719375,-0.005442172929353339,3.5589289147516476,0
6.269152228594078,0.7782909780719623,7.650993421662918,2.0426248880886053,-3.5160930129334775,1.5336520557182303,2.5280699361329035,2.811079947176799,-1.7270866891577312,-0.11238484503428103,-1.8848979821820673,1.159288451282666,-3.96179798207368,1.1546956457864868,-0.6987562201111899,-0.5751877573048723,-0.2178061525831706,-1.8672257135603454,-0.5951424625419313,-3.0046687614811316,0
4.859929979069706,-0.33390806479169444,1.4015050439376981,0.7089812639198187,0.8517995132169711,1.4727957399311407,3.353751785218084,-0.2836237851257897,-1.6320176267095572,1.6829510066533278,-3.8916632183164093,-0.6313357810855119,-0.2511092882731534,-2.858193797267895,1.2694301310205451,-3.0638757094409406,-1.3950896737093625,0.25277374961917265,-3.01103544292946,4.125974621390536,0
5.737061546663451,0.5365099861983424,-3.3533293256388377,0.3462342713070472,2.139093955257218,0.38224054217180736,-2.492282242773691,1.6017632214320163,0.16694423918066853,1.8437609437789333,-1.7955228549310804,-0.9668769050708663,1.823659022815582,-3.7278291079753867,1.0618971631948684,1.4928424246949974,-4.650780961646555,0.5119495880141103,-1.0534863280053477,1.786436693302288,0
10.688586924574306,0.2012616113863689,-7.26712742057086,1.116218360386926,3.7933149590336193,1.1129088362559632,-4.906841619505728,-0.9664775593233642,-0.4440268366079267,0.41005287835542803,3.3690023133409586,0.3924628783210384,4.390952451278437,-3.624208752872142,-0.07800843825071438,2.2170829043147355,2.301432902137854,2.4083056047821736,-0.6102516807606696,4.09032033922762,0
6.858682045983011,1.290852952041563,6.210935530942435,-0.8282323546209087,-1.9063168494446463,2.6340802390853266,2.843901322459937,0.9379083556355119,0.08805658844051176,0.8567014538991302,-3.066684138800411,-0.23068741420390584,-2.530141906160888,-0.4181396890164579,-1.0780337224745684,-1.3247190239521156,-1.0240003756625353,0.2670201034853137,-4.161880237643688,4.547533365715902,0
4.946694944532405,-1.0473950294963743,1.2369404883917785,1.1492323270463962,-0.20371986867967196,2.085727526261526,-1.5255925413280764,1.593732863263512,-0.24058191505305795,1.91857758437647,-3.103212792569832,0.11926728752160284,-2.599207069166823,-1.939692288249355,-0.7806891198115439,-2.4535954320697213,-1.8512717961123353,-0.6621780971159519,1.128689031668467,0.4540919557474579,0
5.565894266456979,-1.2998925293101304,1.3807131053380424,1.8580861317265054,-0.053182654331474954,3.666233518296191,-0.5006882155357463,0.47982655112651895,0.5662495877673364,-0.07274331622077845,-1.6924249866377887,-0.3128336627596609,-1.705878030848267,-0.06192292588014236,0.22519927510436238,-2.8178745866361066,-0.21715913233577055,0.03530531670236425,0.7272493321881859,-0.23544243198376855,0
4.931208901678241,0.08523966226069667,3.784853105560739,-2.8070461347403644,0.04606943101758576,3.99118348920337,-3.6054772019835535,3.8603907095594967,0.5979552791703647,0.6386655925355367,1.1602728157662707,-0.894839398444135,-3.49015034108545,1.8612415654790648,-2.0367224762651834,0.8191397072405657,-4.247303856462749,-0.33340822783017376,0.918089533029304,0.947067419019783,0
4.119685143618289,-1.1241261460722793,0.7752236326713048,-0.23293462057023906,-0.5927652690096785,0.6419068014666607,5.175453606685322,0.4893993643976935,-0.1696249070341263,-0.49568483333956714,-5.783198468059354,0.5905760967644822,2.6331967878355584,-0.33835966780096527,-0.5755587242223202,-1.4079325540960554,-5.664106287166718,0.3606092354234254,-3.7248757852500978,2.440292779551778,0
8.074965238677084,-0.5661526191064576,-6.809240717623845,-3.0213031474190712,3.3187733267716566,1.8817917360649963,-8.52687061370905,-2.5683794506051494,3.2907934639835754,-2.8219525356640296,8.433570015268208,0.6850979200388306,3.5478366244939568,1.2491099261687189,0.8128133026006759,5.575502875853922,2.2091601869391955,1.6616686342249885,2.1887144416613062,-0.1428929264269819,0
4.694874842637491,0.17899540784845358,5.634678428934806,0.3440830113581098,-4.0525627286621875,3.5408206184877553,4.103004960582638,2.8820579255098466,0.2247228710709716,1.017892897115113,-3.590341889452825,-0.9758314525896922,-1.816014129219841,0.9638797084324552,0.4088412407877672,0.502846468830803,-1.5383518116872639,-0.29823663240093445,-2.8713341080579804,0.5551973522127054,0
5.238056351202987,-0.2336096670020835,-12.139082898904281,-1.9322745884845602,6.442278450176089,4.2406052957841425,-11.081644673169748,-2.41707853211641,2.4518603174095785,0.7145945179761695,6.038134759086694,-1.773488899390177,4.36388469981185,-3.736600687980265,1.2482391942568927,4.132358219078642,0.08335518337787384,2.549501404341509,2.5733686957791924,2.619373899138891,0
-1.9834352250649228,0.4761706535870033,3.280079455463536,1.4083987515366094,1.9950475587431447,3.0235530685079683,7.0172480238744255,1.032791306239195,0.5476079548627519,2.428986037819411,0.714809604504036,-0.5948478380551941,0.8150638800457746,-5.196279978664133,-0.25638961102817187,0.9016943690318735,1.0218739008438575,-2.8139241736350797,-3.8154382286689743,1.0137342688555107,1
9.841021225885713,2.0056135714471424,6.302648121810134,1.1045874493380614,-2.4219311419447775,2.2732363009782075,4.5669389406403536,3.6034525819553362,-0.5740654749558857,1.5074972021809678,-1.0478493980857049,-1.7302061926014543,-1.7043467673811517,-0.9305055657919452,0.059713093774081245,-0.9921624018865376,2.0493403459479147,-1.8363842735923699,-1.5606837475900075,2.274056624856552,0
3.195470769676221,1.5803212269189977,-2.574775631878161,1.1972412878627305,1.668757001286385,4.342063546323911,-1.8586784692710858,-0.4635854242263492,0.40584294882345057,2.6258839532755864,-0.1782352692982701,-0.24957955246362162,0.10752989540873104,-4.348161108688724,-0.7949206034026999,0.6885338774970995,0.8811426644953131,0.4353611755734761,-0.8233120059903872,1.7123762672556921,0
4.977392531472781,-0.16635451457876638,-5.866494362615689,-3.0248509491358133,3.2368617953835477,0.32990002022872084,-6.231269674687354,1.0401539137085742,-1.1616433954632617,-0.20226746560956355,2.8190597556672485,-0.09932611081450046,3.6292516214161825,-1.5339289503923135,0.1759280596303835,4.3203831334455565,-4.514176853779061,0.26115014643239975,1.3481547017357118,1.2564542418985518,0
2.9470258759856076,0.9094695415648419,1.4820889984924615,-1.8153672909739038,0.05905666656831188,2.931635523251506,2.324645310012936,0.9598380171013889,-0.844599051741316,1.114769650386217,-0.9177090259734096,0.6312970397158546,0.09789051327443343,-0.09035052433849859,-0.5473546794546398,-2.0045406674139534,0.35632892908999625,0.4958126627003494,-1.5083789423845135,5.6919180862011505,0
8.36853434440004,0.5648165012716181,6.010421730552606,-2.3019039065229108,2.2444919806347103,4.474595760119539,-8.499858416538183,2.032614971027619,-0.28283366673882715,1.7283791612214814,2.1854611024410304,-0.2088508198829253,-7.315231665363903,-3.5071918502697987,0.9934761239282583,2.0489647418244914,-4.983854048322935,-3.127260661458863,1.3648332691371987,-1.6504239517571635,0
5.342227103949692,0.983532150036952,4.329066219384105,-5.05076410906242,2.4903537939956815,2.5080364599264913,-5.454149717804169,-0.3451070858829053,-0.04084283369105328,0.14689117444048516,5.337607654532548,0.42969782233882925,-3.67178744302308,-1.2063562239126375,0.12223810234257994,3.5010274946626856,-1.3310914406356915,-1.189738082624324,-1.2486158688595723,2.605543081672881,0
9.158113957111233,0.36513145856571716,4.328952358586948,0.49378584955803084,0.5834941375109963,4.140756517061705,-0.8510277306008691,0.5338325981236834,-0.1482279777704731,-0.12584524872884617,-1.7359478918188203,-0.9321246983634598,-2.578473833486372,-1.822590097446009,0.261442355886759,-1.6327794387999408,-2.4022700071641143,-1.0751490954245286,-1.317092664720111,1.1060869779994176,0
6.744316556021329,-0.15502823451401762,-6.817092653175873,-1.9744079164076895,1.6303579379684434,0.49070064176209977,-3.7631252892183475,-1.7966947863979126,1.029171378237062,0.9728680451247744,1.4839848087342404,1.3149071603937303,3.6975057316323374,-2.5408374835863206,-0.03422367995422672,2.906776267447332,0.8163693036506905,1.2919715196914354,0.1892769653501416,3.1382060219468486,0
6.151634761431153,0.3879570982798558,-1.7300127979350126,-1.1703567678095932,2.277420552837394,1.605661937455536,-6.179620447233563,1.65843942251866,0.9073491943828758,3.389632075087747,0.7656882131430657,0.16832507515726264,-2.1889338494485173,-3.262611476753083,-0.9607394837737899,0.563931629617108,-1.4771647957762297,0.9889741833247225,0.5555549373100921,3.862744057745125,0
5.386152679790566,0.5178212099494137,3.33643656158921,3.062740502677972,-3.0092262055272347,0.2579070568871229,7.321586236148967,0.8649651466736151,0.6752358758629581,1.915501767753149,-6.111186822708128,-2.03740566779631,0.20965933141967752,-3.202626001113366,0.44211204706706375,-2.7341542168943946,1.1516884137907168,-1.78624028499824,-2.3996805655807107,1.1623627441746773,0
12.405037698187018,1.00952443962386,8.497767963591237,1.5066206563240236,-3.558823015187517,3.5883336225341496,9.829496046742058,2.770808914608286,-2.9049349878252446,1.2199123992959628,-3.3786722108079354,2.2660097271116633,0.18732331181911,-4.571400286579139,0.919786548061176,1.179794874826145,0.37108614324501277,-6.352600108076792,-2.807650008734736,-1.6785491733302385,0
4.391481343542651,-0.7704047759477209,0.24052341821475645,5.895394166664663,-1.8234007174006102,1.076006590096615,5.580617087560931,0.9784554840744806,-0.055447544433281926,1.5133480353482038,-8.604619019259255,-0.9796370435796484,0.9297484199222248,-4.011656999130966,1.099289960147286,-5.212849570233959,-1.127048868554413,-1.6411422846636414,-0.13932520099402357,-1.2388850630453303,0
6.394920795456972,0.1047318445804778,-1.160593113914755,2.0286388398667405,2.1879718251406226,1.9817205382609986,-5.258703600924871,2.62444114099112,1.2286000632760126,2.306591990416895,0.834254028796855,0.3880770813947451,-1.1645293940636843,-3.9132897218847598,-0.8391675627433994,2.2815218517635283,-2.402422028861814,0.3770423491478888,-0.273472510261884,-0.10157835821877004,0
8.620531631568582,0.6768366888566725,-4.55108363379439,-0.34392396264329506,3.2769905337081786,1.3349609506535107,-3.5129401748394695,-3.732989932505153,0.5592580989060261,-0.299092646301909,1.100087407439536,-0.9162581323090451,2.3760928417926244,-3.668554938725672,1.2717419854826963,1.4582777155194786,0.061010102578530345,1.1377594679318606,-1.6227874385399297,2.2224458636495594,0
6.788251334939089,0.19267431927743958,6.918947072538914,0.3058608871305578,-1.6754904702955846,3.614028855056755,4.6120295879507776,1.249259084132164,-0.16138531354195812,0.9480500759528934,-3.02860650942563,-1.0509227579641216,-2.1855294131250114,-1.888490899537306,0.5661447103100283,-0.9013052371922836,-1.073413980381328,-1.6882653340035731,-3.7431112005217173,2.0189634917197385,0
3.042488790912787,0.24632542686010814,5.235838259186306,-0.5986270351773815,-3.9949838171643757,0.8733707891571754,6.385755021122515,4.144982257577615,0.3257650736503889,-1.0855751065612922,-5.5630227908127,1.9628979699621703,-0.059321982662201345,6.705842320538012,0.7271419387186581,-5.131443850864938,-2.5825243743578485,3.8894002491690163,-3.858761768011435,7.514197587479057,0
6.667255070066724,-0.7001259666377954,-6.0462379602071215,-1.2641263442967938,4.5356372782770675,1.2434989591525487,-7.9140847243523815,0.8881232122173406,-1.1580885782143826,2.404514711884861,5.116127439056115,0.9318162894026738,1.6979552147996757,-4.563100512064359,0.36582425288434817,3.3220312489927193,0.9734874937177906,0.8328745584981088,1.4026200448430903,4.02988019620904,0
5.586299980316232,0.1120948313437027,-2.076427512318211,-2.248168065976612,3.120045375362942,2.5516485112020937,-1.094574171420927,1.6609107644368448,0.5840294927429441,1.2504792422090414,-1.910339661154142,0.6901131139156181,1.8581351518307057,-3.0369431526818635,-0.4156193574506371,-3.576990609922967,-3.3427498862919482,-1.050280642799778,1.421447087725153,6.549566031171616,0
6.193601842675637,-0.3163283165643693,4.785075390850698,-0.20260224432711227,-1.3759080586925232,3.3762602422040153,1.289645983899426,2.7536996597874204,0.03335150181407037,0.72108527929223,-0.1808412323630884,-0.09185665084230153,-1.7196842474447251,-1.524379131043242,0.6630448855933659,1.4641937670536493,-1.320080065859262,-3.4591969330378087,0.3620391452252092,-1.9862669860794406,0
6.34956183024592,-0.9281643052721126,-0.6919365783168238,-1.5995533197757044,2.5364899576603905,4.141753713328552,-1.2959274601483077,-0.8315135608260849,-0.9867654236788254,0.11447682307996321,2.05771918426832,1.3021206513019816,0.42633478414464876,-1.6013325476905,0.6207844635338022,0.07249669006872961,0.02437550455123705,-0.5155101762259008,-0.03807306664550192,2.155848311234391,0
9.610334410562741,-1.338100930713533,-2.0467098553295795,-2.772811610454421,1.7327598627226855,1.4152289323884975,-1.7478792377424888,1.1820893511428485,0.27674088864353386,0.2917168453183352,1.7973626566942553,-1.55573832663683,2.0572656486790897,-1.221430080161051,0.2126523656392005,2.137225837200309,-2.319793313245576,-1.2660323521525751,1.105401563634783,1.3178631386608823,0
5.995965287567514,0.7317602821483038,2.409285266903819,-2.6460414326938038,0.024881018432080237,0.8138726806880049,5.471929975189959,-0.6701867082949473,-0.7204850378047474,1.495262821648568,-0.7518685558449508,-0.7106370102002589,2.561984219757389,-4.862765478348869,-0.5326347500967876,2.802301069101944,-0.06129517105059168,-2.5821743791839697,-4.723347551138317,4.483512515440677,0
3.596959527134223,0.8967245611804248,-4.661849848926025,-1.3655295886397476,0.16297081554439197,-1.1270891665273608,0.8061196347379854,-3.7040917066780876,1.405593495210564,-0.4312230192007338,-2.60530650272489,-0.18212484352066688,3.570075108433349,-0.3957613944954833,0.12437163648445497,0.336994991608346,-0.7921445007054536,2.77870066915174,-2.975120567755237,3.5857262060695847,0
6.486725433771726,0.9986931180842509,-1.7134419941924968,-1.3272591182025621,0.3831367217686652,3.0787099575951897,-4.471768624699034,0.05938090277447183,0.6058326715865808,1.1713396801469425,1.4517355475573748,0.746934991813308,-0.7994983132199549,-0.7955861972573331,-1.3546019517385124,2.3437842696406537,-0.21971557740145253,0.9287190108184205,0.3448629305651254,0.870063844946853,0
14.716040806763145,-1.645173315759182,-0.32206043744945506,-0.8519022315871525,2.277218172236542,4.208381551094053,-1.194040513527117,-6.162204822985977,-0.02999507906561708,-4.341995933863388,2.405473138222992,-1.064462700289519,2.6539040006702113,-1.6202424650937868,-0.3208214476759159,2.298194364627584,0.8166896544475266,-0.23629691738450131,-3.2740146682601434,-0.07874287209906033,0
6.047933124795642,-0.5840946015445354,-7.053085207423442,-4.260871179117654,0.7588827632886648,1.2183730035714264,-6.311408242090358,-2.1465769582065586,-0.03969092580311506,0.7804933059999939,0.5047889285145243,0.6760897221634938,2.144958910314501,0.23969045086658508,-0.9221051973080392,2.9150117134525773,-1.6360485388437445,3.244322788018069,0.21072730526806227,3.9579687799251437,0
11.833884617299843,-0.5457989585584879,-3.8546838609311096,1.7694313680885774,0.05969842901750011,1.2382440963184522,-5.54890761341252,-0.9477523570300387,-0.27400861403013754,3.6960850165409296,0.5458481322183318,0.24267377714577765,-1.7689885346827405,-3.8581629560678765,0.04796501694063948,1.314326359721122,4.161894187524211,1.8505748228484906,0.6116373434544804,1.3948538102249315,0
9.210633284795293,0.43017245350115685,-3.1638580061014085,2.1637763208247476,1.4445649228711726,3.6283883907631154,-0.5747701466140995,0.04329056136610965,-0.5793365643152685,3.3089112401265655,-1.3083376394622999,0.3691496643313511,0.8833324887441918,-5.061946443588475,-1.0874102178841882,-0.14096480942349032,1.5057686208650356,0.8326171621621259,-1.3324835180494254,3.0394702701648706,0
2.6018452102706053,0.07057822251266363,-6.227375191609764,1.802800433104516,4.293130230811068,1.225121130820729,-1.1742274451616483,-4.48599500229979,2.6288144983148425,1.4625662938375037,-1.8907740132813542,-0.02655245979816847,1.8627460428255853,-5.137501044838674,0.6183296022175125,-2.8034793857428033,0.5172846307727184,1.424682202386926,-0.8924340962904576,2.464999712291084,0
7.928417875031318,-0.9418080195884638,6.80277938466457,2.2771630245194645,-4.999706346535053,1.2429016388717984,3.6814545110319874,3.406710685476353,1.043905538274096,0.11040614610511401,-2.7791227887382868,2.5324068763728955,-2.847662069455211,1.59379565728081,-0.5067570282725288,0.7991679074547893,-0.504295874594082,-1.830913234205839,-0.7041693694635078,-4.183383578739932,0
7.758439431998024,0.5600838608840881,-2.9488706371689055,-1.1756751175639746,1.675693125709512,3.016893011106764,0.8165124405833212,-1.9967822704914497,-0.5812237668355793,0.9851805392959577,-2.285471398641069,-0.20234894980033352,1.8177239772332352,-1.2884100963408807,-1.4671273601199013,-2.7091710342764914,-0.09300548742398351,2.6815455925544707,-2.545511179790914,6.969554590806517,0
3.6258401766168324,0.6552231894242179,3.956668075030261,-0.21634004124899442,-0.29934281093330717,0.9471797236933512,0.9029697991987635,3.9418407324696423,3.2844108479713445,0.2554861297153862,-1.335016163264614,0.800039159789786,-1.4563922219396344,0.24211637313563522,0.34875130984841396,-1.6443220396737819,-3.273044676270885,-1.9702820067937274,1.0177775057992164,0.38711425267159577,0
5.378505766551045,1.434859895325224,2.6118721440962553,0.6981699808093009,-2.672457994208786,5.084992104237892,4.12340784808548,0.5219193153228301,1.5779670955748948,2.089405973082162,-6.8009347798012545,-0.34190186467642997,-0.8917119611541431,-1.0059343496130846,-0.5561406591245769,-1.8803034813594868,-2.3775888527173503,1.9633979222648361,-4.931919259011824,4.4612292207363495,0
3.8428103811502585,-0.1734489364889249,-2.4171532101880624,-1.2411372929233901,2.9934360099494666,0.3998489003717535,-3.3978015956301206,2.6118749082476094,-0.6883106540544239,3.2569378237339794,0.07349420781652709,1.1935911568319053,0.8595988523498108,-4.956959603258597,0.15181653772710696,2.1203878534546354,-3.903059096501948,-0.2802469822960576,-0.7932934528727925,3.8441180973562923,0
3.013154341272248,-0.37832059721918854,-1.314856328221662,1.5903208687549517,1.3859388743242378,2.4213072809120044,2.4867913662136307,2.199887115605357,-0.4543521418651553,2.067745386308723,-3.741907467115929,0.1514268231554419,2.7531856396254706,-4.162941415533888,0.02626595600742031,-0.9786514030557618,-3.0487622921537776,0.4530754007802066,-3.0313457772850927,4.717331058172954,0
4.8725382004424675,0.8858036808746805,-3.839091982103022,-2.9857850362188976,1.1045454117758762,1.9186814612473548,-2.8336943430739696,3.18294746068786,0.264394365827406,4.180386739545545,2.1287009166756095,-0.7564100097454549,1.5969363551518065,-3.273869729428583,2.1298498742657186,2.6314613625380425,0.7767388145955576,-0.2145804568729417,1.3391358773928252,5.495132406169911,0
4.256779566467635,-1.6508628680190383,0.6639385255871407,1.3899189265288028,0.09878562203695873,3.3104604969760176,3.43115524100137,-1.625648696660321,-0.7127182412237509,1.2621119185905845,-3.1946676307699917,-0.8864793648851079,0.9405357704893276,-4.6194455958762735,-1.8472124016464024,-0.39505867766180525,0.0510363342795499,-1.3306928543124394,-2.8427108202392,1.1416210338240098,0
6.641612533409499,-1.6648784900413538,5.984185322590288,0.9877339123099829,-2.0994299813308173,2.581521639776796,1.5774495387789993,2.8168139759818485,0.33295828568385405,0.20418539554175008,-3.1822569409282875,-0.5327203966773152,-2.895705750694362,0.1001749422889975,0.7476506225970576,-1.9120783760630413,-2.2589402502975373,-1.4101179925217784,-0.6944558181110343,0.1141775359627089,0
0.918597786090992,-2.0852423432832854,-7.053424358847634,1.751131205087356,0.8833617037175361,2.637757327596262,-1.5540735619270474,-2.13224909677273,-0.7890624414182985,2.0025857698287868,-5.806459431899955,0.13291940507823036,1.9216688311904377,-3.06582427091243,-2.7491675577957473,2.3353314515715398,-7.18218007620592,2.13784542408184,-1.8766113690489923,-3.910544388718508,0
2.889114266365268,-0.6830998102608024,-1.5394839368126105,-2.436375191820771,0.16456524138244488,3.3400966650468735,-1.1711210350801993,0.8666981553635194,0.31285705964593713,0.12993866890005012,-3.0057360833650986,0.4114584438161909,0.44005458501614925,1.5469697957943642,0.1934462047366522,0.9059404835836381,-7.349023622760044,1.394016744292332,-0.9024290113990279,0.1682454906971164,0
1.8663635064835162,0.9541661776721918,-5.357979781276392,-0.1166998420279336,1.8884615616162892,0.4459634604789925,-1.852044572785846,-1.867257924797669,1.212729916042769,0.4024667678309891,-2.6559116778688936,1.3115388519085929,2.543623184860285,-1.6241178888319037,0.5073976465917479,-0.4935068910574163,-3.046941489300323,2.3793974070952815,-1.263581624136195,2.497897242757957,0
8.10831556461312,1.6407810802890184,-1.1035872124085069,1.442667259219833,-0.442959910306543,2.9237761835408955,0.4382000737312239,-1.3829315788915797,-0.00959521390001284,1.3054562864805088,-3.532820816899954,0.6917817235675556,0.31864503136790034,-3.163700178123424,1.1292010125303251,-0.5890879805720108,-0.3444619786119859,0.20276969744828,-1.5282762841871071,0.9071150461376508,0
5.837748301842445,-0.6339392672652837,-3.067560826234527,0.08959278687609529,1.748202129397006,1.7603977437844518,0.11139157529133022,0.03878729112619328,0.6065567739579222,1.161240855976342,-1.739841486375522,1.754093203514306,2.4692437743413356,-2.486560536440481,-0.5765128995744687,0.8437138232566207,-2.944125745414501,1.4001269431972942,-2.516713024782934,2.7839151195244125,0
2.9188458863317055,0.7726092631178731,3.619018390022426,1.1343758815906329,-0.12503719498561172,1.6410035087810733,-1.3887771690426691,-1.5800945308985086,-0.5928369147158884,0.07264014697352694,2.1901394760534303,-0.645008519286257,-3.072169199473189,-2.5572621458973455,-1.532480386168661,2.773063117779736,1.8145310272083153,-2.338794568338394,-0.5924341560679068,-4.450126335125231,0
9.793307631023396,0.491719322215342,-3.2214120174840617,-1.1976781807777093,0.1967741806419695,5.007411601448874,-3.37882567698961,-5.040518744474296,0.6070878402342756,-3.5370039651798626,0.7735854207250777,-0.995371731413225,2.5002079950672726,1.2073435552840388,-1.303106441882502,3.4894464950650237,-1.0138980264009485,2.318009900538233,-2.368929528517004,-1.1570062205292349,0
12.011960116401093,-1.645173315759182,-0.32206043744945506,-0.8519022315871525,2.277218172236542,2.6645823041640404,-1.194040513527117,-6.162204822985977,-0.02999507906561708,-4.341995933863388,2.405473138222992,-1.064462700289519,2.6539040006702113,-1.6202424650937868,-0.3208214476759159,2.298194364627584,0.8166896544475266,-0.23629691738450131,-3.2740146682601434,-0.07874287209906033,0
0.6023174690028901,1.1585152057460149,1.5143842596591197,2.627997148423755,-1.9463560533180722,2.06943340569139,4.658243409783334,3.5438422299232775,-0.12560716444373476,3.579283851312319,-2.8318135104204334,0.6573392243886466,-0.20805787759062633,-1.8830742197594865,-0.08190755839380834,0.40193253447430255,0.3280726535314311,0.4838518808617054,-2.7039563793649632,1.2822811972577437,1
9.008646574259883,1.4460549991163794,-3.6681394721367147,-0.5903700072768832,4.298192187987556,3.640559489368791,0.05787593403166893,-2.353195324301428,-0.32429522264170385,-3.037402170157267,2.0132076863109494,-0.5554669813086505,5.6593193589708015,-2.0683482542231846,-2.098001171782691,1.0526062331254238,-1.8531216686161287,-0.22737432558809534,-1.7186613785800342,1.9243370129218471,0
3.7799499755741044,-0.09054818031915883,2.867509451966357,-0.8568950453431925,-1.1625175365943727,2.1597097429334906,1.8442131659889685,0.7486141935506778,0.16254419032017467,-1.1769616502367932,-0.2700832046578741,-0.5712327113922272,-0.8927776922504438,4.274327317983404,0.4056036762720197,-1.2551870570125976,-0.39054841797423845,2.812705202545042,-2.6645771263337608,3.069522251434503,0
2.5796941790902723,-0.7317145829875489,-3.579635437479623,3.814490900449265,-1.0067317081183678,2.725362732846497,4.336408716994823,0.8101586308367074,-2.205116352146658,2.4941532402144357,-6.55329632338077,-1.063328341739867,2.038905320471807,-2.4955961675274576,0.01548462455550621,-4.179010413176667,-0.33135355265307576,0.2275361137878955,0.6539963965799995,0.4126043786355622,0
6.831175125754833,1.187694485643077,1.5486572943524628,3.8639395088701574,-1.7981880287664285,3.96301883997788,1.2461511493274289,0.8161656622800347,-0.6452568673182584,1.3232641826659723,-3.7250154269305287,-1.0902537532613594,-1.9182116622949328,-2.259897687666555,0.7332357248381272,-2.53424036384391,0.9348336406674493,-1.763119407846886,1.538272878396116,-2.983479211222007,0
6.37785401818924,0.3049044365509912,2.849432509663971,1.4112514534819167,-1.0615885110062808,2.85968026458596,-0.26842164620953374,2.506446002894905,1.667601410366839,0.3479568620579715,-1.677868618862009,0.6084147501619515,-2.073098659194639,-0.11684374683228382,-0.3124359455984934,-0.5190067270420329,-2.3364888369114905,-1.4141469283040593,1.015093390793738,-2.549893038732239,0
7.354766982138237,-0.47198781413231444,0.8633761639295242,-0.8713981280758736,1.7938376072237956,1.0308921872407637,1.6303752062895107,-3.048431089476847,-1.7567682261582263,1.7578550711283896,-1.328553265319651,0.3761567359930052,0.22659230925245333,-5.768822598914462,-0.9739184159899267,-0.4302970222653505,1.1705864361940934,-0.8965533947882359,-3.7867135258810496,4.977623423575893,0
9.46723605701656,0.8818249454585808,1.014947715392023,0.09161064213770675,-0.10398594870008548,0.722950470703828,0.2823761423453007,-0.3458415596496065,-0.10892604848255281,1.7840223560173487,-2.6252967948902097,0.17787960202018677,-0.3103765821672697,-4.699876843514654,-2.3355675118158574,0.43579970448239136,-1.078841894788619,-1.8889840061377727,-1.3197426311763507,1.2592776280553282,0
0.7536246468446262,0.9770586921854463,-5.9765725816518644,0.43204443149775007,2.3086918389488806,3.826853066569557,1.1365526008542222,-2.0627125891965146,0.4280724060964746,-0.11069575892519135,-2.9103021011079835,-1.4494529881449443,4.030129974305323,-0.8071530838780223,0.5637772689935509,-1.93334111775193,-2.456733084655586,2.6315952680210266,-1.5522651117759065,2.890517052102321,0
11.655288318010438,0.3173103234748908,-3.062802879996666,0.788356250409519,0.25520912325022216,4.732631526825463,-0.9605187741711965,-3.2260633541054986,-0.7241816598854048,1.6180476769360523,1.747364601088068,1.0155329683746073,1.9016656804426306,-4.541402522572539,-0.6363232976685912,0.9311965713051584,7.886185367776632,0.9323700298613816,-1.6607976943682445,5.150986125942646,0
6.5495221045654635,-1.6364402353163388,-6.10395187561208,-4.860431957704023,3.1713726697221216,3.0000408215379615,-4.593352868670808,-3.5783363532982606,0.7911249899881239,-0.428167330983807,6.1043348686864585,-1.0613819767784447,4.075472895193162,-1.7231532519890564,-0.08698641165302215,2.3578301996999054,5.155235417834454,1.017217479774743,0.6814998344647496,7.105038917925813,0
6.756852179791733,-0.627641087663226,1.933001712744258,-1.1292795319568483,1.9926267853674209,0.8539488343072772,-3.38201675808982,-1.092312651156385,-0.32649619884019215,1.111728840717147,-1.210040488240023,0.8437455108312395,-2.5482512298962714,-3.552275214963643,-0.5896300169642245,-0.6900978717104973,-2.527810871060624,-0.08763663825598467,-1.9807486259609206,3.3965845687140233,0
3.650658341309933,-0.6050404429094536,-3.0188545044821775,0.17019748756504516,1.8359801153841704,1.8670723127810052,-2.1948225755747757,0.28351748020826095,2.3099384512793733,2.1079695488144194,-2.5895398980941073,1.4442150075188145,0.99532745799251,-4.086871437789916,0.6909596819464908,0.879687969162874,-4.115198125467764,0.45030496973552137,-1.287228842489481,1.7135241253191222,0
6.381039155094243,0.6765406058787167,-1.929484459112598,-1.8984487828829868,2.168024202227203,3.51395550214172,-10.501285457011011,1.3257338211109801,0.32435537603377684,2.1169161487597314,6.729475057526832,-0.05817021233642363,-2.885405400757856,-2.237570742947825,-0.8024300811851787,4.972716695698725,1.6361835669671203,-0.2059273011818663,3.108448768711918,-0.43374667747512685,0
8.449010939328947,-0.9668422736216913,-3.017450484831055,-3.408256359723486,0.7981963012578133,1.7229014170623467,-2.978849244940788,0.8738104254184496,-0.5470872311785281,2.796034676325088,-0.5483199918726087,-0.3374052421847678,0.4576264683450103,-1.9692643382792965,-1.5606220592681193,0.9106135202714501,-1.7289527713595558,0.6119945055007959,0.4300782438981796,4.825645855889492,0
6.458955351998015,-0.6014441274692458,-2.3047943697004714,-0.3665934248377889,1.0989716232592508,2.6589896189258577,-0.45729330587355044,-0.7095800402101398,1.9058248878979638,0.2331211163071638,-4.378439742777237,-1.7461209950724612,1.5432594958718215,-1.3928713501771566,-0.7461556086302367,0.11926087900055615,-6.423684554862572,1.686170206055737,-2.8288255558546958,1.502645832085669,0
6.239269594376002,1.751738848292538,1.1955723773434284,1.1806807918716193,1.8062950003075717,-1.0412608622757433,-4.71346932420402,-1.2336718574595946,0.6304772087138076,-0.31052424487196895,2.4116167676211995,0.4266516883378915,-3.2599401965583508,-1.6808979022482036,0.7800565301580866,1.463998993720232,-0.5570559294511213,-1.2583469672605394,1.2411000684207254,-4.780714321203247,0
2.344751932342814,1.1819668337988527,5.189689719794541,-4.162737882920183,0.8248690773187712,1.3449824999905597,0.867076986154063,1.7904261865858202,0.03411568461127468,0.16196451441860327,1.2237587947249013,1.5857834317611834,-1.366611686310303,0.3202244475632458,-1.2107059919613636,-0.03795888804776204,-2.050197815075852,-0.4930992594018896,-2.6820912983872423,6.112437361316106,0
5.967312566612911,1.405920705180279,-0.2643337874096809,4.338052274237556,-0.9441426394446228,1.7400909037847603,3.741453907505049,-0.8775980778126213,1.9316261530117538,2.2440082585568053,-7.853198192555065,-0.30578403435329105,-0.20478434965634795,-4.124454362076591,-1.03806547682572,-5.403509008970072,-0.049613256831489205,0.3942589993608925,-1.7733190366376257,2.2676937862156583,0
8.79659519290989,0.1839920647129733,2.78109323724616,-1.8479560774611805,0.8108337879632681,0.4385346826014802,-3.0726861204022304,1.2385352463147483,1.0332090222091974,0.7761052333126246,2.454809880595047,-0.0142294665995325,-2.2724299470510596,-2.143266607840531,-0.8246215309395382,2.815878184042571,-1.4937128751423219,-2.7116903881698624,0.8534084449130555,-1.3715089185453069,0
6.194560439176746,1.8797411857193642,-4.086960198582488,0.10465410753001247,3.6607675277492437,5.665357990759771,-5.692197545535356,-0.23693605842054632,-2.4779279492951303,1.420623891852672,1.70266495755947,-0.8440906815338035,0.580811630978973,-3.38576583903753,1.4751372236114062,0.6484735737941089,-0.613339875710897,1.548535839579801,-0.01313297097831545,3.257212611340097,0
11.910366680684827,0.16372634968367847,2.969124984467596,4.590449601917921,-2.157199325749936,4.503700464516399,5.984073144816189,2.911484818374162,-0.9833208014978143,2.6390675064598232,-7.8883685491176925,-2.8974733718600567,-0.20129949394476299,-5.533611679412021,-1.2818413741599815,-3.8201317740418363,-1.9366681595944844,-4.280035317359397,0.47029609819967,-1.706458161093034,0
8.081053068698845,-1.4056557341555895,3.4342069409718863,4.217622470473804,-0.6194932520080393,2.4891741121595734,3.4293592023859194,0.3585882129330843,1.9328169751292736,0.5155246659203052,-2.0876321858134985,1.4568663774177932,-0.9418562478430818,-4.714106345754808,1.0720217583237615,-1.3440542384168432,1.442887829474032,-4.839358588775101,1.179852791376255,-4.8650537241488045,0
7.87594349263205,-0.27314304999972033,8.952921546042168,0.6734807490226251,-3.051987198698998,1.3302208431457996,3.090908430196925,1.9939328566316887,-0.35650195179522387,2.4275851398086585,-4.2669490796014315,1.2068956341803165,-4.843451524921274,-3.2832363253270467,0.512596143375047,0.5006113381485431,-2.1923987824893665,-2.5339027447452334,-3.874012365611657,0.11538423802453643,0
4.826103750257675,0.14335321537081433,-3.589328559832339,-0.11970571867546576,4.317505391142791,1.7208763041596185,-0.5580805252936654,-1.2084628608019075,-0.6442148727321872,-1.3500039718081167,3.1042075072998507,-1.5020552661228508,4.601241235682053,-3.0125098606796556,-0.5127613131110432,1.0381621191226376,0.24171343198187212,-0.3734350970902569,-0.9337110820323751,2.6307066359120053,0
3.208158988099374,-0.3232551074457292,-0.08927150208508138,-1.3643614126423607,-2.4804818867892524,2.114422830734304,3.363034359184004,0.3546608213018356,-0.12528174710056278,0.23442548896859472,-4.904075383666515,0.5143012925237159,0.8583844167563736,2.1771659985225202,1.4372531233337569,0.4975152452694269,-5.0490082807462775,1.2391194858768775,-2.2085613488507545,-0.371398274614955,0
4.474488057717697,0.11723731961767477,-1.909252753738815,-1.9378647431145204,1.300885864243375,1.8885236911726082,-0.6819901378166164,0.6274062984630357,0.5988840111662089,1.8374287851388842,-1.920753249066881,0.4106164459162457,1.4051388086461265,-2.471664119611387,-0.14631413955870642,1.189664090404737,-3.9821616589685775,0.8459625911793607,-2.2654823024234396,4.007672544598103,0
9.061045456380128,-0.2099426582278737,3.915844759903249,0.6220098138312719,-1.0117038326261274,1.1169483647776681,3.579815250839664,1.6179277514703663,-0.7589469891009714,1.0789173398533787,-2.552883452332371,0.26421956406991476,-0.1903264115425396,-3.4972707621122527,-0.15643276596850647,-0.810155302484738,-0.47373804756683324,-3.341533267643262,-0.833237857806725,0.9114887436171808,0
10.145894029343493,0.4843136124873441,6.400119905543167,1.9902615578386424,-2.289270805917093,1.9172964961420818,-1.8733809768180685,1.178930332315379,-1.3640061331099653,1.3519109738915922,-1.3560492955547316,-0.23971400565851111,-5.543944430729886,-2.711635260383434,-0.11400885258020546,2.1711325067150744,-1.2706509271196422,-2.8705786112608855,-0.3781158132593646,-5.3253478475663965,0
4.430629317484831,0.49861618253416123,-4.713958882065198,0.7267612492606612,3.189721685749615,1.1387066336203677,-8.395871607628191,2.783696402703241,0.05906452559713831,4.032492174949655,4.691532556660406,-1.5345864414130912,-0.8470999905045768,-4.637529579918735,-0.264588535755556,3.551070680467172,1.491317125288957,0.45614858027398164,2.563387906839399,1.0524741501508108,0
1.5211623205107756,0.386254548851687,0.15511817943329811,-1.5124486387525113,1.9840286079762988,4.228297926549704,0.17125012133545683,4.061201897350715,0.1256380721488646,1.869683126732785,1.9239771235222538,2.60855852474548,1.6072636148731547,-2.734052537875137,0.834836497987506,1.6068308057872218,-1.7652944677175604,-1.9016051345776694,0.2193946324748095,3.157683397835619,0
3.3722476649697835,1.9978244703085914,-0.2480170271867387,-4.069144957340496,0.9068577376863867,0.37206840420657783,-0.7318572689432062,0.12193599734169247,-0.23578930592031067,-0.42212590584576914,2.943007757587167,1.4007375800438318,2.065806715377888,-0.02472655378568078,1.549179121674396,2.0134420924142384,0.6053585363974452,-0.05864347620594934,-0.9930110888487597,5.127958186817198,0
5.9950416314,1.1680272940400507,1.2323618272074721,-3.064502498362777,1.4972030901471851,2.7145614380668954,-3.7048616394389926,0.8152639168607255,-1.890448604438206,-0.4159260389634205,2.9108041639432343,1.582671421531288,-1.1680834538054121,0.5631409330210633,0.22099281363127793,1.9273883459266248,-2.1880803146034467,-0.20150977602835451,0.1537736002239023,1.3012661182192713,0
0.9580913810148779,-0.3720883805825739,-2.4840720134564935,1.1216503832363975,2.1040497932426168,1.4328643073580225,-1.2113504700257074,1.7488315480362857,-0.7661685341802037,-0.47637418297622136,-1.3805968192971618,1.064548419659992,2.3165318744732457,-0.860088673578799,-1.729864433055165,1.042750125978639,-5.898812740548131,0.7688942285381621,-0.9167256441508345,-0.8132584898386861,0
1.1279111119077911,-0.6395606351809717,1.83623750515279,2.9097181141287116,-3.6690860258121605,0.9779818034918301,3.021887424821861,1.3834665907147266,0.5928216594166256,0.8254004046901854,-3.3251223724079524,-1.3281710416213592,-1.186328531206793,1.1246398709278667,-0.43429938761264303,-0.5693475801808188,0.8760451621667318,0.37492176257077814,-0.488248845633526,-2.572000627612368,0
7.157752070709595,2.0344783011570837,5.413262480008099,0.7920432765448177,0.5037670577516566,3.6554151717262444,-1.111398285374947,-0.5082300610257944,0.41921098430414483,-0.280074244276451,1.9878014004576452,-1.190796043983944,-3.8170852910805335,-2.044111175451795,0.5061743425722689,0.45912090123800153,1.227467581803635,-2.7115425937481135,-0.10499558421275668,-2.6050928889682683,0
9.353431773624985,-0.17507959675764465,-1.0547027845299422,1.6143092386552151,1.4136229790884722,-0.4121529119226796,-2.287094587427448,1.0013528193716348,-0.32865909000259297,1.4525728002715959,-3.0350366145580536,1.2464868339021684,-1.6012478433418105,-1.8437563208249392,-0.5305901051484031,-3.739427578978729,-2.431094579296531,0.09911793888567488,1.7934984835459713,0.745560852116108,0
7.262938527059335,-1.0941643482021604,3.7725841485746727,2.565951695819498,-2.985939945595667,3.5316231019829845,2.5281901220152254,2.7449737972869253,1.069166430603235,0.01508118674278247,-2.368995871787096,1.51375792519489,-0.8404544922818266,-0.021893617253342205,-1.4265521248882473,0.14668050632538854,-0.3825401777169215,-1.5619997423846295,-0.21867628354904523,-2.5665480189676533,1
10.769058936746786,1.0918610877175974,-1.0199231403056406,0.17165272027129563,3.1156694592345393,2.6053841479277313,-0.7790551798713735,-0.3692986591256382,1.4596562481406266,-0.25532922990252493,0.979340192926153,-1.3819502256548886,3.630637866168249,-5.888288412990238,1.158597376733292,2.7345734697945625,-1.521670423067464,-1.5331393426385311,-2.930791156394095,3.0228311461015918,0
4.477933777683154,-0.2374804308016008,-2.8885682056849094,2.9084477473219947,0.7826131952125693,0.14510877934719957,-1.5731310182219556,-0.8814335081776896,0.17743760280167103,2.852137262317896,-3.121080713803713,0.6483903589919551,-0.9706602005208964,-3.8541429688262445,-0.9183330742994861,-0.16421711435142794,-1.1626483236099427,1.1679082500457676,-0.9613202596736924,-1.0716155459004397,0
6.628608796795805,-0.17421681820392054,3.6207151483036912,1.889445241486295,-1.3459049532825218,1.2065964125861885,1.06890643567235,-0.1002403870635511,0.8140888789602166,0.8763946989335816,-4.816970316067986,-1.0199590939448941,-2.687575808252513,-1.3890516806716031,-1.6257452901902931,-2.8699309737480787,-1.3490538683325428,0.7563023520622754,-2.6938932842082206,1.997188314098944,0
7.936298662536959,-1.2820856618202467,-4.078895605612539,-3.3048401854411416,-1.4688514527913448,4.2934030019844736,-0.7123304686265521,-2.1715091612715884,0.15929982642621784,1.6335043473353004,-3.1349392521589,0.7549835690564219,1.5520359260414287,-0.25489679456398723,0.5981927063910721,2.563417969790224,-2.627029126480984,2.2065108986825788,-2.0936526849952535,2.3524463904957664,0
5.505579837115439,-0.4979467401828316,-1.9712729278258616,-2.7142096430851974,3.451600177571808,-0.5873823488456416,-6.421683735837811,0.556476022204875,-0.6895406085645064,0.7083059079075718,3.2059861829685046,-0.5268122413796194,0.14981845086960877,-2.7547675146181914,0.7855386369857912,3.529873106947426,-3.341205847478804,-0.21602064881136207,0.08546641887038398,1.7838228841150172,0
6.129415755968595,1.2123476802955946,5.539096877243345,2.5468765445523878,-3.031749488377032,0.7785934075573951,4.763033898440776,2.729398910344314,-0.19444090802125108,1.7046959172465974,-5.864459913636096,-0.8341900474919539,-2.40745547832631,-1.349853695601344,-0.7912257440089501,-2.4766856744333565,-2.0025150023643703,-1.3900560264462634,-1.909305865124432,-0.143315625871371,0
8.702425908034277,-0.15245383387072922,1.2582439591478456,-0.5795536734450648,0.23079014551416632,4.263948560340291,0.194373063786754,-1.790874816216701,-2.161553421588635,-1.4772279660599894,1.7310940100184375,-0.8336862158388284,0.9794448211786628,-0.5647172028938696,0.9510047857605047,1.2839941084400561,2.0704694638860817,0.18322094783854026,-2.3252129056242317,2.0468210691313002,0
3.7743423549946735,0.678360648241463,-4.575837918390811,-1.4687174378861998,-0.6756178115499345,1.9084922915147202,-2.9102437590644774,-0.5206084249180478,-0.6199093960576815,3.454976829089586,-3.5547432336767,-0.36943389379724645,-0.35502333589661483,-1.7151167256518245,-0.3062586578423161,1.245175546064915,-2.8394597872464837,2.061061254146746,-0.27952737251241944,1.5171771588912986,0
6.372767456348384,1.50241837797903,1.90671333938415,-2.4056666637341233,0.34777988240793367,0.8081873785830345,-4.797057783445295,1.2199327736090693,-0.3593510591349662,0.03604552989724141,4.66477343545066,-0.583196802327655,-3.054207929582941,1.6115775417911973,0.7555183219628329,3.425895134130587,-0.3780012696279188,-0.4893335446140453,1.5485395372583701,-2.136139632906171,0
4.943695978681145,0.3298142289800157,3.236610487679685,1.1641435410808838,-0.5554754510284426,0.15365381228147923,-4.124667578917121,2.496392338001648,0.280879396325986,0.7405911005618755,-2.137077215835909,-0.3463508308798549,-4.836795541143793,0.6635319257612873,0.35404329193469175,-2.0851370970845062,-3.416084324214098,0.20542947254632082,1.4978755074745536,-1.2950948607862045,0
6.96571214339235,-0.18855752067923665,-1.4194485712239933,-2.254576697567101,2.1445764405947627,-0.6480860363446428,-1.1642133934834848,-1.9203815044681414,1.1378559397018648,-0.0498954246704868,0.817779821133514,0.5080428910493348,2.221387266138513,-3.067451482018355,1.6775515918838033,0.3268121137478237,0.635663806053343,0.13979398932476994,-1.9845134370787956,5.9302254892515425,0
7.550271584915649,-1.351120126241263,1.6459555555694545,-0.729909017585638,2.636762984874091,3.149150317777148,-7.20148921996652,0.24148212553819137,-0.22781146042823594,0.6738727990992843,2.1763596149605187,-0.14323560051064116,-4.020630657112315,-3.13521954423112,-0.7033192506460132,1.2482012966088591,-2.732220224959357,-2.28495156685465,2.2799549664385523,-2.4768125711689977,0
4.140495408648451,2.0516397916438263,0.9146925165542977,2.339944767451044,-4.029165059962425,1.9755090950888115,7.249505603954829,2.3572594272463725,-0.2733491771120541,1.1365928762346431,-6.416605084776212,1.6307041709701657,2.153667717336039,0.24931997741645182,-0.7870979165521903,-2.2104451890663466,-0.38259953126175117,0.1530064759055194,-1.7790720682424448,1.4401787327950566,0
6.634173185916544,0.20164992119147995,-4.504975598399356,0.2573506928906433,2.6955901329939396,1.2554041167231014,-6.3479871519910205,-0.7271089380852254,0.5919807303559652,2.221512784958999,1.7668871097791616,-2.002526263229863,-0.144928134855969,-4.28859915169652,-0.8350299881662023,2.591151795897505,-0.274674719751558,0.4833183969781344,0.8671025976199995,0.08257575333941117,0
5.283215564351821,-2.5491189603147664,-1.6181407227235365,-1.5997117188797043,-0.9869833080763715,1.9329639564100611,-0.8293639647274529,-0.1358456187979219,-0.40527882215017785,3.306891298530306,-0.8156995139420263,-0.6522792393583444,-1.2932123151222714,-1.4960278825907531,0.5747181583657809,0.2059538710951897,1.7234317040347995,0.20077141932443254,0.8628303617950994,2.0049140709470947,0
6.627029350946666,0.05492452562831472,3.6317756131752956,5.914743445976984,-4.451202580078231,3.53485797450514,9.28879325152131,-0.17179574084476257,0.7922420366240692,0.8553497121948241,-6.958010861359599,-0.19808068342490565,-0.43376368346750604,-0.32022002473574795,-0.36878824028809243,-3.104394696996391,2.160337713267567,0.5137805753369271,-3.8798463195555177,-2.0579959306316837,0
6.1954201287987125,0.9608397604857872,0.6069972206717864,-0.31036237822646573,0.6473936687878058,1.986139037912605,-1.0980275178212848,2.3124875100027893,0.8785795241190151,4.502798372457683,1.850654014355918,-1.8949814441160935,-2.252242278403256,-3.5165779269766393,-2.0925341676882936,-0.6084535812244491,4.359031426798557,-0.472012591790143,0.7190198209301932,4.833069459612649,0
7.3678998745403685,0.29782456662709983,-4.509528209285273,-0.8146318458683017,3.376830090567046,0.7625267935220494,-3.488782729185496,0.7270695899179049,0.4400999637118365,4.571913461381225,-0.575816482397738,-1.0613458801896023,1.6169106793709782,-7.4095584333809725,-0.597561593696632,0.7597704341462248,-0.4192006555667753,0.6124916744261304,-1.4948892652708352,7.623856130432043,0
8.908204877845133,-1.7984642599187999,0.2533991778644224,3.281496319183255,-3.548337831562797,3.5169179615951465,8.455246552985074,1.1957404504732296,0.37443769917568875,1.7524427788122234,-7.658607097546204,1.564639112257832,3.0138837263239555,-2.5882611997629974,-0.25071016144407454,-2.8035403151817913,0.4431662187084229,-0.8383915936556924,-2.270449926677148,1.8743750256013378,0
9.298709657848722,-0.9224639601641098,2.0369677590374606,-0.33233645806909995,-2.503648302004688,3.0214977825782805,1.0101564883925744,-0.5911951290110697,-0.04361318910868992,0.5464184936133837,-2.8119816951299326,0.23832280724910834,-1.5179216263470772,0.5943352546585291,1.8508250236674906,0.2508496544635882,-0.6202354954905602,0.9517628585338617,-2.1607454550601823,0.6166205814630246,0
6.8819844719430705,0.24971802601373103,-8.043329060323787,-0.9256549823836755,1.4461382461202974,-0.15085840706163012,-4.193895142540109,-2.439457468601411,-0.2013982066493967,1.9711178271685394,0.23366620555869538,0.5552060243826917,2.606492188866804,-2.765150317985785,-1.1959942285663963,3.559632221950531,-0.5680840239491024,1.7979090118408672,0.2657986855945267,-0.06658552528976598,0
7.004913445491269,-1.3689674255464654,4.449208397057645,-0.46921663136204383,-0.5626542775961267,0.4368900830703992,-2.9391702893569582,0.9257232914558576,0.35607055744962796,0.6863381293681718,2.070092453842065,-0.23905539808053974,-3.6984584635415474,-2.1005273027317712,-0.05091421034633369,4.157911848338741,-1.2770491084780327,-2.9624404089509873,0.16978955732656997,-4.486872176512099,0
2.965770368538272,-1.7752904166451422,1.5255537373608534,4.67849503867801,-3.1590770899752934,1.9543851130433245,4.835670501825427,1.5253952055373698,-0.952373059704141,1.8575969488460302,-8.090772212277455,1.0716997747789807,-0.8392483844565828,-1.3984108160499116,0.3527649181309901,-4.197528060683329,-1.2811115673700897,0.22907839551694953,-1.205047916943121,-0.5788255993229389,0
2.6615658221212244,-0.9857600086421534,-5.3638486344321015,-2.546104528172971,-0.42094755465314515,2.8615951695612667,-0.9357117562140949,-0.9224984504150904,0.5695210797137964,2.6962725600397435,-0.9287553829994667,-1.0456465543959765,1.4054402579505403,0.04114513105425751,-0.8278399457859617,-0.3349632407146321,1.7732654463402011,2.5261728627889504,0.5247530602762194,4.872145805276077,0
4.99122973684478,-1.230753820113496,-3.5135160551812348,-2.9560682985321787,-0.5108419774901665,1.761973556640328,-1.1664552157278691,0.9643569506649263,1.686763188018166,0.10653297333216061,1.9069761390235171,-0.4372955486585565,2.9125626399667714,1.9492179375729006,-1.0566423102988372,2.9126886245314036,0.0368003850676335,1.6721030128560903,0.1024104403112378,2.727386672920926,0
4.970479510458225,0.032339972566338554,2.0457778657188914,-0.9225372549702295,-0.20030092675301903,4.45777952174838,0.03883778260572105,1.1115614787323544,-0.7343760138747265,1.7982999760472675,-1.6002866828694866,0.21102299564456029,-1.356484135451086,-2.373967595098575,0.20561940255534814,-0.0726456493950417,-1.458685380998332,-1.1320103861316793,-0.836395938810673,2.063775701737432,0
7.148159180003058,0.32716791047093674,0.577985851409614,2.167493684109524,2.3445226583631067,4.2069352850405615,1.4801614518085462,-2.7640630615131077,-0.1893736280182376,-0.46528439094840834,-1.233952247384801,-0.15887872603788686,1.3862162307755457,-4.551238613610967,1.2889607645299825,-1.5270313335422614,1.14898543270089,0.2026424787291945,-4.037330608165367,3.6500831859231586,0
6.115629333291338,0.166675059317616,5.457639787922177,2.2142333213961467,-3.7291905863915225,2.7016486555091914,5.417980069019214,1.8308844031949059,0.9228516068017877,1.899934049015118,-4.4597118755812994,2.0479156670798093,-1.979250241688535,-1.9272572771630343,0.5201248576907418,0.5555129329535076,-0.7695391714898506,-1.9851791884308088,-2.7199433660537764,-2.098445904118186,0
7.344574653521212,-0.3972068294660679,-1.6735493536278787,0.20738058596656295,3.3070453951996956,2.3473222621732655,-0.02799459995660516,-1.6753975763273639,-1.2728184153194497,1.7273055323330102,-1.139853998003783,1.0141562150497965,1.2080389488701737,-6.7926998844684086,-0.256986716773785,-0.9757674400030899,-0.6702012682849472,-2.6612029297798205,-0.1831065165723309,1.8520007002171215,0
3.4904469834620975,-0.13323143130546936,-3.220927256906536,0.4560502232869166,0.8019423227632885,0.32703822109360114,4.489973745857572,-2.169067329470824,-0.04176960961158242,1.5137063471032213,-5.169141867530948,0.5120428827754582,2.723922642886035,-2.5377301047140843,-0.9950999906161693,-3.807344660485205,-0.5490544305632683,1.2411577952149329,-2.2993391659991493,4.725992902705701,0
9.057975075251168,-1.525500991431116,0.8651161164057206,2.7788216006450908,-2.234241889185191,2.9556562926634173,3.2514347072160215,-0.2392535692286908,1.4347880937717417,2.1918231060843967,-2.7047290029794335,-1.8141315947714916,0.04427571512054085,-4.696751306757094,-0.9163394929238625,1.5038592021965886,1.943668039106619,-3.030951231633309,-0.3717140947203599,-3.4624047371702638,0
4.268843595508466,0.9301349941096999,4.807219403733872,1.3554902141803977,-3.581247182199874,3.5058776129301057,8.424789790102318,1.8521642695284464,-0.3440117909105577,-0.29762126157539126,-3.6104683765265086,-1.8456095912419144,0.6033527760680224,2.3089743159467835,-1.121040106231585,-2.3189298628282424,1.1068332203983302,0.3867476530832652,-3.387311834445631,2.2722744303430087,0
2.575359885146062,0.7909757577220679,-0.9952170807482926,2.817647406919368,1.7670054970774403,0.6692597737796582,1.1985131503232072,-1.9561212028441313,0.07514047165768213,1.4288577834168106,-3.5506634243930675,-0.2938500723596332,0.5485804088950288,-6.26716412636973,0.806034733255621,-1.758658525895771,-0.7604372690351602,-1.9855026561099525,-0.901769986761845,-0.48403145645215706,0
1.0655913347127104,-1.7408811717297916,-2.3564606812986493,2.052759481139379,-1.7307387680847777,3.1071084237358875,0.28311860660208876,-0.5442733656828485,0.1769919906518359,3.826938248263585,-5.793791724388028,1.5360605515266823,-2.1105364984997643,-1.190021053031107,-0.45699445153066437,-1.48662282328542,-1.3259642837670982,3.0278646841098014,-1.6674265199057605,0.3774018110558222,0
6.703446854884801,-0.29184597765248504,2.2679886507908997,-1.3858663913670028,-0.9353092214090728,0.5486684245658868,4.192010736681742,-0.1412751546964347,-1.358367610242148,-1.2431233679517084,-0.5521623168101335,0.43010553021152603,2.3880335717156562,-0.24961845702080454,1.9093710609987797,0.876919529218836,-0.09093878588111204,-1.140245376348234,-2.6083646248681536,2.332693827291227,0
4.3700201340155855,0.17229333437478314,-5.523535276407572,0.3906311466292185,2.6295542030405104,0.7347075657299723,-5.359819356862084,-0.45546286244939194,-1.3651530222728747,1.8488641909076229,1.0229202218217077,0.8083861457350698,1.4203513969216401,-3.0967059061941344,0.518814992148596,1.134569542747617,0.38961017745429793,2.615067368160916,-0.4683310160912717,3.889163815848555,0
7.0912316402063595,0.6201496187338652,3.0277990022048002,-1.3346985801232032,0.6467379212275921,2.851273117724407,1.0877374660457806,0.13900905828329857,-0.08269454643824484,1.443084246656647,0.1262717908789161,-0.31890459235974206,-0.9939123761979972,-3.4383500149553985,-0.44206894271950925,1.1715622238062537,-0.5097650282051582,-2.061934156234088,-1.9524243032079875,1.85169644427752,0
8.622798373158828,1.013874257298417,4.001073334224551,-0.5954247276944071,-1.2717585244969425,2.7671524172050126,-1.3950376842931838,0.871138670701809,-1.179124597727414,0.836273910475253,-2.758282878438205,-0.18421688381318857,-3.7445869425813356,0.8018812037400629,-0.750899771483153,-0.9428206855248992,-2.867037090105299,1.7480501916769011,-2.616868961313332,2.5020154402526544,0
10.60421026111616,1.0093753112600972,-8.108412477136024,-3.286738624082013,4.321488571378933,-0.290045511550053,-7.990695602720751,-1.2972556441754957,-1.6474133895400362,0.5834720125887775,5.323552248710507,-0.1612894456534422,4.342432996872898,-3.929947269206218,-0.3560236283823637,6.4931198424300876,-1.124196617502602,0.7196265460752254,0.4873697608552954,2.3577308917398163,0
9.733100877842954,-1.7328882914362678,-3.5752992667984804,-1.0602535099831814,2.595864354767679,3.741582289768647,-5.460409947150716,-1.7053219248995333,0.576650585035642,-0.44525514180955583,6.530351761958376,-0.7287403830209004,2.0277795479448333,-2.509719372631386,1.0031183347098853,2.687867751545718,5.8317557331458785,-0.00833095395300032,1.3995467443670204,2.999610896072098,0
5.890398267861265,-2.1708202598681097,-3.0634729119984874,-0.30233700283749165,1.440074086196743,0.3944154434042302,-1.8288180370895748,2.0131508339049446,-0.0509090853138505,1.6316886410221443,-2.3224586041945336,0.44153988655368276,1.487845034413627,-1.9781417860178803,-1.1569873893615976,2.621431582467594,-7.028519488979694,0.7881337380741007,-1.3133700099226924,-0.39919200715734754,0
6.651581009345268,1.458036205000806,2.9115705993372334,-1.068896733245864,-0.8225793434205024,3.163179472535185,-1.8787323155369655,2.8102082522709013,0.6903950984441913,0.8209717348044306,-2.5001033854625,1.745972534607898,-2.134529701136117,-0.22083037554464896,0.06396805172636465,-0.05209427504164377,-4.759336304380796,-0.42511637085686804,-0.3516565047715495,1.1663841965092492,0
4.036877065573921,-0.4032109063297994,-4.652243473175688,0.6642524591806307,3.5275804423179955,1.9243896746397882,-7.534696596070092,-0.3214498063049688,0.6426167527868177,1.2043202427838957,1.4405337861381942,0.2129423773946754,-0.5748610229451339,-2.3169160719250583,0.7169614555201163,1.1905283643717453,-2.2757706012633236,2.1209937437969946,0.7517032381529618,0.3453169609678405,0
6.4690055930038515,1.5755837693183576,7.49393734813354,1.1271508463480813,-3.8308914544954065,-0.25232266151759375,3.8190024076020315,3.4578644258831015,-0.5582517173303062,1.3104939431204343,-4.8044647192160275,-0.38140177457468843,-2.92408004807783,-1.2023385598812215,-0.2610220336560361,-0.4425784582353578,-2.568818749289071,-2.377929601957443,-2.095544177596038,-0.3499945601622374,0
4.186853775295713,-0.9857600086421534,-5.3638486344321015,-2.546104528172971,-0.42094755465314515,2.766530708799709,-0.9357117562140949,-0.9224984504150904,0.5695210797137964,2.6962725600397435,-0.9287553829994667,-1.0456465543959765,1.4054402579505403,0.04114513105425751,-0.8278399457859617,-0.3349632407146321,1.7732654463402011,2.5261728627889504,0.5247530602762194,4.872145805276077,0
5.740799232852871,-0.3536951740365495,0.5919046292859145,1.9417698430415793,-1.8958932642570037,2.02904858899994,0.19093531206422182,3.650679507969287,-0.3229367175080533,1.9726878733624962,-6.476963781188728,-1.5308997029180802,-0.988539655563131,-1.2595819456177004,0.20000058428570716,-2.837224869791208,-4.555764342221728,-0.43827546080689306,1.0609023430383688,0.36173440078387104,0
6.392312228916044,-2.2558240319824527,-2.7252691890241167,0.5794676334630824,0.42970701032197356,3.8371476604225254,-1.7656338451641342,0.7354876396246726,-1.7768639430953121,4.598317279664632,-2.5304172196030743,0.4018970942751546,-0.3616763936206999,-5.608588246429733,0.929398418796044,1.9137849307126102,-1.3810070538264285,0.08381307334629207,-1.20531330357708,1.6381256883584603,0
6.349877151428926,0.9629015254001616,-0.4265037335383173,-3.4903637841651363,1.5567515052164396,1.9206293848126692,-2.0790890539333886,-1.4179384845507355,0.0835431301530611,0.5270095656816844,0.9626002110155647,1.0524337512160746,-0.008563476689595895,-1.9082452336042004,0.18006503898838264,1.4379397491558994,-1.51493288748651,-0.7928323150705872,-0.5361617583777049,2.431901290677696,0
7.677993053045042,-0.10592461173225852,-2.294677488198594,-2.5958712715686074,1.0419457390451228,2.444626702435019,-2.1331066897160356,-1.1480458575436956,1.0622982091160191,-2.242090647703247,-0.9794409110540434,-0.48767065440907936,3.6346841487184554,-0.419719647902796,-0.4870471423191186,3.895043047023442,-6.393335869376146,0.665305113587936,-2.6864952835118485,0.7218646256643746,0
5.988538239805824,-1.423859191783248,1.1252997448442628,0.905772932461774,-1.2374905142904238,0.1170959938425713,4.029015021396801,1.17354213366313,-0.3908269804593939,1.3702499108938446,-3.0361472117288355,0.3694335702214175,0.613254686133659,-1.4206718382614247,-0.9070486471858538,-1.5667973743783967,0.10875880685813533,-0.7937514141444901,-0.9866081956569094,1.6147324128606602,0
8.860924766580073,0.9987525068743276,-4.903508765901958,-0.7066194727443484,5.851297462142068,2.7089374890621376,-10.552167371242852,-0.7065198754655329,-0.026475165058964863,0.3583255121713186,6.145353976542297,-1.4337574993106712,0.10949781668551273,-4.147842987065871,0.13833821457993742,3.8066675479337295,-1.1586839096461257,0.1601146947086708,1.9381936739641072,-0.14402944316970967,0
6.789349717199647,0.5963636829366864,-2.9489502444746227,0.6248323627717574,0.043591258852495374,0.7331772399448739,0.7660238488513906,-2.346215533958019,0.3656264336300049,2.658201004860002,-4.164847810143291,1.0878564890416198,0.3542413258257593,-3.349780153296506,0.03623906959488043,-0.29071033894739573,-0.916134892254016,1.6486311174148311,-2.688089280308975,1.9944756385204814,0
3.789436119667982,1.7618701369501903,0.8393473438859483,0.761994600261108,0.5212578537986576,4.103036373188961,-0.5593968128064871,-0.34860009396682234,1.2925567610252595,-0.20687311099193972,1.524927998720283,1.1026598582470708,-0.18213863671001262,-2.233868271201504,0.7604911047614121,1.2740006820292087,1.1189695671002515,-2.419734410403425,1.0056536701575212,-2.5587259763704764,0
-0.19822346059145768,-0.5818237045770602,7.845454619352868,-4.330604517428191,-0.41205553674837325,2.9639223823531275,-2.4642818723337157,2.5080933198876956,0.012471716259099618,-0.380963761798949,4.274436946387404,0.7364232797607014,-4.4231211171302895,1.7432668088694396,-0.4592654429497898,4.220798205661446,-2.5537320814456135,-1.4775434811316828,-1.7518801267498205,0.28331077362610807,0
8.232915485599397,0.5207954420653779,2.1891654712765716,3.20429017617107,-2.129007565932696,3.105674106028052,0.33643532416354566,0.6360920536400979,0.5069894460790585,-0.9902757118605787,-1.3464572268664987,-0.049044064906055104,-1.8098151150049089,1.655974991445171,-0.9291768534644337,-1.724302617473521,1.42943878288549,0.039012153107212066,1.0574712745528312,-3.20531587253749,0
3.3286523184267756,1.2883796473575673,-0.7576841121562943,-2.6406312004419097,0.1663936967846107,1.7310534987203086,-1.4669724199206904,1.9940300461192604,-0.10504377273534955,1.4333695825883734,2.7613322997464245,0.9516972574690651,0.7779155990501335,-0.5061366473536361,-1.938940953579694,2.3425262554769555,1.0745952261248308,-0.3946148025098779,0.7061986901810977,3.0045905205735326,0
9.039241341581018,-0.26425674611255145,-9.00707751885115,-2.236226951945637,3.002850102720447,1.3640195816386258,-10.556121594192454,-5.440646902438124,-1.8089348729802777,-1.5285810664320936,7.26319256815573,-0.4036586960030923,2.0594638215552687,-0.029841267864301278,0.7373162870308261,4.269373741462077,4.9548460949103035,2.812966733228576,2.8183717795430008,0.03188063479729566,0
5.636973009213907,-0.48149192315075046,9.516443438603648,2.1999330546071194,-3.743276395467415,2.446949685232715,4.066090380149194,2.62111191273927,0.2295456896832946,0.5922338027994614,-3.4392497096347165,-0.6986365771914482,-3.8285348883642376,-2.165898542896796,-2.7841865998412176,1.3260291076279516,-2.0479627394909143,-3.8438189451864657,-2.659546785129514,-3.846981366925791,0
2.1868610828892674,0.14908128386500646,2.777501317654446,1.2559522325438648,-0.9620262921268932,0.8929737826174059,4.645099942833549,0.6897594828420098,0.7487433704607519,1.3011514252789154,-1.8090523159762564,-0.0879753663034868,0.25573800519089906,-3.2937094136550287,-0.30622868585867935,0.12699237991085588,0.705568150729186,-2.805966543963444,-1.3435656086987477,-0.5624861451446488,0
8.485353679409933,-0.21058414755591276,-7.2045859754670065,-1.0905033378611142,2.2527788018730766,3.2992044186146154,-5.467448723131526,-3.420868447036318,-1.1226210500696165,-1.609330427778318,1.9424703340811929,1.6091558485431119,3.736372801183037,-1.2583430840722056,-1.0049133038367144,4.404809310085188,-1.9921252587051477,1.0522139467470017,0.5726336412091004,-2.364702483535955,0
6.825518578313511,0.6673820976864675,-0.1726289226233586,-2.716703416363658,0.04491489938356852,2.5638662311138654,-0.013948200078158206,-1.6068194080469684,-0.4451050955641451,0.2721473124917725,0.03349123062053028,1.2245334859207317,0.00946372883118407,-0.2098053429968034,-1.063790102394097,0.6483682314253676,-0.2857516249879396,-0.10270945997606895,-0.6871978934046163,1.7181215996536263,0
7.8250654131978905,1.6094778360139212,6.9204618458046205,0.6244469382964268,-4.488380208269792,1.0778435181539332,5.924028736884906,2.2612545423161743,0.5820896356879275,1.922851335329911,-6.7496581212379105,-2.081022469318612,-1.4071609903679139,-2.498184474787261,2.176246611233938,0.21341837612993975,-2.607984576434073,-1.4988293078595627,-5.011653771345459,2.360532638567051,0
1.6498434591526494,0.02390773817791154,-0.6560861265799376,-0.3681711134124148,1.5665658245219962,0.5811634701249291,-0.7756122820916681,-2.0773897912715813,-0.7922609881019048,1.4409506471506868,-2.2058041405624884,0.18069714668427117,-0.029894150733297153,-4.296360128739463,0.9968509336061597,-0.4411580132910048,-1.2071987993634548,0.12040415868344856,-2.4726828558261715,3.3321323594225944,0
4.953984826663381,-0.5323659221237688,0.6624961419481854,-0.3499831450826947,0.8402478920032735,1.787148520897325,1.4744414932078014,4.0035535707965915,1.4102495631045737,3.9206217756879216,2.9940557592601404,0.8329458757571744,0.567472957407078,-3.837604152605577,0.35016141130721057,-0.40860836217610386,5.493269862108169,-1.5966877072998318,0.7485740547836559,6.596230572335177,0
5.854675266623181,-0.7656101557280868,4.108414278368554,-2.1117358521973983,-3.5278598477450194,-0.8232618657597143,6.740643176778327,1.028890924572758,1.9477040982476892,3.57495587076977,-5.142522738237917,0.9526484776356074,-1.3684315154648097,-2.018838481467985,-0.8513036196397965,-0.9862775060582376,-0.3107175829994048,-2.015762265487052,-2.309367145988892,3.21021799659641,0
2.2985836301031517,-2.562667263358872,-0.8271285214865028,1.285546904871543,-2.1696177180935297,2.5163862108916626,0.919233550774809,-2.398143839512206,0.41549278405939816,4.997093935827791,-6.635578599119184,-0.7549321131089891,-3.486166382940053,-3.4360202616496576,-0.5345040554282774,-2.4857605332183543,1.0756951984582868,2.2521314946258473,-2.5532066068479367,2.7423121864757585,0
4.075741533244906,0.07057822251266363,-6.227375191609764,1.802800433104516,4.293130230811068,1.5003225741062147,-1.1742274451616483,-4.48599500229979,2.6288144983148425,1.4625662938375037,-1.8907740132813542,-0.02655245979816847,1.8627460428255853,-5.137501044838674,0.6183296022175125,-2.8034793857428033,0.5172846307727184,1.424682202386926,-0.8924340962904576,2.464999712291084,0
3.1896529604839206,-1.2261394921320148,-7.796333976631236,-0.395384735504268,-0.30737452295993806,-0.6142938530278095,-1.1431000566789362,-0.3376741463144204,2.667714182826071,5.561894276290471,-3.835120846560017,0.7286038300581925,1.1181374714960972,-3.3104127483331816,1.1675800714907159,0.828169582252698,-0.6921529273136093,2.272516194549114,0.37503438424390523,2.041884944321596,0
6.44590562682648,-0.6846734494690205,1.6033329972685653,-0.11116024864238239,1.2759952481548211,1.714767607212968,2.494900313987443,-1.3540132592688248,0.34046983520237584,0.7696921762929924,-0.7624429305407133,1.1186403233368416,0.31300341003634835,-3.536628468280994,-2.557717196984747,-0.3741256027528671,0.26032080489627907,-1.2134981992679033,-2.6376688824306407,2.339894343786389,0
7.098754900550645,-1.8142569574043657,-0.2909976988601561,-0.7593247919581001,-0.8905915296460256,0.7530060444127835,-1.5475500126392654,4.180518386807402,1.5852200336393183,5.127868862665005,-1.4845470856659446,0.2723675382922478,-0.841016582800238,-4.526407894834031,-1.7868610368255147,2.9521210927863017,-1.6517023681118896,-0.8526998088789173,-0.5164299266898347,2.8519394956127306,0
4.478674516564663,0.383534570764353,6.840856826943459,-0.19710282498347276,-2.259703945370667,-0.003147211715031295,5.2473011816107356,1.5072891082341098,-0.5559343642168986,0.1833711631527487,-1.2651487664414025,0.07165296584143087,-1.143298708456217,-0.8879752879922559,0.6973309579582312,0.5004077122253352,0.2510944104593418,-2.2854691083803056,-3.1115601463028613,1.0291271762400527,0
9.67854419988876,0.603568769782235,0.6920604509769438,0.6648672876584005,-1.4882518075059323,3.0396118290098855,5.802224369358217,-1.352565349932402,0.8502747090710757,2.066389883983268,-3.3370425179708505,2.2274695822084243,1.8705047960508265,-4.336448296192351,-0.7351444617428716,0.4405211111257974,1.9822472338226165,-1.1629393436459172,-3.6928431358464096,2.6464803813061177,0
5.6954791233113315,-0.6103246661690911,0.5620475814189835,-2.766825339405547,-0.20019124365851626,3.5315359263487456,-1.8538465334711929,1.9780132618009558,-0.6119297240324418,2.363231392334639,1.2172511581286165,-0.25996542369206727,-1.123197711901053,-0.5361074157929484,1.459051484765813,0.792285437999023,0.7950786279439117,0.5598755150718926,-0.16686336965452075,5.006824285079699,0
6.084184715552947,-0.30081380069249963,4.140050834616868,4.778641794244113,-4.090966234037817,0.3730680490809448,7.812456648383262,0.8542791015365074,-1.0222911040476523,1.262869898537458,-6.02114579363394,0.22195148665905967,-0.47246825626264954,-2.066643260268621,0.6789398309193913,-1.335793610656768,0.9610153494038383,-1.663238889975029,-2.697287786131616,-2.933556351329258,0
4.914441598926715,2.372777777123176,7.2738994675161175,-0.1463847126856328,-2.9306410404788115,2.716210991385413,4.267278563440874,1.3844220078494214,0.8969871759934009,0.49526953761316417,-0.487588825876125,0.9530428804512884,-2.4223637495804713,-0.3647943081718184,0.3438029935148026,0.8279682405330062,1.6465031985135763,-2.177039945948696,-2.4372898073088325,0.19293520107792336,0
3.974770712534604,-0.1489969784097741,-6.27464036725481,1.2070095536457157,3.656607696092917,4.057998786523306,-4.205887451766134,-1.7698830136690968,0.5863880122430646,1.2096726271171707,-0.4568926535334821,0.2507469251096661,2.250202918895128,-3.8421469033125644,-0.27368443660771596,1.2335432312638817,-2.265433449625297,2.577948050363326,-1.714730422425835,1.9219471364918692,0
3.764955630258747,0.40881414994292,3.153333448446057,2.696971366231864,-6.220480716689134,2.05791954010655,11.67468729711073,2.153255570997183,1.0667149230367632,2.3335382310568002,-6.8345969603582395,0.5284018593499678,2.1035024869117716,-0.7487371606077778,-0.6122428226655605,0.45660467510726965,1.2338060490372103,-0.886386733778691,-4.2851432511224825,-0.2251695586749787,0
6.91196064050836,0.9169847312941632,-4.398755073352896,1.1677985223608691,2.934845663738797,1.7426233047868511,-4.2874926466778565,-2.7418395342776147,0.19069485747373616,-1.6984986215236462,0.8311190626482337,3.0180658739246358,2.7347859583388123,-2.2166885109985235,1.6801455295444832,2.41418663296019,-2.0816282104307042,1.8385777281102444,-1.9278815002540401,-0.2806954839659315,0
8.510835012103383,0.4755872768926793,4.575876623666541,1.0219742794458595,1.4357793091085584,-0.13623462970756528,1.7184958355690938,1.2734641003012492,1.0737787515666504,-2.8855933565221146,-2.035618197729067,0.7990075485430613,0.5228265832383578,-0.15305335857171373,-0.7805421365551811,-1.2214748462772826,-5.795251273270446,-0.7225210983725969,-3.212479477800999,0.6093121919197957,0
4.201741571010649,0.8714702543174344,1.8642072678487054,1.2984399536429545,0.32837358240302006,3.3918861013085233,-0.22173842870474597,-0.5881136462823899,1.5229531053201422,1.7679708028047472,-3.6197161490716043,1.1814799317131566,-2.143862732226446,-3.933212037638225,2.4589776209465795,-2.223227167922167,-1.1167300112495941,-0.7387583853136398,-1.3390691143208926,1.7037117795502834,0
3.0391428866170562,-0.7571786856129851,-6.053450566978944,-0.5702862599750762,3.5973960537058574,4.396729132525799,-7.4577055055853485,-1.4102567518698395,1.9298549058988308,-0.3746210472602358,2.9326326369324045,-0.14100286490997188,2.0393819746060347,-1.8536487437873823,-0.5837945604196257,3.7794322081854217,-2.3473746251348766,2.154068572012597,-0.10468266812937133,0.19037498686026147,0
9.765416063336474,-0.25475362288257364,4.862171082191066,3.7767133605944183,-4.563325368130586,2.8071372962167267,8.467078828037867,0.8817405232183944,0.59862661261739,0.8135090145780007,-5.8132578748472765,1.018765166297099,-0.06428182810197891,-1.2249076770984804,-0.03632888525194832,-1.2602855137717015,1.2993642433387236,-1.3043603240674544,-3.4630468165223625,-1.229813968844765,0
6.827019067016445,-0.5211357878488759,3.408842619852624,3.083467726723343,-4.875086505592607,0.015162828687649288,10.608297103496133,2.9454498384696053,2.227408018240095,3.351984501135158,-8.288990921329276,-0.4527990963932451,1.748547780123959,-4.504827618346022,-1.4843606926482857,-0.8543115125366609,-0.5279226247528408,-3.55805295362828,-2.632042617968888,-0.2311731187851522,0
2.615239941786912,-0.0525021636065009,1.5421143761690888,-1.5631895002828373,0.4146511279743692,0.29358280082731025,1.086917609853103,0.47363763712839135,0.5620764833475294,-0.621385380559474,0.23428279764123894,-0.04990573703468935,0.2127603364267121,1.412287959208668,-1.5812940141282836,-0.7843017245345845,-0.8801850860979744,0.9556323020861635,-1.6774997892579004,3.3686057577255273,0
9.787704797709079,-0.6093753080771335,-1.3130609576940713,-2.098360209788512,2.2258665850082373,1.3351267662859292,-2.704337050465105,-3.496736922076705,0.4558769760459902,0.07360340418918865,3.6551642580901635,-1.1235053002278326,0.11751439949705933,-2.1887239822518723,0.3325917216027907,0.22179156644811593,4.616937087151287,0.3147889409667015,-0.4559550411218388,4.295544621675948,0
4.5768860075324405,0.5444941032922489,5.763361504581458,2.594014502597453,-3.1143687098682253,2.682657636347532,5.519891792258516,1.3757375033058783,1.2599713493886924,0.9793549665682513,-6.014121192985898,-1.8047313984881812,-2.361450203477611,-0.029140794816238127,0.2112230878072981,-4.345582579158303,-0.024031844067854746,0.47292461937724917,-3.2573224773220564,2.743308489750737,0
7.3360320438229625,-0.7959784931699946,-1.0000043181203258,0.35355084259347525,-1.0302540906716535,0.5665785573837671,0.914268226019393,1.1106409808597721,-1.4473665672943012,4.22081523405339,-5.5661988864054655,1.4711444818180435,-1.1766195365201324,-3.0480173921078815,-0.876077307482306,-0.04874183016782396,-3.7144307727307675,1.0628620082159808,-2.2441298562882563,1.7548277368685403,0
8.926347713372873,0.22006618339164813,2.6860156954905525,3.185724557859381,-1.8982851652986157,3.9204748446782007,0.5391847668584745,0.5762497785312839,0.972794331779001,1.4410342941028296,-3.75472374201838,0.1363802130850674,-2.6039088583369603,-2.7345771816915585,0.6000731637915946,-1.074823010960257,-0.25367400609949964,-1.5669663668307527,-0.012214860640915814,-2.7148294560776605,0
2.963108487937858,1.4371557515177624,-1.0975895721754456,-1.610425042092352,-1.2716410096721944,2.5322573611902373,-0.28276665137319335,2.35337866573519,1.0462997813236385,2.9814177493886875,-2.5024296432716078,-1.0636384211176848,-0.7993456537801373,-0.31555091331038654,-0.4274170507175754,0.04222840538992867,-2.3307212079755817,0.10747938693075088,1.035139763845105,1.381617109977268,0
7.709381548371558,-0.02952597213851468,-3.5317069337386613,-1.2604504071224458,-4.1120172965373465,3.4946665684786837,1.9278091171122915,1.4298463823544907,0.509798996071318,7.081141752120091,-8.013256198906902,0.5944895714889833,-1.4626582066164184,-1.7313567939404662,1.1399760157472414,-0.15529718878376375,-2.1852534922412294,2.5582120885974513,-1.3112862420433897,3.390992122806066,0
5.436128854718488,-0.46301968713828046,8.873195546144578,0.44819070966632835,-4.434311388467821,3.644243695710851,6.770572561347237,2.179814477363725,0.44621501306472705,1.3845127608688275,-2.323900924773989,-0.5628615324034489,-2.7311889480675466,-0.884323353579157,0.746686156185104,1.3035641301841472,1.119244275323414,-2.6290291568736874,-3.7564412366018547,-0.3143122433317116,0
4.836684450064789,-1.3641626983413575,2.3617274526066696,-1.0827451383083067,-3.192019814742749,5.3125432053657935,2.3209589433501683,2.1881182909196975,-0.08946544775440934,2.949123844670076,-6.4036086911887615,1.6935600170156233,-2.4721767302290236,0.7722274124462555,0.3349303722267473,-0.8552164067804366,-4.848731940467285,1.5343314529842038,-2.610900306656606,2.1409664544618905,0
6.3654783403454385,-0.31779550222643876,0.7787482051534947,0.8205193366420671,0.80757861532575,0.8745568930763764,2.921340634505751,-1.1744112373669164,0.4235917803758353,0.7904251116557874,-2.8690953934384225,1.1830842286618926,0.6063081350310988,-3.0157545698155483,2.421474110774603,-2.8495013975197923,0.3689060281300205,-0.3008625012698918,-2.195248740646364,3.7277885902378647,0
8.27973179968714,-0.14263816837690751,4.941599429240546,-2.3804535140518355,-2.778109392299478,2.8424531271731754,5.701667209349567,1.4635071766214138,-0.23097805753329956,0.732345614110878,-3.8175435411546106,-0.3418938469269392,-0.13977557707023935,-0.4246068768873505,0.5177122321166964,0.3070832621634685,-2.983753350660513,-2.3295472501681447,-2.512182911063454,1.5833061366189707,0
9.396578818890914,-0.0526680833880557,1.8087140873720235,1.8766736044313648,-2.159372342523268,3.4651620369056078,-0.7531140578972523,1.7886839944304034,2.0764520996881086,0.18258373550345353,-1.661043329506482,-0.35736239874419845,-2.062789580845978,1.0423289355149825,-0.5734267450360455,-0.5966089089973884,-0.4144963901696693,-0.26880634153171523,1.3510223996233783,-2.6911729174051606,0
4.206232658986252,2.524133108708683,-2.482435606332131,-0.48732765245790965,0.6458555199292778,1.3531955673019027,2.475365246475722,-0.23099631979789692,0.0008464777633961226,1.943735866705985,-3.969735345959469,1.0148603430781389,2.299266636823619,-2.850859301090512,-0.7750325835766687,-0.5882890524257793,-2.901998714885086,0.5415391607962312,-2.3016255761728317,3.366693304063603,0
3.744872775219032,0.3486146435061011,-5.071095543479274,-1.9350604515955525,-2.635432707200121,2.3784662638743046,2.6587918397673542,-4.736109479802451,-0.9738783155139321,1.9018608788441345,-7.714877591892201,-2.028678514624752,2.0748419044846784,-0.6132557453140541,0.0898426886242024,0.7233173057849731,-3.3003886081237783,3.4153316056116414,-4.226637109109997,2.0602371798239756,0
9.310311376231688,-1.6255335748308994,-5.917427442951752,-0.7511115662025071,3.3172807683082937,-0.5328305353965769,-8.388776112408165,-0.7864998945560039,-0.2933415348471628,0.805297513172285,3.0830230409839943,-0.021614045535863106,1.418504712557124,-3.1526775444415014,-1.3430362434217922,3.0480196572163165,-0.43755229459902467,1.573252897531468,0.9478626803701891,2.0660990835207733,0
3.0996519878618223,0.5073890386425739,0.7142023811916287,0.962772969771333,-1.7580548159999088,0.10929135759278119,4.66484971685243,3.116739393188287,0.3729742182064975,1.3502033681656056,-5.624984801178437,0.049900735158537435,1.291941317451247,-0.03032402287941926,-0.7254778579590334,-3.462852304126715,-2.5865207870064433,0.12370498917301287,-0.7352767318016886,3.229906862724461,0
10.754624463524605,-2.0150871243597823,3.448052826935169,0.8389339593919413,-1.9915847279762566,1.1500077340082902,-1.0209645868254902,2.0242741997789184,1.107668385545214,-0.7200877710879448,-2.3312979261230726,-0.043608674730858124,-2.3915524369619297,2.2326578307813203,0.7407161608373214,-1.6476232382569673,-1.9906071592169434,0.8452885073352687,-0.18482547102551017,0.235031954792267,0
8.198054183745636,-1.0204747464477657,1.541689302043297,-0.5030109325763572,-0.1620312642240479,3.0682825264387565,-1.6730249267244794,2.588860546326896,2.439428222020234,0.8217399587148433,-1.7425469143746026,0.12002949566238133,-0.6897784545370688,-2.3065367736576485,-0.4007851668381517,-0.06064448479321516,-3.2639852236316758,-2.5842582828037415,1.6451575762634043,-0.020521964183182508,0
5.307884404887883,-0.5419927051591037,-8.213877505324225,-0.7935769748710187,5.023958841738015,3.401823485583399,-10.727323496587434,1.4217148059974924,0.15559988826726165,2.9715493867363607,4.847859647381187,-1.5339343770615987,1.2673455791421275,-4.51548654486226,-0.3137185775863919,4.046493382007685,-1.013352286458908,1.5205813865099838,2.630539566407419,2.1415094774406045,0
8.930716223397413,-0.10567698688447645,-9.530270667763443,-2.361325143330232,5.056959351339386,-0.3012156823390272,-11.196094887332338,-2.480596531837688,0.9831990743559936,0.9196519797356838,6.669408796633375,0.5946698003357338,2.70429787466238,-3.479152869031659,-0.7935699747134587,4.7029491826479495,2.0470714567335,2.489074434119437,1.7601134280484247,3.4486319776033247,0
0.9158103810925811,0.03573004786089966,-1.0734449323132595,-2.0888980400173427,1.0756175811667754,1.8625308110848684,-1.971781231507949,-0.40278793643513255,2.3467079596622726,-0.16930028215950377,1.9466773135961477,-0.15763430626816555,-0.1202299332376463,1.7812975156832362,0.8281085419567874,0.15075293453460725,0.13845534149304717,2.046914744147525,-0.45029486478982406,2.901304743611788,0
4.769990958859725,-0.058470654088831904,0.1602638413798716,0.12894443791922638,-0.2961215687394283,2.598083273058884,1.6504513834439254,0.25617683157721083,-0.36154815905171456,1.7578844473156239,-0.42449595151968106,0.8528787129530592,0.4463226419260412,-2.0628403463645615,-1.5747052025402337,-1.1021918213004986,3.2024557599358747,0.13481766358030578,-1.0487220312317937,4.368326968067195,0
11.185798163410581,-0.8037568663272893,-1.4906755959026277,-1.5889162847791183,1.1906933734627059,3.732066838173242,-1.3141753156545597,-4.405537724698503,0.9522825505473519,-2.322242937834656,1.3368450770277465,0.12182919482682264,2.4658694196433584,-1.4005541706913585,-0.8882171010600582,2.8416800651858103,0.14667191444922656,0.42889872662413864,-2.822560083525629,0.9382942283815946,0
2.7444453400817235,-1.231228093874188,-2.422667274825136,-0.544073576005371,2.942245872252249,2.628708373092489,1.6868181031257905,2.3620423004291724,-0.984315590344517,-0.3417847431891201,-0.12718074581156605,-0.8552916114072873,5.0129153732886405,-2.181782784527917,-1.2996039632455363,0.5650783503065119,-3.93981644536471,-0.4608127785266045,-1.4345572024706044,3.7095403243932967,0
2.1252420521024313,-0.40517506653866114,3.867779555499964,-0.021574388873849215,-3.093550486422858,1.9603252188161153,5.582099607737211,1.1495718065167395,-2.286978112103516,1.348309590520641,-5.690298222284785,-0.1638156759549465,-0.8425875613209624,-0.28896552122659025,-0.5949826907942447,-0.3160127578999905,-3.5258170586582596,-0.5644885971912403,-3.3569287692787175,0.19373171234739792,0
6.211340283521324,0.05456499592284957,-1.6407214236940386,-2.2021362393622694,-0.40611515037422574,2.751535828450836,-0.3201870224160935,0.48595826610004633,0.3265682988352757,0.15812415905779575,0.9569899600894296,-0.27078013853320304,1.0800784308344573,1.6695136041977117,0.5086311403450211,-0.1403268182269859,1.0434054792587157,0.6555506795523538,1.2119189565103494,2.48393404423792,0
6.810215988227857,-0.2913822165030858,-6.938484783150552,1.7034734860753944,3.4259554683624325,3.155022357610304,-2.436512852484674,-2.2711685862152327,0.25215697775557905,0.33458137974826807,-1.866266117583499,0.814470965290091,2.4907603139363452,-2.2761513635199746,0.52551681380464,-3.9541546979087214,-0.17653296491784265,1.7875752114600978,1.7153456478717142,2.346362228645871,0
7.310939181324384,-0.69423299956122,0.6366136562263145,-0.6369236025211324,1.022806130083052,0.9863603565276995,0.9730044395235742,0.015023862930765297,1.2876091799552942,0.6620444619599954,1.0095742121940134,-0.10654852460253281,0.6703475479914289,-2.8391466996144223,-1.2387111397140826,0.6451357655520622,0.7579074093557159,-2.309606117925572,0.10900042006084298,0.6408877402505069,0
9.609340252338022,0.11476319330437805,4.890495369909547,2.394851670216381,-2.2506265412463096,2.8129381147887917,5.536881379620199,2.081983800955709,-0.47758772140450406,0.5285320351323305,-5.134811274214501,1.0771646274662916,-0.031027240073363438,-2.8626425397449733,-1.4729272721870734,-1.6477037563613468,-1.8347601411816976,-3.022698672424242,-1.7915995877189186,-0.36320932623570557,0
5.4364346259234715,-0.6557023566532094,7.229950928594385,3.215189258957738,-3.307309398480096,0.6748965568529022,1.8207843785139814,1.4353203185336785,-0.0039256564344362045,0.20809752610273557,-2.79559491325463,-1.0093169578149064,-4.492755358187539,-0.4471201789497943,0.6448215200084431,-0.09195954044627064,-0.4698513056919029,-1.7804531689596685,-1.3912933748122147,-4.396550930916598,0
4.230629462494602,-0.8738847126269179,-5.817914407335833,-3.5718965157521265,4.288579395183029,4.607573294904356,-7.083320816990236,-3.150288017970323,-0.6763447779632049,-2.425172125621585,5.029025773818639,0.7221822102218901,3.273291907509997,-0.284877146679722,-0.5675899712659611,3.2015933246262533,-1.15135586594515,1.4732396911257233,0.5568931928467844,2.1678029725935617,0
9.669839894951465,-1.6164381355996285,3.6796375624643285,-0.487529337834395,1.0646271934482399,3.2621772253624286,-2.2576319447053805,0.9825005367960358,0.6647777010755971,0.5398467752990881,-0.7991564589488979,-0.1883903727823467,-2.8314933073170137,-2.312004030390833,-1.0927602015216529,-1.0709937483481886,-2.4980915380309754,-1.5679252572430764,-0.23009870370694774,1.3158802755705064,0
5.712910713574102,-0.6040543397128999,-3.6728086508650453,-5.544021778323284,0.5162252062486772,3.114265006291113,2.0093208303155263,-3.4352810791517703,0.4619537579470442,-1.171925069726652,-1.4589679847749872,-0.14335842189837,4.712968138363288,0.5143684722890398,-0.2944902204450148,0.3315934721649044,-1.7744473364941231,1.083937899350558,-2.2053150634535656,6.193614365679621,0
3.1590460256589377,0.13415034921782626,-2.6175855559265706,-1.5792061229701924,-0.5715743942635318,2.3620088580885064,-3.102209092972947,2.5921563600004207,-0.765653366056794,5.0067144080127335,-1.2210495920438356,0.6827936361891849,-2.0653979129608935,-1.7145236121500382,2.0524451103778674,1.05094190811958,-1.163977929409544,0.8382973274240046,1.560667430603912,1.9255431057806056,0
7.99443531354009,-0.39265172183853797,0.803151364399566,-3.8819230910894182,-1.7179183113105436,1.2192062239050379,2.6092401811985493,-3.5966083117091676,0.24667933261729075,-1.170894457562587,-2.30781103880407,1.1086895783564124,0.33154795948297056,1.8381247723177436,-0.6694169470180811,0.14405732742949584,-1.4448188380556723,0.12610592498908813,-1.8741137117208428,0.9693039387022088,0
6.293877484694558,-0.3059187181615637,0.5315237950323507,-0.6546882977619211,-0.610179192177473,0.16718711253374252,1.545061193821711,0.2515338039191872,-0.4709558434906606,0.04212355187063044,-0.1361320500137949,-2.1158943280149174,0.6867990013592753,0.4419030005458535,-0.23105689670518728,0.22443396386170877,0.46983680924568927,0.3503393111647779,-1.1171278392360942,1.6927675285722723,0
6.345634235142215,0.5940520493001752,-6.093799264574129,-0.6015242713436313,-0.02108038843241755,5.161042216799643,-4.981566216370745,0.8766047735731071,1.5354781772991954,3.5983827595651534,-1.210121943915385,0.9060232979231626,0.5944435311043941,-2.3645537460882817,-1.7494792754046025,4.139124387478931,-2.885657856850216,1.9876412162184434,0.2627945728776957,-0.2983214612317483,0
7.4146005702187825,-0.30607743111888364,-7.0427196087990165,-0.5035528201372867,5.836466877904948,0.020361269955200934,-5.193541094496926,0.24536945396876364,0.29326826585678306,0.15084374237971954,2.9271826867372615,2.0065534619087084,3.744678691723213,-2.436489666759176,0.5805689425162018,0.7077788130539532,-2.6391631121379113,1.8720343210457115,0.5783309071686915,3.486488077662999,0
3.402332460877104,-1.2317922269745742,-7.997915014568698,1.6000044848326684,2.318410663288665,0.7732330967550922,-7.037794185337634,1.055004447345262,0.7700360309265492,3.570143309576423,-2.59551268191866,-0.1808221420004425,1.0189347211955553,-4.17245081953595,-0.4609769110728122,2.760249983013564,-5.631740012006048,2.7896403650497326,0.10120233431394166,-0.39666841255235386,0
6.3613144510327295,-0.2875445343754494,-9.374201421182793,-0.6166902696757393,4.3151411524702254,2.6674920398392663,-7.093709357855674,-0.8569339891452721,-1.0915846750269198,2.0235749425140437,2.935534075652213,-0.7775900323146324,2.731028682722735,-2.8710052823718226,-0.34163889754425386,1.89412459845666,0.08464514298353132,2.601004076716986,1.7971492544270644,2.636986677545917,0
5.249364665599574,-0.41683516318493247,-1.9187164963668675,-1.1190198147410966,2.3837861090500883,2.522321341316361,-0.3258854599311795,-1.8402872167409359,0.257248070683005,1.057526356569071,-0.85631463154702,0.27216811461821777,1.0135466682489214,-2.9684876513846357,-0.3418621365707575,-1.4303476507182533,-0.2661362527256038,0.5756146346791942,-1.4969409049286748,4.6331235271791495,0
6.03880715874263,-1.49495740187211,-2.142948378326524,1.249046009641681,-0.6329260503418526,1.4411318715882102,4.438356162399931,-0.6806910551537813,1.6386592201116128,1.3698294023729267,-2.2447532657308407,1.0377704697480712,3.1109778166056143,-3.261394300809954,0.503557922375156,0.9667333995685086,0.8479275304494358,-1.3256139816864154,-1.2050853416078113,-0.46755715182160656,0
10.00357408852334,0.8160817549363963,0.20770136760912214,5.755525212494028,-0.8487944128988921,0.6046047358593476,-0.18354495167686824,-0.7084024337512631,1.0970993394965454,1.9018591588054383,-4.435569127950946,-0.2082222146023027,-2.5428964791245634,-4.652971084763255,-0.10959008489453484,-2.108098373342343,0.5143524537159412,-2.028439544743601,1.5345460600510972,-5.676216912430725,0
5.308147927766953,-0.8566310788993478,-2.59435555715987,-2.186280967429471,-1.1238029948391155,2.424743715159065,1.1563248661050212,0.5805909491104178,0.6421428172069594,3.212472320664401,-2.983943355896959,1.1513817551986076,0.7792748721917326,-1.1940899125085997,-0.2745437858785423,0.42128803787946467,-1.3580422619792842,0.8346681482754892,-0.657888680473099,3.2752486755273478,0
5.268320636251401,-2.9945615049435412,9.889652350664345,-3.156423192312939,-4.235574678538565,1.5201016340238707,1.756994336966728,4.0438715476111735,-0.008022324898391973,-0.44271973999431324,-1.7568400173485237,-0.28980006527437735,-5.150693697168925,6.913986268360689,0.17292730591831496,-1.2594938467210701,-2.628521710614516,3.413620783828355,-4.7283793850470985,6.2207901200852955,0
11.4031094037097,0.946794464204463,-6.46478778988885,0.5254686836430267,4.446491008352535,2.782531342638107,-9.635406141740177,-3.9858784905681244,0.8692765844205753,1.2527569458978824,3.373716069021805,-0.5443429681792286,0.2751889127502516,-5.507624001886396,-3.395480066360287,2.768152917727875,1.9172020809319084,2.2642703604238155,-0.4287998078089812,2.171924416549496,0
5.640361894328497,-1.8969744818564946,0.17174884471437202,1.8208185551951908,-0.31394087944360716,1.8158253370865562,1.572186527334773,-1.863839862014539,1.7749911343729905,0.28275514510560196,-3.8168929704617716,0.2601233180450137,0.6754395149603533,-3.373101664598602,-0.9685942213228473,1.72910621601056,-3.1652560173037014,-0.28690436798858454,-3.6141084349468584,-2.009416146161122,0
4.206084544433808,1.2633281860899148,-0.4700435530817153,3.31101950361501,-2.3550695748903663,2.174834293534007,4.65748353168726,1.3362849190948909,0.2559517293334977,0.5131909146076328,-6.016316350056692,1.8008778718395682,1.7389116887336136,-0.3127799212453015,-0.003024149097821995,-3.3321231842308,-0.7703497985071946,0.37866259752890596,-0.5888213532163944,0.44474881189283505,0
4.0739320964527055,1.1643407856160521,5.836867464824821,-0.044716320528589426,-3.311452879352962,-0.6292183118911479,3.7110228691172424,3.0688243461994915,-1.5138850957144858,0.13179033692577735,-0.9822026425489744,-0.4648570040428242,-1.4721358670918314,1.2929559962118855,-1.3320906056986757,0.6582396922793468,0.021282047452861885,-1.6906864535683508,-1.0256688071242532,-0.4616849949045289,0
2.840413289346213,0.31484626526853904,2.3236999242142065,2.5906702314419516,-1.1148487690048627,4.012737124478631,0.8244861565634403,-1.6107104607772897,0.7068620781226622,2.9678839406122135,-4.4088427339511576,0.7578556942869601,-3.060921394031894,-4.643270163174563,0.000874356261796995,-0.08947321399722719,-0.07126523031683574,0.44837691895714094,-4.0118080382270005,0.40680394701355194,0
11.592417358472666,2.526024873083438,-2.5334958921350057,4.521013137477617,-0.8585091770026548,0.9834729117080236,7.87670412151715,-2.920239646785358,0.14391692731896386,0.07452276969843796,-6.388948359205141,-0.285690801991611,4.663038232476813,-3.698696706818601,0.13554241036343398,-4.590692511014794,3.15140108629806,0.27819147182998893,-2.8916806130384565,2.8700198706729023,0
2.9582957286856217,1.976059528943829,-0.3890770299745923,-0.8504119135956745,0.8241809100904407,3.592259673481656,-0.2235804352316765,-2.7201456026025266,-0.4407410604362906,-0.7444969553550347,-1.3982970419756116,-2.210212824886058,0.2080222015732741,-0.1432925156189504,1.1591962498630113,-0.5867678463538519,-1.322361477508672,1.770082681058753,-2.7411391778580514,2.3294711464632694,0
4.3083770007385045,0.41856745849313387,-1.6957974960904343,1.8207252251469397,0.7976293603390219,2.0933138224420844,-1.3076190374043946,-0.08882838421901829,0.9771591860790889,1.2263853786861645,-1.1376087056466029,0.8046889974106032,-0.6205365983462352,-2.203470844332107,0.9028802181383404,-0.955474665221464,-0.2647453909260248,-0.7016474503203387,1.6417005152616402,-1.921023273194172,0
5.378033288853691,1.1768531881082325,5.528477845333713,1.6971892420588086,-2.7517880613860197,3.6004336525210965,6.135795827781796,2.1676178490548663,-0.5308154413331396,0.08333265884660712,-5.80481744575641,-1.9187599155757906,-0.3492283706669058,-0.23257583507166998,-0.45540552465982553,-2.2389836090060147,-2.7803499563505456,-0.4177049406160561,-3.903346471856138,1.9936233462417472,0
9.242473315293704,0.09147048155679208,1.4889797884006695,1.1043329309511467,0.6783653666771914,3.330568007092487,-2.1899696650542038,-1.7705475291268704,-0.655245699778617,-0.2121561044377911,-1.4544533664179276,-1.156881180730541,-0.7499741716624628,-3.893028157074039,-0.8003031972445976,2.696443621817602,-2.8796032898255812,-0.4205513744837963,-3.4332732792904523,-1.1636922702472148,0
6.698876506854539,0.12715667093621003,2.0201886032545087,-1.4594127144848859,-0.9927022862288358,2.7952984173109923,2.809513528562287,0.5392043442942394,-0.847059165702553,0.48470227246568987,-1.1262694525849393,-0.00869552478973614,0.43193481717916327,0.20934960798954735,-1.162181628461214,0.34169639173677835,-0.5064629761150532,0.5591023234872516,-2.897002616143006,3.48999207556167,0
8.973336063599756,0.8967377273035119,4.945643276546303,0.8101048731586249,-1.8115570992828083,-0.2462540469449852,7.1663315588097065,0.1367542301493,0.04108071656569695,0.9755602801246072,-4.400375855175913,1.0674277041866467,0.5429513764447453,-3.3487864933258487,-0.4870490783624936,-1.3532116473436646,0.14667155705442014,-1.875632150306554,-4.490670321618364,3.387230683500909,0
3.3441943773976757,-1.4972121015491575,0.13850200398538715,1.9922485779759938,-1.511220467304089,1.059285368944244,0.7052456319626138,2.237260567909285,-0.3574010285496262,4.146482429811957,-4.63722913797927,-0.9726436019771266,-1.8668548758712413,-3.183459220273702,0.2290943741070152,0.015549716894101229,-2.1741097986350533,0.24580810227263272,-1.2114342424514286,0.04612266420207609,0
5.290376386743205,0.5388372912267964,-6.340033266238287,-2.9307512516714365,2.791931643051047,4.7291793741214505,-9.670429173956622,-1.9439739848564974,-0.5088871176392915,-0.540045356440839,3.6237600644919263,-0.14662745272514321,0.387409461230549,0.9372368389459237,-0.4964152991627015,3.6726623202162814,-2.489913472809713,3.01264905640112,1.5113891013326648,0.02692050159573361,0
7.412429354777913,-0.5707494804144213,7.189338304200404,-1.7832073392208954,-2.527394475730774,2.26873683260248,2.4866677295872512,3.8426843443389123,0.530319339680202,-0.6815589115756187,-0.39894260700941164,0.9684745818511153,-1.36876382166284,1.3498968224615533,1.464923731103157,1.6566745733234796,-2.7227289246184174,-2.156034963230295,-1.717517334436002,0.6851630513279664,0
7.736189443760392,-1.5390652581018345,-3.8790259307850974,0.8603346869745185,1.157479812062374,1.0216396170063586,-3.8329296855776254,-4.650077377802243,1.4616320314033882,0.8342013000233983,0.7692720347574382,0.81076818116318,-0.04634511536847841,-3.437312097279561,-0.11480923718402257,1.5938360781055914,3.1698645577995492,1.3010444398371515,-0.879927086747697,-0.08842017816548954,0
11.953477120012405,-0.15572268695662755,-6.20507827163348,-0.7435624040962453,2.987258414548111,1.8670329844977451,-7.166759745848979,-1.889352964063107,1.3464002091587992,1.9577020671918917,4.151014700020809,-0.45253450991675337,1.4507661445304945,-4.272444816972731,0.5779911304088485,3.568905433593213,3.1965797489383982,1.6760789902692597,0.2055443302851565,3.2672260220873635,0
6.556540557395392,0.02915906566530844,-0.9932710413293219,-1.5391025143328583,1.3179273454744593,1.1926156710094729,-1.4899882105134041,-0.7758520299097138,-1.6503193510294316,1.3092271266382198,1.7181285245568898,0.292355523624329,-0.046413427192549817,-2.4956912101885536,0.9328590027963681,1.426082199509913,0.8889911597619402,-1.0203485729787596,0.31376027138834495,1.0472858580746274,0
7.47017047645696,-2.097536777783394,-2.60296354409606,1.1398965398975156,1.1878602382933385,0.3400537471185485,1.1317003494115012,-1.959763114399808,-0.4272302399867796,0.4760953883096066,-1.1411115814986483,1.4496512561814032,2.1277482884863654,-3.2622644212533456,-0.09879651043908184,-0.3198519171160773,0.8238316579448537,-0.551023487265043,-0.634160933353898,0.431067426941017,0
10.194295240382814,0.0343516436753491,-2.494910594340235,-1.9982790247639568,1.6068325181877487,4.127931666405132,-3.797064985208066,-4.388854734854708,-0.015285432338464872,-2.488881084185158,2.2097181113395488,-0.651837705314008,1.8380508587422493,-0.14602486793745947,-1.0745323485632952,2.0900156232473686,0.6391414613137751,1.7535397442539227,-1.8716704037657288,2.0773115061831686,0
3.8189824935308914,0.5685853168393745,4.773737015877769,-3.74387935465069,-0.5140098042878682,0.7708622560580305,1.668218206522099,-1.3526430087724273,0.19333940787668139,-1.3891921586586533,4.04742394556106,1.3346983507590673,-2.5767531489181246,3.3258913114777853,0.6459388863291172,2.323488518470689,0.7211323603715716,-1.2829729784374582,-0.7258609949350552,-2.318111245765418,1
7.9567131200573975,-0.7519974549767121,6.868859795732492,1.2767081724703526,-4.1349853441930495,1.8894609100393809,3.9465239948102604,2.2150270538619408,-0.14023198909012413,0.5459738052918452,-3.8768964376384694,-0.6246733800005118,-2.498253540044022,-0.014793127818533258,-0.7335097332201296,0.22647022480977275,-1.1336270085518907,-1.249329050594851,-2.8219648146114684,-0.6848250917262756,0
2.0358054545222997,-0.4447788059292274,-3.2843819197440123,-1.8468352673636041,1.6769408271450374,5.528618832887178,-1.393856983708518,0.06173839431777539,-0.054592154366638564,2.2291438750282495,-1.23145430735296,2.413318021584899,1.4317409820424984,-2.705819185481219,1.2368715823010796,0.8266785314519278,-2.5250921269436377,0.9919992994472349,-1.2726162792789697,4.023137043413208,0
6.085076670775538,-0.31929128204556795,0.7075691589685217,0.25820881039723664,1.9049241370882686,3.65639652910777,-4.399241130285018,-0.5774710594509733,0.4172301041739236,0.231000058803695,0.6886712769329713,-0.9326554233939307,-2.7041429206651473,-1.5767272467693063,0.6024502164788149,-0.33187897600989535,-1.5384583140640602,-0.27874639689663017,0.7192708818763145,-0.9297427667019988,0
6.5054523252956145,0.16844261420659584,3.6515310012471334,0.30301324554640563,-0.320552595168777,0.7510431524288834,-0.9819819670073658,-1.1115423748286282,-0.680851073703356,0.28171993311386245,2.0492380081008417,-1.2272743281941474,-2.336979306599452,-3.130723422018382,0.5293543372949473,3.414702901024671,1.3679070651604328,-2.968990411037913,-0.6995183034425501,-3.6535937006256285,0
3.9028086526147803,-0.8459603218393319,2.0574787491262385,-1.3658854139499295,-1.3795349265716434,1.8692104300977388,2.3171337529769334,2.017546533401315,-1.5179280107442858,1.6490426211204365,-2.1346234080451336,-2.1226888552280787,-0.25055437613003084,-0.6922306335717209,-0.18473942715028951,0.5411284600362012,-1.9925823144270707,-0.5977093538577509,-1.5515089488561684,2.163985948244656,0
7.871873124198883,0.6822733135805731,-2.0875705475247415,0.4946784653721181,1.5566092555604598,1.6269293444305701,-2.5533860265536887,-0.059905073316042445,-0.04889863035867328,1.4270148399032052,-1.6010174265500752,-0.7209186684001548,0.9684370953660872,-3.896199326815116,-1.4667704581833783,2.1692623018852095,-3.3649719839454986,0.9115175926246578,-2.5776321613631348,1.6761346427461667,0
7.642031717637339,-1.9210267543090116,-2.6682968852322215,-3.983015464205562,2.2073978757902526,2.0408588786699497,-5.071396052541699,1.3267561483893147,-0.49831558205756277,-2.0232540745907213,5.084604609203746,-0.5517839058453609,2.0491293802454784,2.972862164040728,-0.06013672290064746,2.1893096889417816,-1.5498314136273486,0.8934720136268482,2.201432282818531,2.225430265506821,0
3.81803895071978,0.9858460499451946,2.9508604831114025,1.9544819919974046,-0.42512559546501416,3.178941676310923,-0.05021187759257203,0.556778703508034,0.6025058843644477,0.5240339967015435,-3.5745169004885433,0.5348711629456785,-3.3891778644100508,0.7373167710469454,0.3873618225266467,-3.9429126465226427,-1.682269200843547,1.829132668580772,-1.4418961113075932,1.481934859084261,0
6.5954365012906075,0.4833521711428475,2.6882666386427663,2.387430643109906,-4.9910369891866075,2.490318808542364,2.7717184006326363,2.9315980977137652,-0.6651085978794844,0.5100725677287741,-2.662943406214751,0.8679843631008223,-1.3226184177729063,2.44891182339096,0.24177570218959796,1.0342799024849119,0.26414488562046823,-0.38031946537780903,0.5283796139064079,-4.444422163336757,0
8.76879016111049,0.36283246042686657,-5.326774124038854,0.1914957328095115,1.5406664535038908,2.553017866589345,-4.6821696140497755,-0.24236934974195568,1.7734594464298183,1.2553042247813475,-1.064143053098316,0.9429831575730309,1.590200307711188,-2.5310043707959187,1.534520443011189,3.807735968542616,-4.777806438636879,1.5161480509967775,-0.7439376287511941,-1.4935710933220172,0
2.5716593562677703,1.6887683500045063,-8.015214961219215,1.0824578260392896,2.257861636724016,0.8461131320676742,0.5990231200294582,-3.4211092549374262,-1.4454110310705408,-0.8313163480118291,-4.976889658709629,-0.6911420423686431,4.608969938754334,-0.3343013790195914,0.08633856763339688,-2.1725908761488837,-4.763953223851768,3.2825623451046257,-1.3232928196805516,0.5787161551498127,0
11.674854045360732,0.8095451514455142,3.3132809895233435,0.5935305915357441,-0.24744735543464125,2.3654076383924645,0.8538494071236531,0.21624032078585764,-0.6773431250121545,0.572294611667296,-1.538135823459632,0.8527466033737258,-1.4042866029331362,-2.173445824974669,1.1559985483431843,0.08285147913601298,-1.0718434593576909,-0.7999358198459399,-2.3334051657594266,0.8624600350838285,0
6.982059628214146,-1.229552081320412,-1.399682952884457,-0.3466372609155276,-1.269566832102544,-0.5239206479464369,4.1975720732955315,-0.6326623128984243,-1.1802683110430217,1.1938045754302056,-5.540809487013588,-0.09650190963331827,2.7652502812444695,-2.1876358145085035,-0.5475354336388903,0.11250682983350069,-3.2242815709697177,0.30871416436243326,-3.2792192657544312,2.3470412821982753,0
4.438499463846847,0.9682927973895094,1.7631863735896993,4.767515366349992,-0.5129490355313955,5.052070117625895,3.0567480702401517,-1.3980561506326072,1.3478330169421036,1.2732423735332739,-3.734520152760259,0.9566443588302391,-0.5619603490255174,-6.371825086394482,-0.5871970561813343,-0.5892319979689147,0.9072712336208348,-3.6819004041071706,-0.6960056955028724,-4.4641170499981255,0
9.649438479047827,0.5314940986489344,-1.3889190240127476,-2.83996319903895,2.7944768583400714,5.197614192274644,-6.291741347822949,-1.2211026073539515,-0.340399578599136,-1.714902556602083,3.0613628918924065,-1.5186833048361166,0.7469977132371455,-0.7848081002314304,1.5719820094988632,2.6507957968781146,-2.5584273114837757,0.5889227071058838,-0.4851182746157052,2.166237998866705,0
8.026906692995482,-0.06194336237218491,6.896958073442873,0.820918571074689,-2.5976614549543426,0.5861191907886862,5.578462872867821,0.018775474236643497,-0.4227454010938881,2.6432846327262256,-5.174174569925722,1.7083538647081575,-2.6320732997318403,-4.3079540976973485,-0.2275850054696628,-0.14620666314955744,-0.6214581178445489,-1.4874685119862123,-5.772365758906078,2.6155404462087732,0
9.653899623026424,-0.16357221101060274,-6.578091457751427,0.07107380081828518,2.8041336331289783,1.1401024988417543,-5.6797786844039715,-1.8156811638883503,-0.8887003060821875,1.8042072848828248,1.744278625940247,0.31296306883125063,1.5026143853541143,-2.9940797479896477,-0.34477497369534243,0.5916827559197102,2.3876908871235005,2.862244996915125,0.15731954277846172,4.333289167896136,0
6.275153167681392,0.4643846218873988,-0.9878062677252583,0.07048637818836523,2.426353800459506,1.856757946622672,-1.9045010144872014,-1.8977014781008301,-1.225555683516109,0.5316933938825055,0.15589395826139796,1.3493637003260568,-0.7441072847076555,-2.1443008196734614,-1.8425266114406849,-1.9982715167857428,0.6677040118462085,0.5960944324149211,-0.34388684733163344,2.559798390765354,0
6.354319008801553,0.1623058589323861,-1.7960556658075808,0.42790889700053436,1.1199279914197073,3.4629760796054305,6.872114967535272,-0.3569067199438809,1.9560812988135698,2.1373084703205123,-6.593195709918385,-0.7935472099636716,4.714883556404235,-6.217116645192932,-2.0770306000910552,-3.953452430124871,-1.5127620156409836,-1.4726208581973317,-2.98732972334087,7.275178089531522,0
4.7026413621056,1.6599664352494736,-1.530334358104514,-3.1529842448637844,0.754716655311987,2.7667572093436874,-3.55365212534833,-1.9885964214320908,1.5098176424433714,-1.0056879967583292,2.07612511419765,-0.20860086553257678,0.4116043364739884,1.0440932835884877,0.14391633315720195,1.2495161916366289,0.3514814574661771,1.4248450477418761,-0.27991326603061895,2.8766980010987844,0
6.482363556921834,-0.26577990107182425,-1.4942272458507382,2.809721817081442,-0.3999496238775876,3.1209677334600645,-2.605714114001018,1.7751058804378972,0.41014245482627143,1.8450860301200596,-3.882342269852164,1.9784260403629583,-1.313048432433744,-2.871351473323419,-1.270036864239949,-1.660682926364394,-2.55015418547962,-1.4746985204692031,3.1344100650733386,-3.0319514683251936,0
3.2672358475388754,-0.32333543445307406,-6.1404496613919495,-3.992958408333103,2.554122419149305,1.8221232489760133,-8.220324561267768,1.1354325907365692,0.5349111098184847,0.50095807535813,3.7823495597536785,0.523693466729638,1.566813490229039,1.1146785502156764,-0.869519078473484,3.697607332885856,-3.0706645171836304,2.539068661888433,1.9158610796459938,2.594170651313733,0
4.0543779263410675,1.0377723889560089,-2.105294302987873,-1.693395165601161,3.1756392228067623,0.8808744684568748,-2.704139219242693,2.4020379884113603,1.5780020556385361,1.903235680188749,2.6197855015700906,0.8803209278442081,1.5491365900868468,-3.8861780705526483,-0.7378804115474533,1.7242595979064217,-1.3514370580849775,-1.8322639689935283,1.389399364627467,2.6913207650814326,0
7.568200123577825,0.6961421153366889,-8.117731431287108,-2.05715105615699,0.9350647494219302,0.03329070394824851,-5.019142949986465,-2.644427471079754,0.4509957057716485,0.951752056119662,0.19738952474699542,1.213170224349501,3.013375323324036,-0.871244044307457,0.5072198460921943,4.244050553364556,-1.6921811992096654,3.2820881060960874,-0.7805366136714533,1.0983571256829538,0
9.110660488598139,-0.5746717342386677,1.850715273912468,0.5221907029209722,2.647280452384702,0.883257502705695,-2.4668387053049847,2.9478641198879716,-1.969974523513496,2.64861393982418,1.4385321826906077,-0.9912722633907048,-1.186466578496137,-5.931551090276733,-0.629860356006475,2.507407954368821,-2.353224915376116,-2.614581109340277,-0.739242088286445,0.6510398782842621,0
3.247887307854238,-2.0852423432832854,-7.053424358847634,1.751131205087356,0.8833617037175361,3.502841491478215,-1.5540735619270474,-2.13224909677273,-0.7890624414182985,2.0025857698287868,-5.806459431899955,0.13291940507823036,1.9216688311904377,-3.06582427091243,-2.7491675577957473,2.3353314515715398,-7.18218007620592,2.13784542408184,-1.8766113690489923,-3.910544388718508,0
6.411709738210082,-1.6417099693268133,-13.544427527607853,-0.7167673732761928,6.394607890474509,1.7118179208639828,-9.41621687378656,-6.788278929481492,0.16614422038916735,-1.7044612126715522,1.482810767004183,0.09135503772274052,7.045970418291251,-4.3738885706503465,0.6321286975119926,4.189475115896379,-3.1385038039235535,5.126710162217422,-2.771284956471862,3.517309956041881,0
7.830800345391745,-0.022162243735174756,-1.7087511274828466,0.4034047279660471,-0.5464227302633902,1.3795312000432425,0.09774955717658633,-7.049538152557622,0.3538654192898124,-0.10513851641109784,-2.6762132451049063,-0.013893764283878726,-1.0813854257801205,-0.7889157768636613,0.05506165142391097,-2.1154511360101114,3.6146341226374847,2.9493551042308734,-3.0170230195629184,1.9867849603777696,0
13.625986006957604,-1.199699152057563,-1.7124568819232442,-3.7311364877175417,0.863317182750776,2.3859333493586448,-4.133661473226544,-1.6896604602811063,0.22778009631550944,-1.295687204339258,6.62339666199314,-0.40405523408657185,2.377141366245991,-1.040109656518025,-0.691161551909861,4.870115455623829,4.559129965244526,-1.0158755326198046,0.7329214360516461,2.5390794706446864,0
6.371827141968225,0.7220729700923891,-3.1236441401024555,2.9368811062007065,1.7192955996238233,1.8350479221101823,-2.2200519603703257,-1.760945813202063,-0.24057432953280136,1.7026591254026844,-5.706267282430413,-0.6632957094866613,-0.1339289497893642,-5.303159320676637,-0.45199282167963367,-3.7560624343531885,-2.4208339842992355,0.22928590994554776,0.04458150511243719,1.3455076389985081,0
4.339819282060411,-0.6888190157199171,1.2868232670256623,-0.35650449160615216,-1.0371943963018948,4.902892637828155,-2.458287716803429,2.920794738085881,-0.6651946736929224,0.864980040874985,-0.6421712434093533,-2.3243850322927457,-2.2946534024304905,1.3629804608472675,-0.32433345331815777,0.24037412352725518,-2.6427919030828773,-0.022982101176620584,1.6510800204414933,-1.2078467402017359,0
6.7893602450016015,-1.1168104257325742,-5.108438652301606,1.2222707894745355,4.816061399087029,1.6698345366563911,-4.062100158346147,-2.048957014097933,1.953758237447256,-0.36980401520800465,1.1328334919326468,-0.11488323012318477,3.4383286534326785,-5.1751907936187775,0.005163275486851728,1.8959307340876963,-2.1875042541436667,0.639779605905052,-1.6955348885525083,1.4332365849263935,0
4.23266667867135,-1.6053859955182632,-2.778490252085586,0.6871367616329149,2.1526320664558085,-0.3219986790564464,-0.599005666483511,-2.569172358329409,0.953711524117718,0.05305989844555181,-1.5306582255472028,0.28846516959736385,1.8047126075668862,-2.980400668942578,-0.3052938286840381,-0.3862436555392259,-1.0995545559102669,1.1207537157222256,-2.262034161042469,2.1289246681209772,0
5.531564642187282,-0.7510788060052556,-0.019202559118003268,-2.527427383818325,-1.8828100260832596,2.2783673167362144,0.7689873814666726,2.6584829025339802,0.4980169368462935,5.367327037187227,-3.2122779054758768,0.47060410539692904,-1.8901972212026954,-2.329982417819991,0.1092814911122515,0.3967084219786322,-1.3234301604460317,-0.3732091776232933,-0.02643006338856202,3.5999753468011093,0
6.433940836168441,-0.982356648500055,5.836330847854578,2.619091422750808,-5.0885529917225405,3.3829953577435767,11.551785131226728,0.2193266420929615,0.9223847075168857,0.3538249959028903,-7.1913137183661835,-0.08950720543261116,1.235771630098497,-0.11965510142320988,2.08999330654674,-2.182200625166095,1.3568914052492276,0.5982648539891979,-6.973901414519862,3.5319218367591967,0
8.644003832802245,1.4034051105952612,-0.5661597305070508,3.111135770583949,0.054530533931752334,-0.41789034580647827,-1.7651373943014435,-1.3493012473527282,-1.251326753008481,2.4116225911134928,-1.7180414682865617,0.7072195733709491,-2.1774312849984545,-5.4513359354575375,0.9369545926847911,-0.29854270261508076,1.8242878381544378,-2.4753009523995777,1.7731189561955496,-3.6919441282276466,0
3.1855576230554075,-0.04867786442713363,2.2111340088679086,-2.4214276100205625,1.939660110849304,3.2075304337658492,-3.5057329307296565,2.2585586262867325,0.0519725009539094,1.5437738213070749,0.7979068753444237,0.9385246703402629,-2.0222766981778406,-2.121217472058949,-2.1475793934538867,1.3907693519804165,-4.108298554266288,-0.5543856594124998,-1.047045279911326,3.014968414418408,0
4.3746769269804755,-1.8228313908927665,1.401072864737845,-0.10912025973388984,-1.3034663820314898,1.9190217814562818,5.511979940272733,0.16371917037532757,-0.23581859894205118,0.9716122764973437,-3.0321607302053506,-0.49898769172529767,1.7334999856319895,-1.4049416010603217,2.582719270569774,-0.403908609879404,-0.07800303292028199,-0.10109489788075521,-3.4540402346576404,3.2964534439251634,0
9.595872778876442,0.8065928758865548,-4.067250286060915,1.0622518026787842,3.0970444300822275,1.8233092653065546,-4.223999668992383,-2.9628386256352406,-1.7193217059477706,-0.029002340961651107,2.7927015854119523,1.41913566388785,1.5571842046257118,-3.5183172328817482,0.40076561859553295,0.7412029820607813,3.402929108309122,1.267055894195281,-0.5361204344374754,2.4483402230217286,0
5.89756699020586,-1.7929512940286547,-1.2174604746736502,1.835648812341768,-2.149424976603128,-0.010227473421930533,5.4342036087896295,1.5766643856957137,0.26026957307879417,2.5940724740429593,-5.291507843581956,-0.23206255927935437,2.379769853842218,-3.1382877090066903,0.011411350966637125,-2.095169073292882,0.6890252576895146,-1.470196462817029,-0.013048850988199967,1.7751194839559756,0
8.304422618291364,0.5342313929284098,-1.3905789714635755,-0.1747620520232791,-0.7178336808694838,3.204440909619154,3.41171305900668,0.9034204350016299,0.3888178028857785,2.225471541062201,-4.09473129565418,0.80403539179552,1.9682431926211423,-2.336503859668769,0.8843735993972638,-0.5153621371456474,-1.903364007406935,-0.0016657738065521954,-1.7497020125901606,2.9123774963067506,0
3.012701226489721,-0.9416653511168461,0.44206734484238897,4.14406128554899,3.6969569975984125,1.7885084375570928,-4.62292872075409,3.8403994716091017,-0.8844478498619541,-1.918095757320777,8.470831999317438,-0.1492818160721261,-0.16016541309468302,1.91314244393254,0.6197684518274539,-0.5096679420147439,5.157135924981476,2.09553300639287,1.5554763682386752,1.2057322093243783,1
8.947493450207878,-1.437945923422493,-6.718739188494414,0.6404694973534322,3.1593363978489593,1.8213404694076605,-2.4847409525740005,-3.3507458926127884,-0.571591447660202,-0.4252852406605978,1.4526812076601554,-0.6596977290634989,4.963497848444815,-4.046759710219974,-0.6220386853673028,1.8704023183591203,1.7606889094223033,1.5560636771486251,-1.666484692557586,3.152526073171308,0
5.24022000310536,-0.10024714477358775,-0.19867663034769856,1.883865736198588,-2.8555989641650896,1.1557871553515653,3.729485316855221,-1.5449894816554504,2.525947818214316,4.032881489484804,-9.988435331283796,-0.08677027270543934,-2.2248116026730074,-2.4434318257508774,1.469690871159995,-2.4004181512545437,-3.845573100316089,2.3543646736968817,-4.251574727154291,0.9670393234253023,0
4.639164934229726,0.9734214613787066,-4.467332002450807,1.1835739361707152,1.5844814146668569,2.9838151852699855,-2.0888611647916444,-5.040985791261832,0.20340937414324606,-2.792770114243818,-0.27993499996202076,0.13465555444305652,3.0110202344720713,-0.17612230315963365,0.5917209385072065,0.4934670402645319,0.2743017101545042,2.981035362779112,-2.425283702738918,0.370284282155778,0
3.453915386673701,1.2346993244616955,6.478579295016619,1.7167213054173933,-6.186997627452886,2.5555438564601713,8.911054913329858,2.8920243027208707,-0.8096646113684648,0.8474045074459161,-6.627806778824213,-1.1808028657806435,-0.41518196209673697,1.5423575556648874,0.022764531057154057,-1.5767514473305067,0.024806207807665404,0.0711623958815899,-4.289834031892779,2.1105368511310765,0
0.3261671275489295,-0.335284731993262,4.608744579400732,0.7049671490902552,-0.17761134072569884,1.2643261436227982,-2.379469941359987,2.8555950885989194,-1.369758441783367,-0.48998991619409327,1.2425774539311059,0.4125826306752856,-4.215813322388424,1.8466032784074062,0.29798818787023756,-0.4212521306036937,-2.118245948634253,-1.2864641430585935,1.9976092027779186,-3.676965029879366,0
6.714701219728279,0.18194089554003537,-3.5808702457314125,-3.4834068407888594,0.4169298233225086,1.37637646233333,-2.303097673697993,-0.6881389904204648,0.7765144886765829,2.0296793880602726,0.8339853738172387,0.6299339085441373,0.27061593350677404,-0.45494773149123646,1.5404264471825595,1.688540443926657,-0.3530960043143774,0.3193832755205932,1.4115865670669216,1.431797062684587,0
5.234406325692109,0.3546726645372105,2.492489798621439,-1.3365738082225778,2.1406185991839544,2.5620445195267947,-1.8646793063836398,1.4287596355792858,0.22517416211154323,1.5149269616823433,0.21378408073677546,0.9736516931972411,-1.6454230810751724,-4.616283752115932,-0.24918931191442298,0.08364649778166733,-2.6361215451133937,-3.72620834903766,1.0259571158325391,0.73042166496151,0
9.162204340433984,0.4667110181462765,-4.5493137400273636,-3.152832015246883,4.383090966945951,1.4605662289035415,-2.671513020652229,0.8057869188039252,-0.293047176832199,2.499765443743662,-0.7848354612725061,-1.1229391671980062,2.0425845433574166,-4.349183920119527,-0.12021852255899551,-1.9340385369476603,-3.615284403227996,-0.8340625249030633,1.635840979017484,6.156669878791461,0
6.839155901424466,-0.4585457918186769,3.943060867176553,4.396416520890382,-4.210123826995158,1.1319114596540598,11.132919199346885,0.874101453702276,0.5990448225456122,2.8345166125768273,-8.612677530149133,-0.07999414778698646,1.421214596935743,-5.642649065438135,-0.5073147682666656,-2.1607849744709555,1.1050257651145157,-3.2652372782619317,-3.8598604955890794,0.2562207125675083,1
8.110867608283845,-1.7694389765108856,-7.07824897447134,-4.87953654619675,3.7704725172135736,0.873994253978884,-5.091782035975494,-5.02380354902164,-1.0176370578748275,-1.7322277948106395,4.624352822361965,-1.3761149639759367,4.154195204794277,-0.5170450436042727,-0.029573715640343695,1.6124315147934334,2.200625052218564,1.7203847071493734,0.6173437350473967,5.260134499663097,0
9.636787633170949,-0.04103941433099082,-1.933409661157303,-2.7839209679007695,1.6136066633555948,2.2956981908163656,0.07790369905792753,-0.6474064343525765,-0.1586385696101298,-0.46705634859600065,1.3048875464877532,-0.5221350678403318,3.483645869484649,-1.405481844165434,-1.6682443983928925,2.024221549506729,-0.9182216018399938,0.15187730175917913,-1.933489466507842,4.309353133952277,0
11.79894430918914,0.5112510439692931,-5.2290048167878735,-3.6963574710417,1.7603356978855427,2.715861577642946,-5.3138669979838555,-2.4535771366774166,-0.6086274186020985,0.22303475123355787,4.758952174355339,0.7801575709534739,1.8027965626636333,-0.46157752256030044,-1.0182581448158314,2.59965376162142,3.4943214181196804,1.211480426276551,1.5863488161141577,3.4540842876290108,0
12.553084415357088,0.23021609854686748,5.482923626155719,5.675662062994919,-3.7568195874799586,1.1233616624815332,7.114709650870947,-0.3350470158342498,0.23308835117453552,2.3919224341678755,-8.132667482111033,1.413442650054308,-2.0628749114616878,-5.664781125410897,-0.8864572634981663,-1.9692601181599771,0.4358296625077631,-2.7066643665346373,-3.761277496670922,-2.6190306032336372,0
12.189518662730132,-0.3227720992599864,4.65703127237533,5.5643812645017485,-4.569954277160271,1.9573523804574102,5.640466048118348,0.8317144242048404,-0.558050527483272,2.4830933643271735,-7.334833689270652,0.13681502622760633,-1.7408938535016805,-5.70160614801721,0.25259752710101957,0.13577186765081128,-0.020599281827420657,-3.9523792498529136,-1.7952298991020093,-5.418834986653616,0
9.184114330717188,0.23264119762065671,-0.2518248795144638,4.516434301728905,-0.9169327913708321,0.9462880612731387,4.177905428958482,-0.3690412310864808,-0.4527912686093966,3.1134355635548605,-4.86735172351866,0.20619053957001504,0.34891407341021696,-7.341660177394988,-0.29649009181611596,-0.8194840324448611,1.0220489337800793,-4.181695513001875,0.5058552544754902,-3.9992656886339857,0
6.539496877560573,0.9782753974568,-0.8363384598957745,2.19105118357116,-3.1072652225110002,0.14214006346922092,8.557249018673183,2.0754830434601637,-0.19810450343694044,2.3156491506264376,-6.710979362207009,1.891911039800296,3.5264692253026393,-1.967030820846424,-0.6756293759804575,-2.4504764028463466,0.1411330139220699,-0.8395280664023554,-1.4027875698563474,2.233247595774315,0
8.928930185450938,1.6696158327326545,-4.854021545329122,-3.044569255497761,2.3433522667567623,1.9611242685056094,-4.615305645847991,-4.850907277704792,0.3400463789678302,-0.7558132805696802,3.0932977011447025,0.09397725648437813,1.4415267176603326,-1.0241000054423939,1.3554120340466271,1.3908040342725487,2.3223286018792884,1.0620502040985893,0.6741176019830439,2.112611212972776,0
2.8934893735708376,1.912184163779846,0.007160181951903289,-0.2987255942856366,0.8167540445878692,2.624873232269962,-0.19321094894285976,1.1123824581084056,0.8365087885396651,0.13269748965592298,-0.2929155627854418,-0.10026009032755172,-0.1140233720648437,0.5216516250776111,-2.657733179789086,-2.1631917813849486,-0.5663611079689976,0.34639619375479036,0.7471591539492164,2.184795182480869,0
5.897965960242225,-0.45588367614707415,-0.4393684332485177,-5.2164726430549715,-0.8176365414918354,1.626821374435488,-3.5046652226364774,-1.5921032231726469,2.6840933081246225,0.0717613562265974,2.167419673051521,-0.8962878084807004,-0.8078981189661025,1.953209834884944,0.44357729434818544,2.120688438201107,0.9792485010527974,1.5424949709191147,-0.36609928053086616,4.095586385148951,0
7.045798097923606,-1.2903751198917954,4.847970641295223,0.03499159948988395,-2.6175786115206368,2.0327496344163025,6.839862004208448,2.4246953834342073,1.8929133139029457,2.9112044900443133,-4.567714963799843,-0.4630188314998165,0.06851360549579244,-4.471132413161103,1.5885270515197443,0.33275841664477257,-1.0693963069332042,-3.6291956021614613,-2.7959094218314053,1.8702295785503613,0
5.742227206366378,0.2208530795282737,-0.1599146795610738,2.118015995357517,0.4383274659925316,2.7267881706593853,2.904436300526535,0.020164597250857175,1.0408823856954887,0.3715099843901307,-4.886503794250688,-0.996729261528248,1.1371346749844284,-1.9007834860312507,1.30972577535206,-5.566618986822503,-0.33740396587753363,0.4084120353421088,-0.8433299154067403,4.399589518765704,0
5.43876165453052,-1.0059061522386958,-1.9492826047444956,0.7376697892905981,-1.3930076146893748,1.0658880733959866,2.8257181405488483,-0.405891030553847,0.3823601353892485,3.2201635542180376,-3.9312950192379916,-0.15766441292791744,1.0306904853512315,-3.2780329615520762,-0.9281537297224187,-0.7445735962839757,1.434821557757095,0.5051045026342056,-1.6686212111146115,3.1756232172721943,0
5.489406370383107,-1.9719043830587526,8.250990829594457,1.0411669097103542,-3.959081366665422,0.4604581377360095,2.961385415486132,3.878359991257313,-0.4265943472667709,0.5043287773219625,-1.466260477241408,0.15076735250242498,-4.358998351317545,2.0839555817744455,0.2125765061513387,1.5348271188882183,-2.008401470447076,-1.4737086994384834,-1.6215268893025672,-3.807143759211904,0
7.270246975117494,-0.3466580582811783,-0.7734640275148252,-0.7761116119426992,-1.7274278527297353,1.557635957057418,2.793166241442813,-2.7501923360736704,0.8728066539617636,2.7541033100809624,-3.8792339182244597,0.00436092482089364,-0.9849758534196966,-1.7018821010555905,0.18935306171662045,-2.1535092756294363,2.4419886164232145,0.8349426426292008,-1.4603527519207564,3.1528002768901287,0
8.758678962199479,0.2735845735580149,-8.275328199587271,-1.6686655307568476,1.430907322809243,1.8552906437774004,-10.03190748419245,-4.205791910305352,0.6366955253666325,-0.5918522145003136,2.5879513563133516,0.16574974625312824,0.8436587943071205,1.264062183608546,-0.4035491161052483,2.658829754100651,1.2584120401336447,5.25435564909403,0.7629098362546907,1.775446896514874,0
10.487504266739256,-1.0058428742755636,6.353066180314048,2.812237052674952,-3.0651298078812417,3.113214491572794,3.999223542690657,1.6667932921851967,1.5362100415722555,1.549905533872058,-7.6141438175167115,0.41971111500643465,-3.178911406394043,-2.007661744924705,0.1898588760980733,-3.8185421911868205,-2.378052396717204,-0.4168851168061489,-3.406098796439544,2.042559246142693,0
3.751862182879815,0.9964279744281423,5.537729018167939,-1.0212204629629098,-0.5863742717128908,2.123248210102612,-2.9777109563890756,1.14868005041236,1.325303806970053,-0.5343057046321873,1.1016169452353914,-0.5458603843985409,-4.371934294379457,1.2666508057146115,0.2155993680954039,0.7646520439869651,-1.689685908076021,-0.15742351580741532,-0.8555400973623586,-0.3284680486902509,0
6.000960046178989,-0.22064023701106233,-7.694296772742689,-0.634663851199849,3.1902094365777653,2.3987407987388423,-5.981717322741403,-0.9085793270041677,0.5477646814879501,0.8331922982015263,0.9118828210790803,-2.163221689520914,3.0082787444235337,-2.210283840342094,-0.3558191005545723,1.2392382131827961,-1.3781257157859628,2.517001779739978,0.737695597043778,3.1129785610480605,0
3.5022793408852397,1.6004235266211448,3.2009233235213914,-2.37424208729542,-0.16333909113456035,2.7187538089174246,-0.9332516634384175,2.193020526438878,0.1557610963376069,1.0273051828201694,0.7862855090397599,-1.4336561780681436,-1.9968971878539021,-0.010902727477151998,1.0171928230745988,0.9343764548434821,-1.7245914289496538,-0.8457400022698454,-0.3615041748465193,1.9223194058802147,0
2.741533349942905,0.9354642129629597,-6.628987279862489,-4.4346726549762705,0.9002456221884797,1.712986630867353,-5.855807069835653,-1.4101749366864316,0.9697046520501685,1.7019654833135176,4.038528165360465,0.4340336659064004,1.1501581852227678,0.37738426805432485,-0.18799110358447846,2.3245850248466984,3.1893932822386697,1.468570435279279,3.369729745185924,3.110802094104049,0
6.317865751571192,0.7090438065955837,-1.2634879871096523,4.020182969761254,-0.17202241149908948,1.8570488462534165,4.5722684410216035,-1.9528066241148503,-0.8270974304778532,1.0890950313566088,-4.084239381139744,0.11093180771045631,1.9690135738469166,-4.995338969039576,1.1817773296427685,-1.564070498327085,1.486996659780032,-1.790848454837171,-1.2010531008587257,-1.6411204329472298,0
3.4523137150807797,-0.059351671591717274,-5.066441944191439,-0.16018767201365813,0.57662226045689,3.2079203166112795,-2.0520664096004624,-0.28022876526015505,-0.45035033404739633,1.6067636003222017,-1.6413384662278685,0.3945918771524924,1.2656520553247952,-0.43668737494943116,2.1560864021614448,0.5855638250595456,-1.9533046299459471,2.2881218298708363,0.0890339389760304,0.8019383338917089,0
8.357954180901375,-0.8661566546571577,1.6176922524732928,2.609357267704354,0.2035991713038503,0.7425316289502757,2.2770480336732524,1.5000237050589198,-0.9314898669136267,0.40535702627921144,-3.442687561327272,0.6489565819024441,-0.3656531405545508,-1.8306487997385992,-0.019916182589012347,-4.423693538685169,-0.7165866045752083,-1.5610682292778386,0.9907182607654625,0.5819770944621238,0
7.452294240996837,-0.5322738303847979,-1.9361233907550897,1.3923681929025342,-1.6905172482730249,4.292511234039804,2.7798080549049415,0.7851007714461992,-0.8680064096197605,0.1632010319406113,-2.442512088550868,0.6505095004245475,2.3803597409826507,0.38684019597391783,0.1151169273767759,-1.4893450123716183,1.2013949266778896,0.2113077089573181,0.7504374880390838,0.5988237787599217,0
5.970076905743605,0.20520519504187662,0.9084629528207528,0.9711981488306767,-0.932956745673065,3.0425645382255624,0.14506502691577003,-2.166545573924185,0.6549762551034982,-1.2091579236893537,-2.8153385166409524,-0.05458734893528394,0.38204216086412524,-0.9830088563414383,-1.0250443642119142,1.4622464224421627,-2.3041297822658926,1.0072869405023555,-3.7393344848694063,-0.5578469474490265,0
8.955286203433545,0.057500449816836996,-3.3822186117105613,0.8792578165401304,-0.6565842074567567,2.105979208971768,-1.178843057740944,-1.7029018574553323,0.2947915963383516,0.4724509982209171,-2.948306123451922,0.38689690603464805,0.5743349682826748,-0.16309810996839874,-1.4347178639861078,0.4570989862671022,-1.8089989870379954,1.971149195445573,-0.7378690019031307,-1.2266765069290408,0
8.870214580917038,-0.7185638997175398,-0.4863078256157513,0.7889780415129252,-2.2698987949357234,2.728451017324643,4.036273894316744,2.3749679045374266,-0.05162478013323401,1.5012708340043721,-4.730301247874933,0.3211601173697428,2.0985336852875527,-1.1298775405350656,0.8358884758974348,-1.3138515349816797,-1.3941597616373491,-0.8030400871313994,-0.13559100585942596,1.6174078269333734,0
7.48638002002105,0.03378538054780511,-5.453004887470344,-0.9675291895722451,2.0635277167876342,-2.748573313798841,-4.461919820338595,-1.080676094109088,-0.10203275325878258,0.8547434624355126,2.5437256007493283,-2.1784373481268733,1.9087364376906444,-1.2527481810085257,-1.8422588916524463,1.574477186708582,1.678839403552689,2.108690171822131,0.5106360021026071,3.0152259296679182,0
5.707389908605105,-0.2764072300592119,3.6348643567604886,-2.6192789971561923,-0.4891108845001949,0.9921936095748104,1.0458129951732527,1.4783363512191139,-0.8578289268361949,1.3302861789969467,0.15444001049960177,-0.13751959486378687,-1.0825218763867457,-1.5130550303576034,0.8906949702868161,1.2527247916992499,-0.8848312168614172,-1.6106642278527106,-1.5536273768136617,3.0085728304001793,0
3.520667220283942,-0.30134136415426216,3.8581729620745886,1.533464937328901,-4.500242617071602,3.758845892335579,6.528249961044985,2.5301006160857806,-0.2429413321333834,0.09500987964026553,-4.637098021636163,-0.51863030612325,0.33522977963790623,2.4431396898180675,-2.2084451680784305,-1.2500451021483663,-0.35106728077699545,0.794146167364471,-2.827592444409531,1.130590497300975,0
5.322131924879024,0.6983659593530939,1.687923629045184,-1.2438679986364494,1.1888938675717324,1.452093794820181,-1.1920332832727802,0.9383849499302547,0.6690101354833716,1.2517018542692502,-1.2700967051337204,-1.124956328121524,-1.0771108579014022,-2.9687466636166175,-0.07161666459478742,-0.18186600324684155,-3.028008757079844,-1.4361070161206944,-0.6582005068171549,2.149587354086494,0
8.968444483816024,0.8276448257001829,-6.931120164984931,-0.8908191321901351,3.683340598919134,1.5295333038638985,-1.9147811212747803,-1.6983729856608785,-0.5701568661882944,-0.6878733907790606,-0.9882766271630784,-0.2139478921184755,6.146960607537765,-3.7217809093511045,-0.03623432289768125,2.009794521177837,-4.3482063880653,1.1036585055340125,-2.0224879596014316,3.2988855623422877,0
10.352412882696111,0.6563248410927639,-3.5207084490910465,-2.2887893392418124,-0.5111475466771316,2.9162647779088076,2.9141960341368023,-3.9096371376211376,-1.6323100559138861,0.5027670082808231,-3.187143865600417,0.8602989440184655,3.0150211254227584,-1.3340734785275732,-0.9900647253193312,-1.0261672608699413,0.8548910719482812,0.8034253277786052,-1.7377369777265514,4.0430758730212375,0
7.647988850928252,-0.9345966202361915,1.1333835677381472,0.6665692506295533,-0.687524162106677,4.197131088251591,4.010222047734087,0.5298240696619321,-0.9585506073645836,1.4769812228527726,-6.008151876559979,0.6771485901512654,0.7948239152298944,-2.8264205231003228,0.4698009528330758,-0.651973373829422,-4.91843863161757,-0.42571678525252676,-3.4934953257023715,1.2682737625383893,0
3.8093300246616684,2.376911632352087,-1.2889419968317617,-4.821414161398627,1.8741928432364432,-0.38677376512763095,-0.38155453410410384,0.10658762463798688,-1.2072073139738615,1.044557877155093,0.2376370745036454,-0.47777292211845296,1.902467020921622,-0.713287596701741,-0.25887288595310487,0.24427946233932518,-2.108762470661084,1.5376612871910282,-2.565892600603005,8.476614448968215,0
2.2543240068136416,1.4257792568725642,-1.5269984216436685,-1.924838315533549,0.17948159621232274,2.5089975801026068,-0.5187704577671266,-0.005929628595717662,1.5317671131634232,1.1904295620484338,-2.083373013577254,0.6531592471947392,0.705520798227945,-0.615667070884653,-0.4016549528687848,1.0652802379686928,-3.490301591745829,1.3818907822899391,-1.970715294571697,2.6009569088046756,0
7.409876919560395,-0.2661363315603566,2.2219096436966934,2.3983942519573667,-1.6734098599281966,4.035707722762291,6.374728602164761,0.33321254015751434,0.297780164972596,1.317093565992355,-3.7899066316548025,-0.17666840427873137,1.6141411717302039,-4.695503008773615,0.3127515886471141,0.4507324817850751,0.18179666267643824,-3.4972628903893095,-1.9873492833527275,-1.5768378368396363,0
0.1590348440793612,0.6929285777284511,-0.006745023805060504,2.3747487942505585,-0.4387981859514345,4.414126109557724,0.7760787478790442,2.221531892617694,-0.5112325756569008,3.341337218735253,-5.2559815096971505,0.9148167345800345,-1.3908747336875225,-2.8873366210379166,-0.33597106578975366,-1.5210499264771116,-3.497977548514524,0.73266579443476,-1.4944845488984435,0.9420144379616635,0
7.754329346885143,0.02153715321933031,-6.446825230669411,-1.034173079615478,4.129617440502504,1.9433915865752969,-7.191314913766987,-2.6440549926203545,-0.4314986503499356,0.7390484408016451,4.012638071134254,-0.33189624858948064,1.7227644743018258,-3.424562803837291,0.3356330499323166,2.53893611273958,1.4727752521658415,1.7577973276818109,0.3970768067594286,2.6702725946043833,0
5.019513107598038,-1.2953239320319156,1.6487930154068404,0.7126709230963785,-2.1000834080260242,1.452980903098772,-0.8360386454573638,2.5745434469661244,-0.5481051663367201,0.1483018989333501,0.07379098725615375,1.3139853011074,-1.6701516061741186,1.9704708972377194,0.15662434689105575,0.6976707015428203,-0.3070240134941109,-0.4759097975531993,1.8592285543788303,-2.8718711967141437,0
5.897422078537627,-0.80229153639394,4.847679445258686,2.4588188971225815,-1.0579199887887019,5.347726068653231,0.17050979695565074,0.3777968259763155,-0.6658485144468032,1.8290477472800393,-3.147173103190605,-0.2693203499031464,-4.252144465338718,-3.6631409376530204,0.9001877212373337,-0.9073885717637171,-0.9236046588056576,-2.130826841182883,-0.9756218737562673,-2.2058232718626893,0
3.2188101013884434,-0.07018411387968622,1.8677200116545132,0.6611305918653765,-1.9784406820539195,4.773562464890876,4.835133035610558,0.5777062011715937,-0.3326285134597418,4.213388670584234,-3.1370894435407704,0.19327941029449677,-0.5297220478868454,-4.911690466340751,-0.3675932047649219,0.2881387087282502,2.4266888494774275,-1.746787085859895,-2.4083017721615922,2.48415830087962,0
7.7077194288284385,0.6745372334069395,-5.584947938839975,1.4556897642088966,2.49780812169257,1.2519284947509721,-2.84909627619974,-3.1003740380259606,2.085949210784972,0.8583331633092652,-2.5326158206247715,1.415660342250606,2.1183911271323255,-4.104929233622076,1.3434329359584265,-0.14749022215168606,-1.634515844312586,2.111581935616553,-1.8622548984299967,1.972635730489384,0
3.1632952530219596,0.5368628736171863,-0.8386900104751362,2.575258950417052,-1.7702871853104607,0.9934046222350087,3.6435746968304668,0.11524279678800553,-0.11966417555926188,0.11392171717330568,-3.1452663003726027,0.43868148031687076,1.199529702792875,1.008403658978372,0.7729433043034076,-1.8457370906668351,0.8664732509212678,1.4313323580577189,-1.013859902304318,-0.16887695895422317,1
3.800844684202225,1.1649651524339888,-3.754048963539182,-3.608932618919028,-1.4334210014659425,0.8734486191499007,0.35620791566428617,-4.4133654988681705,-1.4092419947251698,-1.144070956043496,2.764571936474168,-1.187441424586226,1.9271706302939475,3.4897996080814813,-1.233582149787414,0.6192704497323411,6.015798882285657,1.8764701277481723,0.9444407828178196,2.091398609669483,0
-0.70869452688371,-0.9671599384509153,-0.8400709070200116,-0.7282110110646598,0.8929415399764855,0.5058364628661483,0.20886183769381314,-0.27112818050518583,0.6522072398416571,0.8224330996197633,-2.7019336823359428,0.558713067568112,1.1594106695684039,-2.613311742881129,0.03151206805641008,1.3822598603093583,-4.615465083082439,-0.0027077708216656227,-2.5432045098314884,1.0508535491712665,0
6.611426399489433,0.913537922066198,-1.033445652992499,0.9121612645458821,0.7284361083041695,2.4795450808975548,1.9424478298755798,0.22641467768014034,-0.11462829126362478,0.9040057861530127,-4.16464874796269,-0.15402182820443952,1.8948740361394671,-3.453972931935843,0.4077834366642255,-2.546309882537045,-2.0404697909590706,-0.9079696779313005,-0.7055143411491094,2.8650569748548165,0
10.83078035076776,-1.6863642763594873,4.578020184455737,2.9739217605909714,-3.058393247178926,2.083673287803236,5.108971356032918,2.1944260554769714,0.7077991903196994,1.9902504774101129,-6.305839451747145,-1.3976556478861593,-1.2469517001621584,-3.3897371644265424,2.4688003690228855,-1.3721987116488843,-1.8520464169416675,-2.5143201557032167,-1.9172344881985943,-1.0323574089667578,0
7.68642677350212,-0.842560064022927,-1.315435331694367,0.3012796994129969,3.01071260555448,1.7421767125671679,0.26783272256254975,-0.638323860596417,0.5809662008622465,-0.35471660953641004,-0.3983407624425539,1.5031030549115156,1.350750098812572,-1.810571086785222,1.048334971318376,-3.807694690170323,-0.023462870807022917,-0.26979071108087804,0.534052899249043,3.545666920039602,0
3.20184644572537,1.2468583504072408,-1.3130625624671095,-0.0941012515966273,0.6750539210732465,0.9807427426474462,3.9755062657970917,-4.213972107186672,-0.7547008645698747,-0.15393539921111987,-7.622823844261779,0.031991697676468846,1.7255729065240746,-2.2791320556701082,0.23232942410323099,-3.11847692624833,-5.121648616077826,1.4329129748494074,-4.690001282556653,2.855327043924548,0
3.3159267790111886,0.31227723321540624,-3.2936370613297834,1.7485075682343982,3.4932866509589138,2.5981072938497625,-2.8116576946193703,-1.491156114188335,-0.24819433119501794,-0.4411793024799491,-1.2758735130726435,0.18251288046081793,1.6468796769284713,-3.486954671598807,-0.5428145595487566,0.967012368730641,-4.760480791155997,0.5994704236603213,-1.6137019547099398,-1.286267189276615,0
7.263515553573317,-1.9174162939128037,6.8877077071057675,-1.2750882591044999,-3.090232363595633,1.5590301572893495,8.7491890198251,2.384344772277071,-0.5542209570822966,1.3575254677288575,-3.8807162270723556,0.006882680876983698,0.1964171260851113,-1.0220675488733024,-0.7506758416200939,-1.7392863678936266,0.4075243625635525,-1.7715941988765374,-4.30579731844774,5.959661697623287,0
3.044839790619373,0.19508588266033472,2.2373551984901128,-1.5056840327250853,-0.24764273128213432,0.9957714564091857,-7.0707783454733315,2.7512842836768936,-1.908671096938849,-0.1260861618768272,5.291873507233154,0.9902587222182052,-4.3963461620409126,2.292106271500376,-1.1789608833291298,3.6483110517772,-0.7200154400076643,-1.5872464638357813,4.420263777438998,-5.520443586825615,0
8.253421118506944,2.0573365864190616,-6.799974308143981,-3.3191234377937495,0.8198251091440235,2.4290903720220394,-2.9755511910761507,-6.511575036401389,0.33627800556722837,-2.1779344823450257,-1.0280553352022979,-0.5271417523946398,3.8991018308217473,0.987670510510233,0.5105441376596073,2.263811707132971,-1.6323649113553311,4.0709049968742725,-2.951239003402664,2.781373777883273,0
9.389832895035877,-0.5542823443475858,6.172283768125778,3.5209481735264543,-5.329116616623546,1.4972042624967556,5.390640830838009,2.165960650347835,0.5564957479950653,0.32113429250477443,-1.473136821612843,-1.1361539618759298,-1.6796600216075022,-0.7259460962691758,1.2332223855590587,3.1005386297434807,2.159683467901433,-4.040322690298826,-0.29541732967446777,-7.751886357456395,0
7.747038134002897,0.22039362020203335,2.5430806072956056,1.8264578852449023,-3.7565992657077287,3.194740034065405,1.3868039291579508,2.330736772840045,1.6788684448033755,0.04140012140054128,-3.1380391509267476,-0.191172504978306,-2.0035055964437674,3.6114359762592056,-0.9405514567179213,-1.787065261639945,-0.1415237237644097,1.7278596655804033,-0.10325280810753534,-0.6573108466030965,0
4.090889737929454,0.15549070893885117,-2.049609333999566,0.02527654920459399,0.5673151157003986,1.5157331110881667,0.28121571581571064,-1.2852337738467847,1.3709719638993123,0.9320074992476209,-3.7487943114215247,0.9517982113636219,0.630451536084826,-0.5022123740549115,0.884478555013053,-2.1404222617778084,-1.9989469990040152,3.203762221504163,-2.958418184117628,4.62533284171522,0
6.046988013755815,-0.1911108412253994,-2.1801141570965243,-1.5543439065231408,-2.5330392469522587,-1.2744348762504727,-0.7042913722604943,4.407960788205571,1.2520260704279071,4.821772276484106,-3.5560597070750397,-0.9304263486627423,0.36662615855548786,-2.1385417828319855,-0.15153922577666476,2.6092861042861264,-3.074850167568978,0.20944501822504802,0.1677882573312064,2.608466880931625,1
3.739148387989065,0.17431026168447536,-1.5379394843355825,-3.2478767654976406,0.1880873349681259,4.856527629243171,-0.837912852396939,-1.444070159966306,0.16479030031558323,0.019096656360428566,-1.6326117789451953,-1.066010899563593,0.6703230653784973,0.9185298825227513,-0.005606592316313193,-0.9714224588330738,-1.8152774758505235,1.7441293438380128,-1.05233030577024,4.5366055605335385,0
6.372276329180141,-0.825730455274944,5.820153015952753,-1.2261318121367712,-1.9201559638812338,4.369325899552078,-1.0943170625158452,3.0032093518892053,0.20794597854877372,1.2845964714121998,-2.127176323257952,0.3725208916829938,-3.531913465847924,-1.1933335514880363,-0.876146494182765,0.8249572142954866,-3.4469674499339336,-1.8510565848827196,-0.8845421822608414,0.7741425502961415,0
3.5920221915650443,-0.42773109732873327,-2.1572463952256804,0.6625002020336568,1.024041088542187,1.4007473657610168,1.8746119116039455,0.4147178462276857,0.6920264106526336,1.2633676694257778,-0.7854998395316953,0.7553554716000486,1.8523503655319407,-2.4943411338768673,-0.213401798272051,-0.8053358469285334,0.239231406527582,-1.4347598952014244,1.0576450002115831,0.1592002628724748,0
7.843352740236577,0.2552086083518452,-1.4104163692901077,0.40779279966447646,-0.8370683337909165,1.3386845767422213,5.368549411297084,-1.4861168443080688,0.46721774150259104,2.4608052516863483,-2.8662428668139577,-0.4656299448302019,2.9307282163251065,-5.084195676148697,-0.13737562122192204,0.6302616811614208,2.2912564992686484,-1.6394053734669622,-2.4251255614312646,2.3861110406483528,0
8.080310316851241,-1.000382177341859,2.1044757845010182,0.8889053565132052,-0.7969461611832908,2.2919899212316706,1.9957202355873451,0.8859083426047949,0.6757574965974728,1.9622487750630841,-4.394768807941814,-0.16302624050005005,-0.9074868066497116,-3.277615176778358,-0.2999217222708173,-0.982839328046608,-2.4357352777077836,-1.0244035931434066,-1.9767849114076048,1.3804028792352798,0
0.993408803307072,-0.11863942599788692,0.017919256053113407,-0.5430121034715787,0.4599102291742485,1.8093514140167737,1.1990813888481882,1.0289155926821683,1.0279969886366236,0.8790504880723836,-3.4873931965864964,1.2214732419139078,0.22950231545486866,-0.8091990230996877,-0.4011071392586016,-0.3125945243752386,-5.517880551642892,0.08012050848968855,-1.490704928458275,0.37616467554155375,0
8.212306915288538,0.9817269678473847,-2.849545510066668,-0.5753894468257392,-1.0775878333370899,1.0268691102703387,-1.8290349116532225,-2.0411344170211443,-0.42915206248319326,0.17192052797691637,-3.287957676465722,-0.19275852625516726,-0.04176409767853029,0.8684351480845882,0.3384619542872146,0.8573116814836219,-3.188397904239713,2.2696409947374265,-0.9943624900518423,-1.0760974581781666,0
6.049607518175328,-2.544621803096017,3.0507472976419283,1.490636343359447,-2.174135673599036,-1.0028093951919848,1.527592137393135,0.9999562030453132,-1.424021214787716,1.0180842860341033,-1.3059449711316646,-0.36469048664673487,-1.8584596800545148,-1.0305304206220363,-1.5296428969611402,0.3428843123532348,1.0869841635599875,-1.4808329271608835,-0.1574407787712946,-1.9663101145572512,0
6.214080265512713,0.024878717377208037,-3.50107281613002,-1.0638220588978966,2.044873728551188,0.8787725199065872,-2.6577882177008734,-0.6568832663573276,-0.5186433344842423,1.3510914037652098,1.4990172237690744,-1.2086731777364836,1.4008887495401459,-2.7916465791173044,-0.04391751185619247,0.9371134748471339,0.9242414745653236,0.14477656302328135,0.5158671064435869,2.689370605839645,0
3.9318645663287533,1.6917444659705325,-0.047008873022606645,-0.696955614536767,-0.05569138613408153,1.5639229818844227,-2.5886006813258056,2.401013119601843,0.6015468999281646,0.7840156821198403,1.0741601126777462,-1.125273346423954,-0.8818154665455732,-0.3080556906027438,-0.1379925027520711,1.311281350898057,-1.4644752456421433,-1.7245870817842341,2.887211999916085,-2.091474372416513,0
0.1764825901946261,-0.6086317127486628,2.9385997547816882,-1.3986949773944917,1.9766405165679448,0.3778763444371961,-3.131817415483105,2.7650900316134206,-0.42595899231242323,-1.6357798114276165,2.8347593811791394,-0.29610616308611726,-0.6082873765876764,0.5521495535087343,-0.37836020023841765,1.8289825769101609,-4.117390864246163,-0.9840778607110676,-0.12390892150787602,0.10033813693555324,0
7.634923059570476,-0.9458829794622184,-0.5351471128265796,-0.5106973444661553,2.666684920757881,1.6820687900631572,0.38093171961915556,-1.6583837526247365,0.9909464443147331,2.4610863365529245,0.5035744012467744,-0.014094747773926627,0.335759712612284,-6.937346526447345,1.904482497547448,1.0830945081065324,0.6901922754785279,-3.279179765478681,-0.5456644621048383,0.8325596431140893,0
6.931370285001066,1.2481477559046172,-0.50242264931376,-1.3381792385477351,0.9625281369318601,3.6885300230943443,0.43264198091269185,0.865003392668596,-0.7948218943543952,1.649313382966501,-2.8912158460886896,-0.16629847211996254,0.5798842026580213,-2.13963950350534,-1.1496805511049546,-2.3376723063667635,-2.233577180702142,0.2027226684888217,-0.8843834130087417,5.402062230214121,0
6.330917181073627,-0.49420309212607777,2.252645682315667,1.8785185644589437,-3.524897849327013,1.636230650490468,5.168945142932445,2.9912050690226986,0.5445047947986142,1.5874835385136845,-5.880281855963743,0.0860860820516856,0.6976642345796926,-1.3332166153649538,-0.045891306198795376,-1.0326041365548073,-1.9327518213954376,-1.4890593097214864,-1.0274554717125266,-0.021831461095673174,0
7.281998156303285,-0.19400267040606423,6.78604124360501,0.8606918488326484,-2.7762644386878264,0.8719387725033809,3.687808963971453,0.24446867676308748,-0.4847700429946724,1.270712857346833,-0.8215122662213423,0.04759154975655374,-2.9272487264309914,-2.361118688050361,0.8364993932519331,2.2588400189022613,1.6472519072011877,-2.451550879234053,-3.2079920649656417,-1.7005012744600119,0
5.5818633653998155,-0.04957060423872824,2.8705305760388264,-2.175344930694748,-2.069662265126362,2.486415220164488,4.854321185348551,1.7522173611031961,-0.6004648763071931,0.7723107508749483,-3.6369788678989203,1.2868146540032013,0.5562050822768934,0.36759723754011947,0.5149136519917614,-0.5991499997077065,-2.994586661557258,-1.1473825423049426,-1.7480699069801202,2.4377813102071424,0
0.9783787126077983,0.0353257407104659,1.74308389126249,-0.5857506376724302,1.470490054818634,4.668064408099489,-5.001835833506727,0.7565266863118152,-1.3761090844685602,0.06690046455506216,1.9526047459579854,-0.06664488290671214,-3.5748051586887177,0.22364065274283987,-1.7111602171101212,0.4650626830477782,-2.0940536854967506,-0.24240702102452594,1.3892754509104903,-1.7228988100093254,0
6.04484678044749,-0.10207899738488524,-1.3281820782622602,0.23806755060796814,0.3972650843516293,3.4790515560799116,1.6168347432153016,-3.0802732362909486,0.422030854828933,1.6268815976867086,-5.786117776968674,1.2091918105913129,1.4975198945444048,-5.999236890068362,-0.14406347334462383,1.990050175167731,-4.949767832311709,-0.4980640237641183,-4.826848322904243,0.35354651812914656,0
7.59154327306287,0.5789235161144306,-3.287946336028078,-2.270450800641556,0.20110230002455198,2.6245874763292294,0.8793820316218608,-3.9734722334089754,0.9229936975329114,-0.17327232500404643,-1.3381833733104997,0.013803444034454397,2.3374189646570542,-0.7573364003087432,-0.011234800994153627,0.5606421925086262,0.17275353789283554,1.112557924574913,-1.8084365117758923,2.357068946337297,0
0.22971431145388266,-0.031293477313747556,2.684376728912816,-0.37619140638019255,-0.7907434866876966,4.885020329522509,0.2944930937690275,2.012731175315334,-0.8607021937964117,-0.6977010185346852,0.6686770006882641,0.954081161467631,-1.921244959589846,4.06619835677279,1.1787874573501917,-2.201387644252935,0.2643201028636719,1.476705413015651,0.40786701410926884,1.4849479656439792,0
7.47429897998828,-1.1480916218692645,6.361454595766469,-1.7366948865613216,-3.499758509852141,2.628080574277053,2.5439340446848657,3.023913215818881,0.43403906613179616,1.580841991555512,-0.9425213743251858,-0.86618293339097,-2.499723328242747,0.010967473420339581,0.3492416279608527,2.401641536204982,-0.6978891694920363,-1.7453129513379468,-2.065594912961327,0.8271282501410878,0
4.3848843280337375,1.4560008387484884,-3.299784759677735,-1.834754877152804,1.728180212806735,4.064762393640377,-4.448365200699543,-0.6796144924286323,0.932738175502764,1.166893903963827,0.4979262177043576,0.18451530693832469,0.772636461718375,-2.346183405754179,-0.8380765226898677,1.7253934848991757,-1.4927689329774105,0.9668732962169242,-0.2793804983155287,2.902998615729361,0
8.050379208851284,-0.9355375215435904,3.0562041452650495,3.6711967515032864,-2.104365915102525,1.2100119661888193,5.7501599503864504,-0.41923121420466214,-1.9016186044232548,1.6765344543355911,-5.343063074866681,0.06498039521472108,-0.35868773297482226,-4.424740323970909,-1.231932146991019,-1.3766052917983673,0.6525911962254951,-2.143487409218529,-2.6670418863082896,-1.1438325281545567,0
7.353993941215677,-0.032006051142957015,2.2787548252641203,1.4600067983896607,0.6411386517068001,2.6397129313101253,-0.34134095227586486,-1.279308120408853,0.8153997224561826,0.5505282449214799,-3.519658723677374,-1.1447605441060749,-1.7382644954229276,-3.3973783608194084,0.12452593799570616,-2.1868707393253,-1.6247464302876204,-0.1497209665810627,-2.4078654967583493,1.9654350119357864,0
3.715280225062343,0.8714702543174344,1.8642072678487054,1.2984399536429545,0.32837358240302006,1.1090036355348605,-0.22173842870474597,-0.5881136462823899,1.5229531053201422,1.7679708028047472,-3.6197161490716043,1.1814799317131566,-2.143862732226446,-3.933212037638225,2.4589776209465795,-2.223227167922167,-1.1167300112495941,-0.7387583853136398,-1.3390691143208926,1.7037117795502834,0
9.632158247837953,0.814408144651488,0.5548279483466676,-0.37109170762605204,-0.7948368376080355,1.5581286458797203,0.30581230031731577,-1.4783981741497,-1.845706787307144,-1.022519132413028,-2.6298982082108173,0.4797360728976064,0.8750316010269008,-1.142839994465055,0.15250790405823947,2.337042245513843,-3.925180149623926,-0.4219533072849708,-2.5232576824939486,-1.7103238670174266,0
2.999066287613986,0.6903973648679672,-7.475255922254476,-1.854307724507505,1.8842334938494802,2.0954579510667863,-3.907590318004509,-2.495423456892803,-0.145271440488266,2.596175341403566,-1.2233673841386563,-1.2994908328821535,1.6089990567313333,-2.8143786503576442,-0.5274725328481326,1.594941661639964,-1.8816299506999423,1.8739093387890606,0.30211547847402564,1.5829098392457455,0
3.8134258697350174,2.331718939286169,-2.783019168737412,0.19433423497054947,1.029145697059359,2.6572614123047913,-3.034048462255253,-2.2451105809300076,-0.28548396739739046,1.0465826398464624,-1.2111119423536985,-0.433654524675389,-0.32787505309597,-1.7973224073324332,-0.9007236928874252,1.1204443726820954,-1.3791493909272996,2.258950069400969,-1.9612294623944946,0.8495309364557202,0
6.7687157996886,0.049686155219919,2.911777483558992,0.8867280622951853,-1.5804191503792282,3.414045182189497,2.011653829410706,2.027339627683168,1.864764345450954,1.4948261384588957,-3.798265190969924,-0.9589481981811669,-1.1186953055877427,-2.028786208563019,0.15838451798970454,-0.6387658261715885,-2.398323268152854,-1.5131434087742393,-0.9686152032138516,0.14829904063485536,0
7.758025359583793,0.7941048359676612,3.3160651214609618,0.5983462900868455,-1.2040135346542038,3.6492419647675427,4.558645807590814,1.9233711971017708,-0.07149675029509418,1.4229331281995887,-3.4282737091842264,1.2192997912683239,-0.003673290501265414,-2.358068312061291,0.934332618372185,-1.1047012451798883,-1.4338346432203752,-2.025581685851127,-1.6708681158574716,1.4145357200209758,0
3.72374337676425,0.10588482718879323,-3.2179895183531055,0.8442921907103849,1.9664415081879438,4.825839270122073,-2.2332426086517296,0.7564751319014977,1.017027144770793,0.8871696425044646,1.0193750973827123,0.7743836038382674,1.7600240850804005,-1.9769137234299357,0.745325232711252,0.2394199940842653,0.51002158735747,1.1625513700630714,-0.04481704884690774,2.712250320472802,0
6.696805296586991,-1.6648784900413538,5.984185322590288,0.9877339123099829,-2.0994299813308173,0.9173194685219862,1.5774495387789993,2.8168139759818485,0.33295828568385405,0.20418539554175008,-3.1822569409282875,-0.5327203966773152,-2.895705750694362,0.1001749422889975,0.7476506225970576,-1.9120783760630413,-2.2589402502975373,-1.4101179925217784,-0.6944558181110343,0.1141775359627089,0
4.638315955823671,1.1934328819628532,1.7461689852397122,-2.0615643201378084,-1.27134283144667,2.6693810461332186,2.5405633729111434,1.3131524544975093,0.9543100778312762,-0.7447643901380376,-1.9962040909725947,-0.2195949880067947,1.2249165971132674,1.9491378611728296,2.1055061866605587,1.9845643301594875,-4.895150904341984,0.7777339483894461,-3.2056293905786615,1.0290340705870908,1
6.852132793243498,-0.62498333991567,0.7344230777135878,0.7587806201604135,-2.3465502621390284,1.1773365952040393,2.9092355421139655,-0.32196756693453266,0.5964750416123576,2.5790973957416794,-4.667114397808781,-0.8119545275718119,-0.8779913057083302,-1.8313175612616224,0.06467319943740159,-0.14680653688171263,-0.5680382866018139,0.7240389069373865,-2.791160979617629,1.1813838762851547,0
10.054173497928264,-0.5692977103521331,-5.7430775679402934,-2.85943315656443,3.4711535602098587,1.1037105360537285,-9.899419031754432,-2.0576995561594993,0.9759516597075604,-0.41595698930548974,7.6875286421607525,-1.5801065648155916,1.4268987516867069,-1.7691268203808017,0.6738454728349837,4.739555266642233,3.292518698835597,0.9233000186366276,2.35406481569085,1.9266846766936372,0
4.422924269169636,1.0118540475476043,-2.2134741532233297,-0.5011825875703185,-0.8348133696522742,0.20766245553298912,2.9537085706534074,1.3492233719102007,-0.914117448660058,4.941497510711877,-5.708883148447434,-0.5192970027086585,1.2586068452735968,-5.133640451898653,0.2630105568340775,0.0923980705187808,-2.595237346177254,-0.39833997348750994,-2.03491513638398,3.9281747383700187,0
3.5365407337953876,0.32040088050920046,-2.4715625317130896,1.9604752208355323,2.498960883553961,3.677199298489547,0.33490407830950486,-2.3272328081203,0.1333612250020474,-0.20008907576607293,-1.9496554095595655,0.06100803046417455,2.0282542287487106,-2.658001434357875,-1.2271032380146287,-1.8841365559454113,-0.4763444886269822,2.1839660281394604,-3.2244265627278543,3.5842555720303717,0
5.164342659168658,-0.7551580617892224,5.754144728501347,0.42987770650315016,-3.470316770859097,1.3757018788734006,7.523258072986798,2.4948786000651832,-0.21793023045818832,-0.1328649614491999,-2.3954705929874853,0.5991624950096945,0.00929512185299397,2.049620868563729,0.742504888261391,-1.9430818759564716,1.5726621347531502,-0.5103266739684008,-2.596602404130871,2.735370107151074,0
3.7711255648802986,-1.5706629741271934,2.0651790806798576,1.6835064936097692,-0.8137799104884424,4.389873778340313,-0.9778419475437395,1.0584050735841994,0.37527220525965455,0.10673182726865282,-1.7407652897027572,0.031260015439146784,-2.193208539262328,0.04285244879388628,0.4555228960444852,-1.4879718396923483,-0.9468360766594085,-0.17909511845580872,0.5417185971121616,-1.2184524176781466,0
-0.15270270915577888,0.0527548265426723,-1.0399956150373448,-2.7812752775876586,-1.6555957436292204,3.2603763990792025,-1.743927824109562,0.014252501884845836,-0.5493711814986264,-0.07816448776629681,-1.2973238599838979,0.24222410926162463,-0.12959051023086388,2.2156720980571736,-0.7636344171222635,1.6091038029318532,-2.9397063672513326,0.9102005779269233,0.3696926632956554,-0.1783841381241718,0
6.147425209447246,0.15453237964803318,0.39638418396880926,2.419760652757144,-1.171586894436539,3.7370633046344666,-0.5574995435326839,1.9017561939253116,-0.8668720853259803,0.43486620064891135,-1.2811739990018718,0.26266375223989874,-1.3220004747716865,0.2188941563979023,1.0244755720116105,-1.2446742529110184,-0.08216370949638585,-1.00961781878773,2.688816705747593,-3.400051983271114,0
9.150790815167458,0.8651894027527974,1.6429173789886469,2.731763714345847,-1.9520908687783822,-0.011879021133353374,5.831439695174405,0.2185646940241457,-1.3379557715171053,2.6465044297630866,-3.9746667812639584,-0.5568962019084405,0.8422272402879827,-5.857009966175415,-0.20625282684330534,0.7199580215875112,1.1459351554257897,-3.766222996507295,-1.4211650285117794,-2.0879998434099107,0
3.048022435736171,-1.822481251713061,-0.6812868075708483,-0.816531551490528,-0.8042767413050069,3.6827892638908546,1.2415831896985385,-2.713979504428807,-0.33884735092063034,-0.7126981140079036,-2.395907996820522,-0.12385213319896256,1.4365994344990671,-0.08182395243000391,0.6251759798959695,-0.799089756576222,0.5006361296151869,1.8144441429685139,-2.9137123143984542,3.811536961045946,0
6.796674960793043,1.4173256051490457,4.113308167201956,3.3747440162969387,-4.985426319693824,2.88850524793696,13.290627789339533,0.4958629742489046,0.1572952420802786,3.937333624722438,-11.065777443521503,0.4093447266400466,2.523642834387328,-7.327204908120555,-0.16689185702617595,-0.826022050194335,-0.6292643116926515,-2.9589944382976787,-6.965100888152952,2.5633312452501347,0
10.210204669666929,1.9004133668484207,-7.433686822544545,-3.5077549687020766,1.7364596450570509,-1.6377327934286203,-3.7063451674432697,-5.098234679706886,-1.2847593120412213,-2.582297616871752,1.1797991184776855,1.3822079846688387,5.765324282185522,-0.3025194277425061,-2.3033676388483277,4.512235178746954,-1.8937648564840686,2.4889949770949302,-2.156948358048675,2.1090367419519778,0
10.492602962148181,0.4799135727509504,-2.211610204521188,-1.9701687440889928,3.143875485912138,2.0064775266394412,-4.253214418374388,-0.7394049451422594,0.7960447220256247,-0.03711196039419584,3.7932567510637423,-0.7678739911085991,0.9221046280366275,-1.7958514434341502,-2.3437057631381877,1.1448496559996766,0.8683693593455841,0.19589456903327485,0.49981817548319163,3.2809159919240907,0
3.672633261832412,1.1117695031226817,2.8694762481337985,-2.498131611842968,-1.1200536910650705,3.090661170886648,-1.2677005338629754,3.3455347676581493,0.7495881752037922,0.16816563469456391,0.7208401382012871,-0.9677873217281779,-1.7811840790645757,2.995909561435227,-2.3910622348482202,1.6046449264779112,-3.333805359363006,0.5641478287830493,-0.26122953155958617,0.8132250876022971,0
5.462981923978187,1.2248459066814277,-4.872923905108247,-1.4251779949870684,4.925632244154657,2.014186202106588,-7.535311133293447,-3.4503475549196887,-0.2364415041238882,-1.455152437209462,2.7641245563465144,-0.9431732426929935,1.2260840334367074,-1.939266975361741,1.4617298046487892,0.13646022640633504,-1.1743440692420712,1.9085652091920295,0.22876997714743208,2.993954250899785,0
3.8498954437752086,-1.8496297614392325,-4.995008349753984,-2.8310918950862556,-0.5006233832504008,-0.023569329991595556,-2.1553104547353694,-0.9516603489890181,0.18622803622513934,2.6424420583993458,-1.7373901416159743,1.3775219061662891,0.593817575393786,-0.21713679263251462,1.5495921927240734,1.5845689736718265,-1.6594767709522817,2.0849972883830388,0.13354436382176527,1.9622635490834377,0
8.528047376506857,-1.7215613931513016,-2.6249905237687825,3.3850253431155086,2.494732607745253,0.8918014479250855,-0.2674247621665456,-0.8598523395812496,-2.304238601805529,1.2415997157103362,-1.628293090809018,-0.5466339720722994,0.9602128358792221,-6.172297755937436,-0.7709837682771239,-1.3609232699130533,-0.38114458773933324,-3.495007549860381,2.5176295789704617,-3.681008230058236,0
2.6258791270798594,-0.6739703833394207,-0.6792329399640596,-1.9929387688461997,-0.5938732415812149,4.291465559225878,-0.3766365731379254,3.0121216168186535,-0.7624556047749277,3.742302957338789,-2.7299953835022954,-0.08989337284142092,-0.5737015808474368,-2.139131873473517,-1.9860037177350993,1.5220678801539342,-4.262922220720391,-0.43467112594711854,-0.2605354600556319,1.8481298446408774,0
5.857333285039131,-0.37079866319602667,2.4948614124526673,4.687425510236372,-3.2229675182768314,1.516754976284116,6.991120530663244,0.8361487814385711,2.1189512919942044,0.578540217877479,-6.608536844572208,0.6810203328315904,0.9985163372996655,-2.413991322626034,0.9591617551359302,-2.7671686562048743,0.35603566358683914,-1.7418392740310695,-1.6419301216366367,-1.5091773481073756,0
2.090417298571244,0.8859601062069574,1.565662671066818,3.11275974412208,1.6812524058640372,3.2782712853415434,-0.12392514569843362,1.5171922303426317,-0.7933398275830253,2.474368440670011,-2.70081148478468,0.587602760352531,-2.27057944414722,-3.4112376019094905,-0.09898419726610792,-2.3013227545067627,-1.9212044368413168,0.9862590726555834,-2.4075160038353527,2.06594089230982,0
4.556416302136089,-0.5037145221290408,-0.899714375026149,-2.1088619442507754,2.990293223312721,2.0083644842822,-5.934581558679552,0.3509543880717858,0.009260304124693428,-0.8415442333518748,5.811525840674705,0.13954551897884357,0.11860928817469041,-0.6533244412696786,0.29690522109515244,3.147320009493687,0.16995377857940985,-0.12378115769364872,0.9033816166661675,1.1537542685033428,0
5.423945030119729,1.194759977080869,1.2545554808049613,1.3842643881392427,0.929944861047878,0.5750406649723809,1.6061026200133615,-1.589509849380856,-0.8560390576412638,0.8500245542251061,-1.8799705862932847,-2.691718819602988,-0.7509762702310375,-3.1013094085734223,0.6966391962538814,-1.6651276361084388,0.4132129527606383,-0.41591288827928685,-2.0602678856723227,1.2883289838714798,0
10.151482877707194,-2.456038569843078,2.043931639286614,2.9250963808860995,-0.5678657095957995,3.3358170034935597,4.799078591166264,-1.0981754742116192,0.34361311418393664,2.4757315719968025,-4.667276015126181,0.011563195136639878,0.032599923585909574,-6.961966450276597,0.6332966661071142,0.19602453372070028,-0.4497130548866767,-3.1666377277780255,-2.9491396005759674,-1.462843715952801,0
6.851272068304174,0.4335936308961693,-5.760401508638492,-1.5411296502807459,2.0757032454363085,0.8264570397873463,-5.269557523839905,-5.581091120734609,-1.271017262731943,-1.2983906499511026,0.3781355222172734,1.2036215536069355,0.9611614463550872,-0.23541279984273608,0.6212541667619642,0.9129367822243523,-0.806446683272482,2.349237504694123,0.10112363970520599,-0.44797674182384484,0
6.941092633744732,-0.7991152669877752,-5.6337499652404,-3.974158540283506,0.42630981657904066,1.4171676475314587,-6.064371647248168,-1.167574140043114,0.05280831865335904,1.2600751436560278,2.400198785016586,2.474369529495705,1.372030783991387,-0.0534392202633604,0.3598158022500024,4.34000909837625,-0.13603351867813074,2.223874459424836,0.5669791612091608,2.594500291045783,0
4.352301444259761,1.6004235266211448,3.2009233235213914,-2.37424208729542,-0.16333909113456035,1.0407409359717636,-0.9332516634384175,2.193020526438878,0.1557610963376069,1.0273051828201694,0.7862855090397599,-1.4336561780681436,-1.9968971878539021,-0.010902727477151998,1.0171928230745988,0.9343764548434821,-1.7245914289496538,-0.8457400022698454,-0.3615041748465193,1.9223194058802147,0
2.8176018328227377,1.4864828648792534,-1.6629328965346504,-1.1825771165196768,0.08250890759562046,4.072925431357206,-0.3455945653096914,0.42075319934453703,-1.9149510219545134,1.7032733710535475,-1.2436354746860434,1.1908810874692863,0.5642406451437194,-0.9062687674854828,-0.36274745881234716,-1.4038543364474463,0.6289326953279231,1.1188854986656156,-0.187084118547436,4.837210854692594,0
8.345719802773491,-2.607941677793107,-4.522707041600358,-2.5567225154367668,1.0877757057267445,3.089322282594535,-3.914083526147022,1.805367725030322,-0.41100429950934636,5.281933315852283,0.9006484555297556,-0.5937636110679878,-0.005757870212219629,-4.225916312980513,-0.30153795972675934,0.72204620086279,2.0966651854870357,0.07005662790469103,2.2219678277976125,5.889479166061556,0
3.7693755561016467,-1.2325845997953266,-3.965075429705977,-1.5118878122846562,-0.3421504653616261,2.202398534930483,-1.4305379686356101,-1.8928932864559116,0.46385683413237044,1.5256915331206349,-1.4846043627660626,-1.230508618755401,0.3315915137115286,0.16285250481555005,-0.7215860380461684,1.189792546194478,-1.0213083210825271,2.2382965158323027,-0.6346112336296403,0.6602591366161418,0
4.387755135010065,-0.05941664053733927,1.5030498977617408,1.6471163868065628,0.45545488898516173,4.327795215215988,4.026572915490166,-0.8596933987829611,-0.9989229641400337,0.8724576848849755,-3.1416670501817228,-0.5506041289435379,0.5746715926424244,-3.705063473226971,0.04076801910017952,-0.9432156012470327,-1.1247051081256003,-1.4005660487986487,-2.717772968820123,0.32645389034737293,0
10.671036736119321,1.4615761515662853,3.8871695934575925,0.08934410062722742,-3.9786036273605903,1.637468352533305,1.091497822809631,5.5877418527732665,0.1369110792609441,1.388056330099981,-2.8403484659906115,-1.7902793778223574,-2.887029232892233,3.7227554435478423,-0.41912098863821073,-1.5517990234341514,-2.0433365918458053,0.14972968183925284,1.6844382175099488,-0.12733215989222288,0
5.876141884512641,-0.23831361732619397,1.200229474821021,2.279447082773395,0.022991893922925,1.3183809092746301,1.6859866325795305,1.16453371689829,-0.0857574133972387,2.448088048777871,-3.1391634151354997,-1.1727614903672463,-0.6748365863281527,-4.020089539178483,-0.02565865388591194,-0.4220145175198,-1.2453910146520515,-0.6036140141790878,-2.1310322256313032,0.8484576629943588,0
3.3233616239433035,-0.4494361205352941,-3.1567143631964556,2.3531459696845616,0.054010085854824474,0.8212489912798656,-0.9393043587776952,0.3308173803016554,-1.8826984008911147,0.5818876296647087,-2.822516293864998,-0.023080157269282853,0.7329941910051807,-0.8151018582074693,0.47038086313970184,-1.2507728606954376,-1.7571885249614252,0.5348629743453523,1.426190645517298,-1.9662438512749765,0
5.8459480718266015,-0.7159253972152311,-2.99490911592434,-1.6337874912380035,0.09729960755604106,2.8804629619054447,1.0485287766118363,-0.0049074537929002515,-0.33032803376279146,1.5495908985707618,-0.07025448585747643,0.14061711155393694,2.9449227947088983,-2.1474475743356627,-0.1860095548519787,1.1853394316816508,1.2606028552796573,-0.15733801276221882,-0.42464084579017514,3.673130378939731,0
8.567903993065027,-0.4195430243452593,5.6721296037529685,1.2292572370251849,-3.5819938078792175,2.659778166255548,4.039982653563184,-1.28049603806949,-0.2744743323762989,1.5344050736242347,-6.561880771821558,-0.0060517797266519905,-3.9216920021255,-0.7663716676762345,-0.13553205862244644,-2.4160326976837823,-0.7967633439352219,0.7365515859007186,-4.425869521225845,1.3315362329042693,0
3.9497613142272474,1.0556222224279104,-9.44805232896147,-0.35025043080447726,0.4080429969618231,-0.5860230902655834,-3.5586275780525014,-3.835180734456265,0.8908523669585725,2.8072482244287054,-3.7133546950706067,-0.9473153420602195,1.489035631390381,-1.8578405984124937,0.7617377835005741,1.5878850569422636,-2.3658414903456135,3.349805048151144,0.10399267238978815,-1.1176153296315354,0
0.39338684847549255,-1.9528082577365724,-2.099206208416477,0.1199680515471857,1.3566546565573345,1.5349790145133908,0.8929345536476224,-0.11920847268063228,-0.1700312434759028,2.947325286871938,-5.813581853576439,1.9482668811141963,0.5908880435237042,-3.638273326043841,-0.6593472115722969,-1.5569116843532824,-5.15484632439314,2.0498341604526265,-3.794273999181649,4.733432727665159,0
5.568968156016709,-0.15547391172446207,-2.9676887053528564,0.6816621951847355,1.023737609455568,1.1078535615952758,0.1608758869479313,-0.3213467000555499,0.615695446206204,0.924571405482369,-2.2319109829888113,0.5547317979244284,0.7636704145089825,-0.06575186404467881,-0.418790504780139,-4.089892784173762,0.48871098371178223,1.9379338058185978,0.6051490121591256,3.7611777906722677,0
4.248781592297922,1.6979840339406338,-4.63230712984121,-1.7472999601914774,1.8648019046401676,-0.04742754403318106,0.12774358364606223,-3.009960731695306,1.196083851117934,-1.003635482567426,-1.7287423838860705,-1.2816258715243647,4.170693791995763,-1.2979910295445305,-0.09013672311650034,0.6218487445931595,-2.9054276972056,1.3768395375630043,-2.1898534642179914,2.7648400621702125,0
8.90817201047453,0.5350077691455933,-10.858242827329471,2.292292762905121,4.85724017356625,4.519269567072756,-6.0086143718599905,-2.0922809663911157,-0.5777195840522362,1.7546901195215074,-1.1761717974173176,0.2698691225122907,4.285160196445649,-5.094161435844138,-0.7365167896938682,1.0671507083194678,-2.7275529413497845,3.7711449960571684,-0.945100845175093,2.398466528237944,0
7.4350148957140325,0.6262660848331248,2.084817350532946,2.5336876689718304,-0.5663751512234364,-0.4730640950082503,-3.107900722570619,0.0029216848330085865,-1.2321119295082725,0.40365701613365035,-0.30649653373506625,-0.3987716213015606,-4.152948043760799,-0.3003240141028266,-0.17509671697194848,-0.23267349017212735,-0.08162515619992261,-0.3199156776669466,1.2451791834984625,-4.561582681973236,0
7.746063278209456,1.1671916558649074,-0.1302296152611623,-0.32506451532050307,1.5188368976114175,0.8998161461350023,-1.9112820022121124,-2.414243121767148,0.7207288059909106,-2.3543378126063645,3.485868821435711,1.6077057541092086,1.6500206395850479,-1.1775327102924675,0.670610036584476,2.433388796457301,1.9172077510838808,-0.37802508618426955,-1.278597089026315,0.22714734876269407,0
8.971897232421716,1.7308714813394097,2.4659537800659095,1.1876079915241378,-1.635240404594008,1.8216730953531721,3.2115729265380972,1.3425187149765296,0.17076312337089536,0.9284943432733024,-3.0044121377987354,-0.05126184030587473,0.011833151706103218,-2.064581542592417,0.527705871139319,0.15712879428250992,-1.2679789559535721,-1.8560031725956545,-1.2123365961071797,-0.7584263266438215,0
5.480578250608046,-0.08198736996602247,3.2473076780421466,-1.6904226467296297,-0.34921125597695457,2.222005288094003,-3.1408221251505566,2.378341680077142,0.47383189302700623,-0.553284902992133,2.5170764877751446,-0.08710662089868751,-2.6392011995761226,2.0340657252952905,-0.0523177119128465,1.261494222939695,-1.2961077790266513,-0.779597695057604,1.5085027039401715,-0.9262997222012639,0
7.3809547314239925,0.431918493599985,-0.26687469880247355,-2.3095063100933904,1.9390953429749591,0.7374521837852351,0.756359657097843,0.2547707271711448,-0.021948560907730362,-2.3915406712225495,1.4770293108338828,1.4186458898285734,3.9033009485803687,-0.600280292875892,1.4989729955045794,2.7596143773274915,-3.956711022637945,-1.48811041394764,-1.4839997990113187,0.7085200718866138,0
6.5099401098137815,0.9083728673706355,0.47013843335986305,0.5619125943444976,0.099996694351969,3.004272099217021,-1.9154875432248832,1.41708929692772,2.0321489361356306,1.262425228623607,-2.323451777797619,0.4902893449913711,-1.9094290588476013,-0.9244632732710812,0.4130759354997612,-2.35860580337517,-1.8038672534418836,-0.0936580230572589,1.2881802718435793,0.9625855521627469,0
5.915255740636114,-0.29470056345142026,0.6167530243780192,-1.159359114217977,-0.41655078339246177,1.907641944216321,1.9672710611843673,1.0692652727219585,-0.1060472938393165,1.4708203475396275,-1.8017920515947414,-0.09762365053190356,1.5082973613355708,-2.405659947896974,-1.2732513906006064,-0.09788951239667165,-0.09032738458179046,-0.17368895721929745,-2.2641942369192307,5.4700299784959,0
6.737783990117412,-0.5368120368655337,-2.2178404984943656,1.5591801807848862,0.5649337091386926,2.2637253309921426,0.5459566615806435,-0.8670384233728188,0.846807344727155,2.479350994953214,-4.7892657451138625,1.16532104740933,1.1412052644433195,-6.155835701808542,0.9532584857472012,-1.0720605364721554,-1.607235968151778,-1.5466248107143337,-0.5728058850047797,1.1626915290062327,0
10.95295269281797,-0.0830254529954448,0.5319226088408426,7.312465021488434,-1.2301048373369101,2.740478355597269,3.1291306542591557,-1.5998227935884493,-0.4031049664904002,2.072714255121669,-6.964530256043436,-0.4729472029744728,-0.91118649062093,-7.601001691831528,-0.7688005679370501,-2.6162895424829506,0.783196222846265,-3.5252442171476592,0.11816871917138716,-5.694504054418102,0
3.5287440944875037,-0.017191313207128505,-10.857266640178542,-1.0043822922967218,4.379749513280094,3.0430233627024847,-6.291815763463733,-1.9841938349582078,-1.0678232668333678,1.688227672883662,-2.509857030473444,-1.053399679941656,4.344280472349519,-3.7902186504902766,1.6853312498835538,2.245077871899687,-6.971171597922267,3.739598409481273,-1.2830831940953102,2.7458726086383565,0
9.332705213172325,-0.14455635389332264,7.229755221640592,2.5350731488205005,-4.61935643378624,2.9943921754317966,4.358277669596153,1.0446143566216406,-1.385140366426447,0.7503147956327281,-4.515497764136271,0.5096053155892714,-2.401218271621085,-2.508884713435216,0.8861280343382851,1.2626967272114769,-0.12679354181726066,-2.64266634492572,-3.268746209534752,-2.462081731890982,0
1.7941698610240309,-0.8302037951624466,-2.43728003015216,-3.9736689010598645,-1.222330366703531,1.0009475627726991,-0.6012367574569196,1.5766432809854343,-0.4129751170276235,1.9080797732069246,-0.43266107519490093,-2.0361388158557143,0.36746740606128225,2.2803367229602842,-0.9740729929116776,-0.04923530327873116,-0.6751157537892043,1.1510638343176611,1.7568125660708045,3.5057690611384102,0
8.356917810094515,3.389108017712865,4.557240890394776,0.05923688025436258,-2.400209592700253,5.315908963367884,-0.3111004780993844,0.2788553354130303,0.35733302677749756,-0.09719306166705621,-0.690615155401554,1.1753686864220438,-2.745673526740945,0.3306625076350273,0.726073014679556,2.1228635201408586,-0.6083573064526089,-0.17770900246350674,-2.2343427728574543,-1.3415686439777073,0
10.807272813891577,-1.881345768839652,4.581930251127955,3.5267873639741887,-2.6591897814079646,1.880149654343518,0.13811683111394035,1.196875634461184,-0.48841308693967017,-0.44826308125796044,-1.2653032955966301,0.8626798709561704,-3.610597090328214,0.5802555825993622,-0.21259989107724778,-0.4624032459114237,0.7614202700402786,-1.494411732125865,1.0163063567986317,-5.560786558620139,0
2.3006629418017237,0.22007820366088413,-1.1773446448757503,0.38461939022467195,-1.6796878892634726,3.9995511911586403,1.9995534169354818,-0.9590801353513109,0.22209279068725327,0.1508865928638582,-3.9601756988580634,0.0509413533398359,0.8695883398875625,0.7480118673354441,0.33030479633760795,0.21230847525954488,-2.5432156236412187,1.5794528499024134,-2.0819230097502492,-0.5900276935328341,0
5.582159181486164,-1.6722744706206305,2.9994220325258865,3.3833410049303354,-0.8610278271642988,-0.12146725489143728,0.8316048399197431,-0.25647967588408327,-0.6425925891216282,0.6444329648881155,-4.540865922798153,-0.7190028955707034,-3.1984005382334413,-0.7722024228881763,-0.6905562019391279,-4.616333550472216,-0.15159172596253634,1.0734596212699437,-1.3685334399087905,0.8850817039725751,0
8.582565822539502,-0.32334308894825636,-0.2127876861912703,-0.29018902580507255,-1.0566644022159375,2.763587338052525,0.3669025039754482,0.5593561862264951,-1.1795727870063755,0.204146704970238,-2.0383438996186496,1.3107174792334808,0.5746127724225447,-0.15202903043578453,-0.5537785800572069,1.1272787029620805,-2.5581669766754125,-0.09761833101022921,-0.6420311823105479,-0.7153359749471753,0
4.006164266925203,1.6873482786145073,-4.473165273079079,-2.555425552927595,1.4348274730844224,0.28197690452761404,-0.1886232727407584,-1.347666901457988,0.860732272542825,-0.8352777351064697,-0.4798217661564211,0.28066924319985803,3.357433320736711,1.069807882809588,1.6533311990932156,-0.951268415047074,-1.5755073715751418,1.3607479358373444,0.4324760592557291,3.241365953202709,0
5.113207430320427,-0.241820491312169,-3.0701354183133818,-4.201566350516147,0.3001255089354383,0.7792449789240177,-0.6727145503765449,-2.688608621894852,-0.16502485290380414,-0.7159141318164612,-0.6352810538904899,-0.2414303843322837,1.5312473976217147,2.612700441326463,0.33424972142565,-0.5507503998974428,-1.2029736580676365,2.7622479468451413,-1.0551064486791848,4.429196697858913,0
2.823459666301162,2.014433343613273,-4.593626780535844,-0.20545241360801503,3.288344320675952,0.6769277796765087,0.3570746016143301,-3.5404323731802294,0.07929259445232362,-1.2780714990778046,-0.5236643616397837,-0.053760628946151245,4.249976778230546,-2.1354908121982374,-1.5137794194478984,-0.520140125126147,-1.0042325496038296,1.6154628094047934,-2.544373799129281,3.347345547308786,0
8.536682031127988,0.3105354530764418,4.4543743926733965,1.023130739606546,-4.6533232848374055,1.9034406396939287,3.6800858245502504,5.879866646900389,-0.6337310343349267,0.9433282590493487,-5.6504426890246355,0.4604799332416199,-0.47969433467066414,0.9293913258428299,-0.12565580775895016,-0.9890254076972022,-3.8850040472420453,-1.9400119097068278,0.4881116224073778,-0.39562546343258315,0
6.460275244985813,-2.1233475727399997,-0.8160509201978197,4.784778394093889,-0.7633751888730206,-0.06285854680761327,-0.6559416271744986,0.2805100778674602,-0.6687929457307449,0.735999726876513,-4.874208953724792,-1.1665531180909736,-1.1344380499748619,-2.417188655776009,-0.9371194897005699,-2.9647377457878052,-1.2937806077488738,-0.7474306407528584,1.7760327672988652,-3.731214145947189,0
5.3017929991194475,0.552661106874165,-2.8262077947969235,-1.5122986715752287,0.593236696892145,0.07923897248479816,-4.426567081647724,1.3727623982401207,0.7212492686902883,1.1670669497335053,0.3701355090402332,-0.469761710444504,-0.6773079616996085,0.44162685237834154,-0.11622063730444532,2.439944623840524,-4.048364566823288,0.43243467941787894,1.9900323872746268,-2.3067804078328,0
8.649423809397417,0.6217886674632814,-2.7894271217054802,-1.5281923613107478,0.4946979025648406,3.1130182984673027,-1.5500439196931546,-4.810500397110014,-1.2777057770310325,-1.4955587770028096,-1.9394416877612632,-0.3437930557071417,1.1535853539823668,0.27877648443592645,-0.320120123545392,0.6559056240841443,-2.0650882523657597,2.4349122334081015,-2.6584356465790453,0.9409617242466783,0
11.67160521903077,0.2734724264893258,-1.887001610636577,-3.313947552156105,3.1783188758816134,1.7741681812366679,-0.9688568827692805,1.5792915384431114,-0.7195481831387601,-0.8928796833551504,4.0321435350909605,0.923814879315271,4.3753841501061,-2.032177486262413,-3.128302206059883,2.42574795882038,-1.2037608692456017,-2.1685263136906867,0.7290647655503679,3.638755004894872,0
8.286304645479825,1.8383842461831705,1.7355001067223148,0.35969326335307794,0.6002884350001523,0.9902787912179731,-0.2125533677658041,-0.16469579943831025,0.21376777884944514,2.1902749474016634,-0.9096131927689779,-0.7161135355388495,-1.2584833969625877,-5.772910467799147,-0.19144945396532237,2.013540606030449,-1.1089119696587653,-3.4024599085862652,-0.6221746524482378,-1.65397525351453,0
6.540275004551251,0.16514344346112464,3.622296539217303,-0.5440993431523666,2.6120884163585774,2.1205733441446544,-3.182544662931942,3.953056986090493,1.1155494484012698,0.6075578682831975,2.1593476117730774,-0.3344646970930682,-1.351766447115827,-2.731054955465657,0.9577373781894426,1.3316216644347014,-3.47473969723195,-1.5219360688143908,-0.876005468590766,2.5305712614161626,0
7.340280526685284,-0.8206181214748243,-5.9753284608157005,2.4475068602411065,4.188590066281667,1.9306927315543128,-8.978932478135013,1.2812268507378297,-0.9378428391590697,1.4849918744017723,2.110407127219329,1.0352967112485307,0.9954022027361928,-4.778050415680356,-0.53247061623838,3.1410406367133348,-2.7296168723474477,1.151419868243958,1.2029808169023442,-0.8491318279408264,0
5.211746556615099,-2.5264743345653806,0.044101541078211653,2.569961760583973,-1.368002244114215,0.007346149722456952,2.928214375831645,0.2178421995983747,-1.1816592303527655,1.2254829162296081,-2.126476641883081,-0.9615731468117881,0.2370613599709177,-2.0395015534674568,0.5082305664389787,-1.1683890831772552,2.1426657472573076,-1.5543258159624518,0.7800481672726058,-1.7759237873218974,0
5.944353270020454,-0.30734593740822747,0.6412254394895526,-0.5667452340583083,0.9909486643978684,2.159004082810615,-0.5108053745532236,-0.7559472438021189,-1.3245099943508345,1.6411270422573474,0.17722348786008812,0.5484246020946543,-1.1295594739505739,-2.9712133937547796,-0.5731569726944973,0.5163180442510329,0.3299945023855546,-0.8453731796641759,-0.9124839771636828,1.1710377754159509,0
4.517207284983886,0.1939055007719436,5.2839369444385165,-0.7670213686692549,-1.3522550285325856,2.309419650527964,5.342256523128542,1.7026921540140094,-2.3293805298422954,2.5033756035913184,-4.935606717387887,-0.13246705803100522,-1.194712265682312,-3.0586538250945967,-0.5283372342612167,-1.140063041870728,-2.886889743306082,-1.1700823360598906,-4.554518085723894,4.582428437940088,0
5.999516218784676,-0.5711204210716516,-0.13240748723556062,3.4942312523668395,-0.8746090019634462,1.6881656491140549,2.3688882355125234,-0.7642117078445423,-0.8031263371173013,0.8426835545727287,-6.341793159565676,1.6518321847663109,-0.20837977352123438,-1.785571299682137,2.664517391374535,-3.778078681009777,-1.5207246584384608,1.3369238178110514,-2.07827715294542,1.0163070545689614,0
7.966337115441441,-0.4722112180142813,0.6789522956348637,0.9078976324392569,0.27373783869195045,-1.1955706681860732,-0.4944060420615255,3.495956683248618,0.08328817232930254,3.392138537846423,-0.9862953149276678,0.4497624454968108,-0.7052534009984237,-4.178697053551149,-0.2262505673960571,1.8151845045007815,-1.9468332198405949,-1.45607763566173,-0.49261982312667907,0.5643605492828533,0
3.274829032618486,0.4001003116718527,4.516533766697568,-2.722315335674819,-0.0022189485055754687,1.7253005404199697,-1.0554958656998188,2.289614275353992,-1.998539087808542,-0.09477507759096393,-0.8429602345264149,0.2065825227647265,-2.1900980642183647,1.330207712105928,0.6706940602388737,-0.8888997021690637,-3.7869648899170656,0.7045628349154938,-2.0356770295545656,4.765594705660617,0
8.03346855582201,0.4671914935835428,1.0191870809046921,-2.719903731169257,-0.2318996692252917,3.2302894187615605,1.5484271254331392,1.024982550718013,-0.35582902863216587,0.07300906953131958,-1.4029993823758646,0.9368139562428034,1.1702543871161013,0.2992379444521277,-1.2951391724289778,-0.6676957792876577,-2.0174783334754265,0.05334405385808627,-1.3750632077976748,4.705402660741222,0
9.618892038563898,0.1487288484802871,4.031035077469757,2.1192667448006954,-4.413660344339926,2.3851646811687788,-1.807272951588695,3.359168903246189,-0.957345786078801,0.46743868378309916,-4.108896843381361,-1.170718420714509,-4.384397762620859,3.018146620380704,0.15322305190243202,-0.7104514572299037,-2.762197898102052,1.1400809173252546,0.5321152400907339,-2.8948953952631116,0
5.852499252601417,-0.9785613515140171,3.557743716601211,-0.09614478228887102,-0.9280547713895554,0.8943222827515753,0.704467391295629,0.9598950952583523,-0.781185060303177,-0.06936788490423451,-0.8158872868001098,1.5502512654663105,-1.3916437084033346,-0.2614871957701487,-0.6942641651312643,0.4800962578306678,-1.2780382180626793,-0.7404757540685634,-1.4637139549809395,0.1045249635246083,0
3.758646177837727,-0.19577977316019124,-0.8698177989334918,1.9462547771865593,1.665172911470917,1.1520670856494921,-0.4668574929103752,-0.6811706724534436,0.12114732566036919,-0.20758137010709854,2.528163344790491,0.5843442173761533,2.0496501196864445,-3.526680353027152,1.0618271014828,1.8306132630016894,3.065172898585536,-0.5032961615996228,-1.4819450261496665,1.0124307111880746,0
3.6231901993084854,2.7580883908922478,2.7512919954041695,-0.12118388940809854,-2.050411420724938,3.1082621636378756,6.366128571348171,2.8220570248020636,0.4297698646400432,2.0440805728543947,-1.7733312478249104,-1.3849360545077893,1.241700583308884,-2.287592944483189,0.4627237550364684,1.0735037213115022,0.10203283314821543,-3.3112656934005718,-0.8175192101993942,0.027133783474725025,0
6.8383772057198415,0.7111410884619526,1.0917311254623705,-0.4200434301232403,-2.1766190329913,3.3332047127557076,4.347147942479321,1.526925274497096,-1.333782844860392,1.7449297960111694,-3.0012846153020725,-0.7061252818401123,0.5005706440954216,0.379994447779504,0.6292986150352952,-0.928798291847762,0.0630584626791868,0.7508028031819576,-1.9914409148142243,3.261456422966131,0
5.807310633249528,-1.6318955414693195,-3.616963921547371,-1.3940171499793166,3.415413857375424,0.8649831194710622,-4.9378821161064135,-2.6493982991223,0.9087119727655747,-2.6383926660041324,1.0962024740132046,-0.6443573594023098,2.285508793222185,-0.022433001132398288,-2.760514845654722,1.6659126213356572,-4.304830802245041,2.256415606924543,-1.7182273026862414,1.1940592379692363,0
4.02081508861777,0.7719660335325065,-0.13966408223376567,1.336982949231527,-0.24916956695545167,2.097805502410559,3.134115500791147,-0.7469381439238261,0.39774815354715476,0.3144876917378757,-3.8729958473808765,-0.03177915000115162,1.6969780883223256,-2.252923856470029,0.24371399010103284,-1.0210097946099979,-1.498367156512915,0.15973169485736394,-2.74853271054892,1.6524794621449954,0
5.233152663424857,-2.0135864705621707,1.0786119940647705,5.100453834520778,0.39145729041864974,1.7311287505280821,-0.4535571777800716,-1.4062668559213622,-1.4367774475090636,0.19169411947011505,-4.135016618053778,-0.8987931226094358,-2.4638762629440656,-2.8785305036681015,0.4689348603662274,-4.156281342563413,-0.14936546485402558,-0.3960094539652512,0.23452384599666987,-2.6614077823729305,0
9.180794304833242,0.042473557401193886,-0.6095291166127267,-2.204445214012711,-0.310662888995223,2.1288020427230308,-1.6537740128226508,1.6309653951599508,-0.4489390878097205,1.83917015511261,2.4899550246797917,0.1805548283492298,0.7442548931412271,-1.7949385029240625,0.4347506512266109,3.7782945044516376,1.2187511355983323,-0.7136736995410455,-0.0921940786315053,2.2550432968605545,0
7.757542214803779,0.5018433005260979,-0.2317658086428591,0.6294636089009171,-0.00813687562377674,3.6431625856096086,1.8498685992880064,-1.9326084450468175,0.6986232824828127,1.0362594828907339,-2.4914902451480074,-0.04248167462191787,0.5390460115635086,-2.230063656124851,-2.1184864837553046,-1.7004962879871597,1.6391455909656862,1.4710518792471035,-3.158629955209324,4.552754866782871,0
2.591028766645161,0.7720663162253838,0.10716156730297727,2.859560780261459,3.123640219796277,1.101289925833071,-1.0202206304526344,3.073308002251574,-0.29439768279090583,0.08403546538596651,3.517192689524164,0.4109826524636331,0.1385573509358855,-1.4793790509050435,0.7041045654796909,-1.911828964628734,1.876346080418248,-1.4820597343028616,2.754150984214354,-0.35845208115593225,1
7.156265752626395,-0.37141704858026947,-7.852431486201289,-1.2358177554516192,1.7637367332924248,3.3379419334883966,-6.578712396048427,-1.128247922212966,0.29172223011734444,1.888624647048133,1.2753444901260778,-1.1619860778340871,2.5194677405318675,-2.691921234935942,-1.2654397971535296,3.6019062945860347,-0.27416168654769857,2.454060729397507,0.4487963396706385,2.3973671723348877,0
3.7087786167136336,0.01460941705082297,-1.5606565333111075,-0.18318703598908304,2.120180250436422,1.0737970634414205,-7.22973385155383,0.6420667266198739,0.8440752786550456,-0.6263186660930404,2.2009405976979326,-0.01857629462390163,-2.2555734068279434,1.0609112326170969,0.4658552816976939,-0.08158426967080823,-2.328129893764222,0.6108876809338812,3.35331313201152,-2.2197015399750577,0
4.57049599265371,0.8802705021225185,-2.258992438515372,0.23368989290797537,-1.2109180311314773,3.9842978507578004,2.796583793328871,-2.833001369111468,1.3411557970728427,1.621670580320738,-7.573995613738889,0.2788910721890706,1.7531817260894624,-3.094186331930484,0.4705073455321595,-0.09995808993653243,-4.135686582804549,1.9180621799610327,-4.978763948609064,2.544732545051456,0
7.4949348325243506,-0.4611636184822257,5.247202789252266,1.0074650025080938,-2.7631599208789206,0.09992963858003057,3.5872985939834803,3.4565651720747925,-1.1320463281362718,0.6829074973725753,-3.4681080094448418,0.07544410386110026,-2.213673311021876,1.5895800214144298,-1.0372224103201857,-2.06991352429152,-1.8234497870839668,-0.3024813029096989,-1.1630596827928894,0.6285467700815975,0
6.47124945157775,1.1845247565704886,-4.221189047739746,0.1527795071306428,1.605771013466219,2.598477480136487,-3.673235866398243,-1.409111968856383,1.7833848166618582,1.9428336631716334,-2.1287902683911906,-1.5710338402488198,1.1943773632682761,-4.143772296139512,0.5348841119975545,2.1388287050346184,-2.879084470590353,2.0083933365396653,-2.6022736007320972,2.431842932016439,0
8.129764670693026,0.48677095881391425,-1.3230915156971854,0.29481735841172374,0.5761997875961188,3.257932227064076,-0.03176937146833207,-0.8911349588085494,0.5484554313442872,2.7462677523368573,-4.06124481328281,-0.8035893604713693,-0.18401074833151498,-4.2209313850380745,-1.9695045562120994,-0.31438516823750695,-2.384756286980844,0.7006222140482509,-2.62724949018597,2.8038675577781684,0
7.3447822987467735,-0.5021924610135992,-8.60952740786335,1.473414396169738,1.5415521692820524,1.6958658038719685,-7.312138606078839,-4.7540306396522976,0.7359493098635433,4.1990582392289895,-3.799029330356879,0.3826598489589363,-2.047165096525575,-3.70452650938487,0.8529169093355867,0.2764449459614017,-1.266745775980942,4.917582187718449,-0.7448185406361504,-0.04851631018957202,0
8.84474165534001,0.5323713506396587,-1.0172747371848687,4.107280431960768,1.0268649180569105,4.346412400963868,0.7062665732111956,-2.8815959726246048,-0.44893163346817305,-0.6979879591166138,-2.1338446871056,1.2936001730842175,0.988013043288049,-3.0568688130105777,-1.5061151061976326,-1.0246753890569211,0.9333867968829814,0.9755093916089602,-2.7502645195829523,-0.6245539029131493,0
6.594554754453664,1.0039351749204346,0.20065134682100919,-2.509217078461142,-0.5978277547855504,1.776464361567461,1.1112826792562993,-3.0565051674928467,-0.836635773760855,-2.8090211673201324,-1.6268615822611123,-0.11365332532781637,1.8665666303911657,2.1401892223021326,0.8487939142941667,-0.7989217315399701,-1.1796784920465235,1.510606905029654,-2.5315238433263927,3.342846681123779,0
6.092812155484334,0.14527801899353412,5.661881508865698,1.878159590508933,-3.3624713954859384,0.6041208444220987,6.214304154706511,2.600948313479069,0.46325594772860373,0.8139206456379948,-4.616017470779051,-0.2275170305907992,-1.1233558510509964,-0.12714282725530301,-1.2211415666021654,-1.401227419604643,-1.204958043391369,-1.1870329830821036,-2.654202084061926,0.09417450301297167,0
4.87118583648526,-0.265056097291167,-4.777602591780133,0.8210108992916705,2.457610328609409,1.0167568684112602,-5.136934626137009,-3.6742594762582352,0.5773428042982833,1.9276924553000896,-2.2321578099291965,0.6079837984012312,-1.2644748187010584,-3.111496797157721,0.7728310615512078,-0.9471370088343432,-1.3528645053565218,3.149878641517008,-1.2692370275069322,1.7013975971819197,0
4.180744379487668,0.733814131974448,-5.583759512230323,-1.3641650780131496,0.524617354678104,2.1365434126119807,0.28372497437824573,-4.827392042255552,0.5199875176166994,-0.18064973895988645,-2.6282856805035086,0.11064345739888248,3.064375661104359,-0.5981195356897313,-0.31759102933971206,-0.7730787065693483,0.2424660200417199,2.742747705275394,-1.9325162269908902,3.343720270964117,0
4.335248531041552,-1.9693343832566943,2.9687358065230303,-1.3015628652526865,-0.421764400892805,2.648504233207013,3.099674120822193,0.9400645469042861,-1.4386990046999157,0.6464213435832609,-4.34649401637148,0.16714786513828192,-0.26879378242647767,-0.690398303560727,1.014245149427886,-0.6053960525020603,-5.452165213348065,0.17259740917872823,-3.819442862537588,2.7780493638597497,0
1.3319374705966962,0.20256780570354582,-7.462590123627045,-2.4828754437358365,1.4749042265186925,1.8681759530573885,-2.4724296693881573,-5.50965023743559,0.5800939501833545,-1.4814037402128846,-3.491897246064263,1.4139616638471413,3.1242538854358735,0.888313783784482,-0.14782125755812364,0.9389653141742822,-5.789468861125275,3.2481060225809486,-1.4565098161476366,-0.5454432106974073,0
9.553695919734743,-1.3410675357371693,4.127822753171862,4.388455000933874,-5.077448366135625,1.3195745532464287,8.693636392074287,2.590007602707736,1.276955832952103,1.0959843908623652,-6.465766774015162,0.5201667918500044,0.6152721264711003,-1.3711963885445255,0.3441259724517377,-1.5849197598642577,0.7261941729066377,-2.532517324017057,-1.3539725950320747,-2.6637105282148914,0
6.116609089178115,-0.24052568731630905,-3.8053374366645896,-3.2100831525546885,2.739615367353662,3.5442973309915646,-7.126317713891361,-1.6809327204182807,-0.663351593825907,-0.11243988286238804,4.203485638461377,0.5747345405678183,0.4957670193454565,-0.5167464082650054,1.7883744222327596,2.6696378306186452,0.2647836363769491,1.943726686142115,0.31091444635400434,3.3702750296016517,0
8.868058233504916,1.0677531334113466,1.4718235966097875,2.787732563449056,-1.0455675015369863,3.086773964448073,2.0408632867992322,-2.716006114918876,0.0047951373134873234,2.269248634393242,-5.003384265669881,0.9919133528297939,-1.4260735427423312,-5.147644653092664,-0.9251065983430974,-1.2854323657092936,1.326390695784629,0.3867932541132666,-4.2072515585550825,2.023572097868618,0
6.9660194707813465,-0.8201151535576007,3.3405824745665202,-0.2509193383360202,-1.9455676316124584,3.96467337004393,1.6618686720641522,1.8474097980224484,2.7961203676572564,1.174961405242391,-1.2174119411498163,-1.0212136479268519,-1.2781378276358883,-0.8895830817656567,-1.5766244129482885,1.011818481068552,-0.5036664148556642,-1.5363622852272196,-0.7692998299034681,-0.12689127009345066,0
7.185568719957985,0.06160685589989254,-0.5449196354031361,-4.800236322736949,0.9247291715608877,0.6772819341537297,-3.607932805793192,1.0332383090220598,-1.9312483894923995,2.5125852306944436,1.6831503289240024,-0.7199242163671489,-0.19572378936978563,-2.5096011418322024,1.3145891809537393,2.6476761882722792,-0.8373145381230388,-0.19930201108572754,-0.6201092320923942,6.079040310282585,0
7.0898034421398854,-0.045647150955437525,6.305213873077368,-1.8983900545309993,-0.21699236924698195,2.3306426594476903,-2.696497470239606,1.9047181447882933,0.9135818353621649,0.6013191282518813,1.5913680277105036,-0.17566671474159992,-4.783072900781579,-0.2475385924167484,-0.5957637204226972,1.163451986987328,-1.6599224179172147,-1.5521015206945274,-0.47589749087870326,0.26998667329619364,0
3.0003372945427165,1.7616608679429984,-3.7267089995756884,-2.8950004883771996,0.4596575456515697,1.682832406703579,-2.038562603275181,-0.9234867786719583,0.23292937477802825,0.9807095843211638,0.3402434507844246,-1.5350807289272186,0.7168792806304896,0.5115417278556077,0.7566507062400141,0.933863681910817,-0.9601832601618276,0.7244104955681003,1.4305356704834433,0.8709311717487583,0
7.930695780365325,-0.9055975611943646,2.542255688345908,-0.023448643070407282,0.3056993306068678,2.9038132031204222,1.2920549541929933,-0.7464818786954659,-2.298959550924887,0.4061865020939799,-2.3184677415376695,-1.2190435045337493,-0.9828929318360684,-1.6441955121962732,-0.02148529518505718,-2.2233735304875353,-0.44755564665232306,0.40121749710746735,-2.730982954583869,4.022152713714696,0
3.366434833022746,1.2321568683569741,1.7248062898978354,0.16737060028641637,1.7545906314394868,3.29962566905202,-3.8160515575279903,0.47393506701496024,-1.5625823615168712,1.379216121400939,-1.6807039060422733,-0.27441649155575465,-3.282043560480838,-2.9799563104102464,0.6054999690646011,-2.110334476373703,-2.778460524856817,-0.7634694779838672,0.5057552794072264,1.3586848972951662,0
5.82760559387482,-0.005013802918213658,-0.18308731288279256,-2.839355295909179,3.7275800677927835,3.540455937229816,-0.5775344039796845,-1.9340524002949748,-0.5522095846529322,2.01799784295645,0.7396540829223832,1.1764444354014016,0.30356274130619676,-5.633887400087152,-1.2362087283221486,-0.32559437268849534,-0.17415256608789031,-1.3325648460999802,-2.0730082319457717,6.085033540825267,0
7.508903844598166,1.1117695031226817,2.8694762481337985,-2.498131611842968,-1.1200536910650705,2.43942947666631,-1.2677005338629754,3.3455347676581493,0.7495881752037922,0.16816563469456391,0.7208401382012871,-0.9677873217281779,-1.7811840790645757,2.995909561435227,-2.3910622348482202,1.6046449264779112,-3.333805359363006,0.5641478287830493,-0.26122953155958617,0.8132250876022971,0
2.6166031990408074,1.332392785466334,6.270685424732558,-1.369001596534896,-1.7369706156709876,1.607298938338294,1.3462787134573013,1.6254395671064812,1.180717548017175,0.1548720244658396,-1.1168209957890214,0.2448570315861664,-3.20537281566184,1.7895071505344782,1.2298736820893417,0.06276584107366023,-1.9685645200408004,0.8031042460910851,-3.4448942046726194,2.4792872951547196,0
4.293708318843483,0.5188891249983004,1.0302608331169536,3.3523374843912253,-1.7994885800778402,2.5235161957903722,5.599255439272785,-0.2571872678329352,0.697379630563868,0.5008790277510079,-7.419156222168668,0.5573219956919906,1.1594251697073936,-1.4066107966015118,-0.42402293695472054,-3.5371304488375492,-1.9119242537331456,1.376038864926413,-4.006927424722111,2.272843897761249,0
9.932029596411443,1.071491682616288,-1.216108063312812,-0.12002174003665578,0.4921542805971102,1.5308764417274359,-0.6825961026001264,-2.2803072914133993,0.9995312564734187,1.6236822414022432,-0.5475553242324674,-0.847259023452353,0.8082182077128957,-4.3947918377301445,-0.4955999229449464,1.5456336570453382,1.9527782915105867,0.4403593373627117,-2.898677932885845,3.5459358457068,0
6.595377785142654,1.414664989099115,2.5660113284206494,-0.7037697458076801,-3.064286489020307,1.6418700359080118,6.073494818520158,-0.9712580002687627,0.42128693475534545,-0.0666122651984522,-0.6293724937494761,-1.7166341218880172,0.5384161419964019,0.5539612349075688,0.04424922058449739,-0.6502627383807897,4.360344310411264,-2.350375285412529,0.2032700455725378,-0.4449037258096049,0
7.528876570669958,-0.18311695349516205,0.47727006918175796,-1.465998286407259,-3.1531711623741145,3.232904679536439,0.3128521458535932,4.699942671460472,0.6905367722173211,3.757479388872724,-2.4569374226945344,-0.4772895470329219,-0.5449702779362167,-0.7390997307066823,1.9364262836657642,1.6229192946307403,-1.3250327400348454,-0.4228985983242566,0.5479568727993285,2.5112079864834564,1
8.122436110149971,1.0945189238333857,0.03679426860239778,6.199934575571668,-2.5876899297952276,3.408575834305582,3.873099558815031,-0.23556196603060586,-1.2322578290075032,1.4776421956939623,-6.759983501108917,-1.6117910685019607,-0.15509791213723612,-3.6853647080881435,-0.8954605781393695,-2.1891422438502697,0.15316422105296779,-1.408657889397631,-0.2423534947989091,-4.688304462492123,0
7.243267760853439,0.43952827533125083,2.032181861804743,2.9038377363972523,1.016941774192163,-0.01085302066130267,2.978649323798473,0.4577455226840643,-1.362444833097706,1.9984856020976132,-2.851621951970303,1.004667286713214,0.0038200143115448837,-5.636052485289582,0.6763656196149995,-1.1679955418516492,-0.2689335636833612,-1.4608000496472249,-2.9712865677180504,1.8304105093788636,0
6.920168423331849,-0.28375125249892913,3.7301306040904088,0.21519629067996782,-0.7635489052490365,0.515011897481047,0.30093753396601286,0.9850013578654729,0.17157677730006432,1.0390006650443628,-4.183628599726886,-1.45711221621857,-3.0784745487734835,0.1749715944768354,0.928848272383229,-2.88640595873747,-3.070997923982279,1.747894835351223,-2.862172445576421,3.6610349885015796,0
7.010308185744306,-0.5322738303847979,-1.9361233907550897,1.3923681929025342,-1.6905172482730249,3.7277422372734543,2.7798080549049415,0.7851007714461992,-0.8680064096197605,0.1632010319406113,-2.442512088550868,0.6505095004245475,2.3803597409826507,0.38684019597391783,0.1151169273767759,-1.4893450123716183,1.2013949266778896,0.2113077089573181,0.7504374880390838,0.5988237787599217,0
4.793319162084514,0.6404035184832494,-0.905411636047299,-2.6608763077037576,0.23805631142955874,3.2957330345719402,-1.9025716072121137,0.6517436283800979,1.8838306388663268,1.2906706244686785,-0.49016129430343675,0.6701842644127882,0.0924610204888272,-0.7942850791758675,-2.2023569210140432,2.139344261480554,-3.12864681126068,0.4130479699148385,-0.8997279647870922,1.9631164840683115,0
7.232846619706702,-0.027897989286128043,6.832275630184629,-0.6560098948216431,-0.46051473976000545,1.7397735137888075,-2.637493026873869,2.7654642544889887,0.6944491349149533,-0.190208149785553,-0.011766014852254796,0.46255595380767434,-4.836694420820448,0.35943456100363086,-0.4173993975805996,0.17280608727997127,-3.7163866540993302,-1.604695585749809,-0.15552488742638892,-1.0714467934564136,0
9.174629824157321,-0.24698365416673979,2.377241806110298,-1.1725402798066482,-1.423630093442397,4.8897748593373205,2.4418258437148275,2.1151970227852805,-0.4467550266789088,2.0209626196198442,-1.437754844651263,2.3881070569910094,-0.31022944668861685,-1.8473873626635446,0.8552884610340746,1.7969747316952258,-1.5601679726089364,-1.7925366806940461,-1.2677429240655564,0.7035157843880151,0
5.8052405987856615,0.504253534043911,1.6347571470657205,-1.3725479468982273,2.0740285971611656,4.4589142229847685,-3.232266394032811,-1.3197989479235743,0.531034685312295,1.4964725328648263,-2.216706838177598,-0.6925838704580765,-2.768427871980098,-3.144497052238574,1.847384898511717,-1.454617710368845,-3.171551183724904,1.1909554593358957,-2.9821920822703394,5.003081535648323,0
4.3410083313522065,1.7274639219440422,-0.08984489589062761,4.080971456093716,-1.8158828182027502,0.8981214070589576,3.080435274471561,0.4714989049741043,0.0760253216036469,2.0272211290577418,-5.668935269246628,0.07737795288105347,0.0716667429111355,-3.927457873116001,-0.10913091399549268,-0.6256835224648902,-1.4616333138171813,-1.605749206898302,-0.601414550083773,-3.450978209165871,0
8.753888736601647,-0.6976645266795698,2.0686935140652296,-1.500691221138255,0.5577079383982859,-1.013425526709663,-0.8023863039774662,-0.5764443097670615,0.41998468116708865,-0.14276696100705766,-0.06761031892082726,0.2545286964354897,-0.7963826129586431,-0.9563333923240662,-0.38337440530919564,0.32080945265955474,-1.1082561879852357,0.11190785504545187,-2.0957077440819933,2.7884994590000094,0
6.276538308708826,1.3394414314029257,1.616635661650898,1.9563511446196689,-2.6023485338312407,3.2327472548450156,-1.1839332092180725,3.1736009980338733,-1.1796614887425605,0.651511021239666,-0.7935059409009618,0.6453371010940627,-1.9898876960471688,0.45835935180785436,-0.12389333220638254,1.0516188078216588,-0.7054326990646271,-2.1377040249602297,3.3213281822764076,-5.608507091350571,0
1.683537569935037,0.07120792361292784,-1.8220079887411604,3.24789343999742,0.8010294787569874,2.2648620259726084,-2.34877979361221,-1.2326889449065894,-0.38686677797738606,0.0945910022867088,-1.4610896420923751,-0.2647608419737156,-0.7977814743364471,-2.117670494212326,-0.445130648513539,-1.1698175430039979,-0.14528916012950333,-0.31364688752406045,1.5248057171791456,-3.4905319087943876,0
6.374211526896517,-0.6430339405943093,2.184765692454272,-1.0032284983469675,0.9295301880917546,1.4754686910921977,1.5861084678360489,2.874986191368548,0.5979224299768019,1.1481570252845998,-0.41023244042600593,0.9732092783064061,0.6203985432630735,-1.9745547601340303,-1.9358045923539078,0.23766648292286763,-2.3908600950864223,-1.0815880895703542,-1.6983342791383604,3.6114429254868265,0
2.8526463192134464,-0.26170271032877773,-2.2875118878957665,1.4378373274621201,2.2730031073216788,1.3560767143974333,-0.7283853580552582,-0.6471406952649197,1.2022622801901843,-0.07804901776875472,-2.7369648544301177,0.513742989046931,1.4656960244684436,-1.9122713975006302,-1.629430869604206,-0.9123546947391821,-4.172062171928831,1.6869598621717676,-2.3210110740644385,1.3952659728782544,0
2.7046996288556673,0.8390585129559777,-3.5072820749128244,-2.2942599986306753,0.6498087729054239,0.9122961511749971,-3.2701193304055614,4.716229371666879,-0.25676882177546373,4.351054426516051,-1.0225505733662228,1.8131496203583828,0.059847219812326324,-1.272906315781141,-0.42461880828553766,1.403652226698109,-4.226299436239035,1.0711150670724467,1.3550952519185908,3.597273004520642,0
3.3928850071713255,-0.38740022141085345,1.3550643197949896,0.7708721709534675,-1.7547854483849528,4.276697252879783,5.0675126664484536,4.344825897225691,-2.173822592289469,2.45635477385792,-4.304123730340622,-1.2431653420605635,0.6802571888516655,-1.1460848798258618,0.04715155068709515,-1.027804176361455,-3.301300884338972,-2.0066969240474397,0.29086409952975134,-0.2595476461472025,0
6.943605020775804,-2.123509795403718,5.946815580828277,-0.2698497273221343,-0.12118967990110496,4.628245087725262,-2.538357115782031,0.7209873163592018,0.18375521226763944,1.1070701411583275,-1.603562304764724,0.2973455553334814,-5.100868295071099,-2.1753452238511515,2.37132310368716,0.2341313219966925,-3.351855031092883,-1.0196386565080375,-2.035498987811422,0.07899757796239883,0
7.714994825045888,-1.5722302261965924,0.6037551426372156,2.818146701446134,-2.354829950308652,1.0520911689322558,3.614939545057476,1.3898844685937601,0.05019096046730284,1.5801488520183464,-6.18920691065788,0.818042911009501,0.015319213377135377,-1.2137857076925365,1.338592955840565,-3.6283518335543787,-0.6050278712384709,0.15786319367413615,-0.585033431886437,1.3041130197112376,0
3.9419102836368616,0.9094718327623037,1.3104792044373257,-1.9286902221098052,-0.9149641710591608,1.8235594635671553,0.9215074198633226,1.7474152187481935,-1.2473683800521915,0.7666078079933732,2.693402226056855,-0.05083537517160229,0.06943652814966028,0.2111173553615836,0.13233486958837026,2.8517229885665794,1.1814919512856017,-1.9081163302192956,0.9218198649016456,-0.8408153498278477,0
7.661080619016795,1.1499860283247838,-0.5831692236561233,0.048721631157637946,-0.2909633035962207,3.9789961203209794,-0.3335411773871768,-0.27291563588415657,0.2894248091214319,1.9300829853359567,-2.491168139740035,-1.1221253801962114,-0.09272759606739478,-2.557353287593073,-0.8219745061211505,0.5933059049614111,-1.0558116074806563,1.040482160358585,-2.450887413741685,2.737084248993143,0
3.508437001629366,-0.24121933956891092,-2.2388109022784963,4.499636733352522,1.6090872520664543,3.151658041931508,0.8053464252930939,-2.5653399224239735,0.9027811672556421,0.9296775026695976,-5.870525523072304,0.40153828091765575,0.3234759574324201,-3.8058370456267663,0.7569957588664775,-2.5573834496842576,-3.0311236106280695,2.4119730120879006,-3.902994159405891,0.2940780599032817,0
6.576225904591257,0.3951915574882687,1.1611624567375671,-1.913469306017507,2.8918387601588,1.0708862618557582,-3.123458219145485,1.115870821812551,0.21305929736359056,-0.298467626722672,4.131069825122725,-0.051546112335870586,-0.6293015641470241,-1.2187055026806421,-0.4784491311138655,0.5484869118130464,-0.15339807725510857,-1.6860568901532589,1.442505590896276,1.5775199867199179,0
5.867954116729034,0.4445581528524637,-1.3512431893498718,1.4220818350093145,5.04282620243662,0.3085633186742434,0.9541127404760533,-0.4801504920620926,0.6734508553528684,-0.6482920836627981,0.0343426000116303,-0.779796891240437,3.656793227381713,-5.381384361989491,-0.21947304247121915,-0.5121563997674263,-2.8805926604223266,-1.1205719030913208,-2.738193338206332,2.902080665144361,0
4.22289394427578,0.6584574435787865,3.607104425636105,2.109407049120075,-2.3064891476616807,2.3431058750959024,2.627865589536854,1.4385562666595368,-0.18263838370652566,0.37677018747040425,-3.6830336624473077,-1.8561042165035888,-1.4706719612655093,-0.24847354998352458,-0.49343171179247514,-1.1989463896861854,-1.2235810411153303,-0.46602307885283534,-1.4780658116949363,-0.8310681825516811,0
7.162542218173516,0.2888038308437513,-3.44382131280787,-3.9782764475741392,-1.5406548574364005,2.7789686731648318,-1.88389473464314,-0.3035767023067055,-0.05886208011928607,3.5175413070075914,0.10742510545525895,0.6952196520648249,-1.093629058330217,1.2393872958990542,0.4474709519865537,-0.7938055808098379,3.5003465043133906,2.1473005816510162,1.9392143022884523,5.388046976913881,0
7.317797181895726,0.8818249454585808,1.014947715392023,0.09161064213770675,-0.10398594870008548,2.124438436205191,0.2823761423453007,-0.3458415596496065,-0.10892604848255281,1.7840223560173487,-2.6252967948902097,0.17787960202018677,-0.3103765821672697,-4.699876843514654,-2.3355675118158574,0.43579970448239136,-1.078841894788619,-1.8889840061377727,-1.3197426311763507,1.2592776280553282,0
9.46891254125979,-0.7109260275235201,1.6756415410454033,3.19511950649152,-1.5516488612408117,4.545341526825342,1.9777456669109184,0.4312679274423259,-1.1499622102605067,2.3624341360318013,-4.216166496266062,0.5496127247811934,-1.0705910494694013,-5.464903610809248,0.7956231912025451,0.6362916838314623,-0.9135502940880916,-3.2391538665062294,-0.38991625760641757,-3.7283675412629704,0
8.505765628598692,-0.4451194142678063,4.768764486550926,0.16227503522100506,-0.48422489714004247,1.3259628173442661,-3.624642551614233,1.5110409046029911,1.6575060900538428,-0.4651510450703298,1.376538732384199,-0.1777935445604668,-3.9373954201656427,-0.531534921196768,-1.1182533017511131,0.970005057524852,-1.0038832685410035,-2.4419223439585527,1.6338249919746533,-3.1237911630135455,0
10.305140966130164,-0.7338014785305308,-3.0593996036056685,0.20117085215868746,-0.29678785490288906,-0.644573695418232,0.3270471235248299,-2.815110190849622,1.1342568176837675,3.2494500270766906,-3.928398460587562,-1.4135991409243425,0.19477344041516087,-3.8226597097874047,-1.2951833119851612,-0.598917939812452,1.1463770624140408,2.2705909589239877,-3.1323275121206677,4.487229122084933,0
6.37780067756269,-0.6480780159946536,0.5875866225646287,-0.9838094592030578,-1.5702990678318147,2.9285744738405977,1.9407478417561248,-2.040212624214491,0.19332624903506263,0.6341366629228413,-3.141227070721097,0.2551517724388163,0.19340742302908975,-1.3843247027299928,0.7230432614453045,1.051869567991328,-1.1459148093129743,0.16942060270693837,-2.924709955812634,0.9378145034161312,0
6.780410900586732,-0.853505028714204,0.2807925638573886,0.2211866533248188,1.1069069890952787,0.5703970981437814,-3.8200210349406847,-4.075588262400988,-0.9521162394166501,-1.9837499395543294,-2.1279297250118607,0.28188329310285937,-1.0402954308639902,-1.5617791241156178,0.9311811120586826,2.0695602262847093,-5.022461480153704,1.1136168923864576,-3.453485469229755,-2.376040265974789,0
4.6684024957666015,0.16414787210743265,2.284088204286902,0.695557707516577,-1.552236857349127,0.2515368095427245,3.2610663331388174,1.8878345155743987,-0.1271547107189649,1.514714228413787,-1.9426450578105219,-0.07928877778514064,-0.3457925185907649,-1.6392543928184886,0.7698333465306653,0.8964420485629228,-1.0820213970463224,-2.038165026403184,-0.6315145237619689,-1.557559737628996,0
6.09192652650704,-0.25241685124085206,-0.8743001909881796,0.531516478483427,-2.448722330879203,2.7092517359575363,1.5580799149649802,2.0097477780576876,-0.685968061619502,3.8773269361254257,-1.629790899530704,0.8866914419827141,0.25125398512361286,-3.7605890642124855,0.6266390913911578,3.526794302157812,0.6288321244050521,-2.192546715378615,0.4057100354423766,-2.0469388392894112,1
8.085151993131277,-1.032693182725527,0.8076881077663225,3.1745721897822965,-2.2939894692668306,1.4109865084444353,2.526901686500768,0.7811896206951459,-1.2311550117694485,2.8145170067775354,-4.020161032365057,-0.1361919226857611,-1.1280214905990384,-3.994129120957099,1.0365029249727522,0.3418005240042985,0.22171926062996783,-2.429069361454623,0.2947656406234944,-3.862993258546724,0
2.3200315922028167,1.4584342379022652,-6.3356986067120555,-1.3613848766386767,1.8695607101305787,0.9722518986754721,-4.112411318457542,-0.5749957954283387,-0.025584146525504607,2.031485038565375,0.6366061766315929,-1.3639829151918135,2.285153085398684,-2.8425290890189223,-1.775633829161167,3.2310599239484756,-1.64793944656086,1.0860790672943268,0.3589478167549611,1.0815863614827859,0
4.018561555882506,0.0066871619942865754,-0.8251936762891197,2.634592179997312,-2.544250711803737,-0.6395706494343214,2.5101572235908662,1.6486163724810399,1.0362050123767792,2.177429497207566,-7.09197004354873,-0.2063740569112156,0.13125016974070292,-1.211792696317556,-0.24555865590294407,-2.9658294731266537,-2.086287136150847,0.8546397646298183,-0.5164376260245715,1.0387083898219307,0
3.3686160865296673,-0.2167350762436311,2.2402818620226905,-1.9423903880598519,1.762696973618291,1.4487330561281242,-2.180846758717335,-0.6059637605645092,0.5736414384059484,1.3647713523398435,2.4204469697365605,0.9186006599025203,-2.2911158116902777,-3.112508984046425,0.7983456030447803,1.6440182478130083,0.22708219213931313,-1.770049547266759,-0.5829169066170286,1.0408459205081049,0
5.372583670733189,-1.4616565145517058,-1.4676351531172227,0.4030297479383883,-0.37205202666859494,2.857957926693774,1.6109804986138803,1.8702281169569615,-0.3294634394752584,-0.2200641775761778,-1.6930120624309035,0.6960792870234049,1.7153447038889218,1.7961138234435643,-0.28603956201700814,-1.863974882273922,-1.3904983980458796,0.8623154025279767,0.8199255775596261,1.1013454234830935,0
9.493818876465768,-0.6448222883384918,1.2567388205883692,-0.5886296506651401,2.217793766091355,1.1518568209625357,3.626700982369936,-0.5155496685762011,1.419154836909313,0.22353838410774218,-1.0501813413919132,-0.05661006002497662,2.365295155971621,-3.655352334738011,1.4657672290258537,-2.180275945375677,0.27428103409822047,-0.7479117915833615,-3.307777407052108,6.749988709915163,0
6.413928275199993,2.9290618413704617,4.056948964788464,2.027486470564721,-0.10269929490636176,1.2151477151266155,-1.293026938266366,0.46872156743365756,-0.661594167450072,-0.7142706758382393,-1.649137020334435,-1.5217854735141787,-3.1356813855883434,-0.46164609907449455,-1.4065750512421031,-2.433008914928397,-1.1318010915951942,-0.5466475094815659,-0.1800142930235098,-0.7784947928998162,0
5.071986434135282,-0.22401984535689473,4.832670032575882,1.4668709770099038,-1.8742682540311104,2.814944875737798,4.83002395475747,1.1699973695740955,0.32077958491935976,1.9853368299795073,-4.657739692535865,0.7384195364381896,-1.9873741431583656,-2.110759745274662,-0.06766666232325491,-2.748087976690573,-0.21045518785279016,-0.757040193950386,-2.9204388432193813,2.6419811530632615,0
7.612918588165527,0.12406338747280961,-2.895611173781304,1.1046512389954029,1.2698823592072666,1.4266571737891143,1.7676930202681544,-0.6319110873535685,0.7908569364277865,2.179433227097261,-3.4029427660585383,-0.8031928453064647,2.4975656382969733,-6.006972547748865,-0.2540203444356054,-1.8907724438143267,0.0711964458339942,-2.20234891254605,0.4524748286664906,2.2879678214469283,0
8.90093765384695,-0.0997512684210829,7.962372687562308,3.299903421198075,-5.647001853968116,2.9605447328438204,7.540657142437986,3.625048539412762,-1.2746952360571724,2.004984158765371,-6.368976719737788,0.562198725616861,-3.022450326601317,-0.5432848414440338,-1.2785905526563672,-2.0924676699822293,0.17031703421301558,-2.0913987031273065,-2.2175704067688953,-1.164193468136596,0
2.9722374557525235,-0.4494361205352941,-3.1567143631964556,2.3531459696845616,0.054010085854824474,0.1102556073552835,-0.9393043587776952,0.3308173803016554,-1.8826984008911147,0.5818876296647087,-2.822516293864998,-0.023080157269282853,0.7329941910051807,-0.8151018582074693,0.47038086313970184,-1.2507728606954376,-1.7571885249614252,0.5348629743453523,1.426190645517298,-1.9662438512749765,0
6.137634382901475,0.0473422938818117,1.2102715329876657,0.3018755600639653,-0.34616171693595854,1.3468744564720865,3.6790014707629948,-0.5488889453944106,-1.3473418219383362,-0.13547004165841892,-3.026491017819799,-1.8545555257774335,1.5950961222978015,-1.435985202759865,-0.35306058759428854,-0.3355574629101772,-1.729102334141495,0.2219335271008005,-3.663532031826321,2.3844340551303165,0
8.02874154196887,-1.3450392303130168,2.0695122309834555,-0.45517992538149965,-0.4119178040803424,0.236738458235562,1.1980368756321653,0.40772232132027386,-0.8092529303625466,-0.90266811873809,2.273452636990994,1.070092968015274,0.4851860510661903,-0.19846020478572882,0.3862408429205643,2.2116508178247294,1.090537943930662,-2.0005035199750205,-0.04193696559904081,-1.7025255762582185,0
8.501742591703827,0.042473557401193886,-0.6095291166127267,-2.204445214012711,-0.310662888995223,2.4494252435489665,-1.6537740128226508,1.6309653951599508,-0.4489390878097205,1.83917015511261,2.4899550246797917,0.1805548283492298,0.7442548931412271,-1.7949385029240625,0.4347506512266109,3.7782945044516376,1.2187511355983323,-0.7136736995410455,-0.0921940786315053,2.2550432968605545,0
6.3138738014797795,0.16550750839348308,1.1199594506238897,-0.2879641041964809,0.15095138242441009,3.1807110476101688,-1.7830599967400684,-2.3079621705348012,-0.8881939215396197,-2.0613821287416627,-0.26348878584193924,-1.0141142365082285,-0.8905280248564402,1.208563239486026,0.11629808899714782,0.765072323095002,-1.908052162221096,1.2846275604287452,-1.9988388268246418,-0.98832570470106,0
7.304605390661134,0.430492130003642,-1.0745918611402603,-3.013909154141633,-0.6767835407933465,-0.7343301145983443,-0.5022332230091567,2.5163844443454617,-2.3152105944545616,2.310497950231577,-0.09797843006111807,-0.7254632634041517,1.1408796312951037,-1.1898213570782077,0.5460056699795035,3.8374934712471522,-2.8785051069715664,-0.46278018395393716,-0.6374415198507072,1.8107280361004334,0
-0.09473066350303327,0.5453330815188805,-3.971785180851068,-4.426720320324295,3.097410327502861,0.2892680615080583,-4.546052416422857,-2.2728370070982096,2.2163708861969535,-0.8915248107874292,2.4491221534456424,-0.13985522490530128,1.6760687406400583,0.4558244338306102,-0.0015852021909672374,0.3740644922166082,-1.326500923193657,1.7123022833097261,0.30658226782520925,4.741685007204566,0
7.180438039920633,1.0461269087276357,-0.7736858645490058,2.4172354052720504,-1.3292784057992075,2.9919857740488744,4.034114860867889,-0.33134580882586784,0.6238911917479061,1.5069846146593804,-3.451119284418608,-0.48530771452385124,1.4940827896698377,-3.0424270095354715,-1.041489632907013,-0.029958363490761974,0.5669640184540747,-1.142699523946169,-1.1394737964211519,-1.295149485328173,0
6.807206413181915,0.598975667435547,-2.8459383986486495,-0.3323441719938809,3.8975200079157584,1.9779154165523674,-6.7465691073298455,-1.4470510574744466,-0.13863644489266513,-0.16619144480667347,3.4340093519573176,1.2762327911482814,0.8205548901701804,-3.797142848391018,0.897421448961748,3.0197068468399224,-0.7029284538142226,0.7714177830958187,-1.028602996092121,1.8531505973937468,0
1.7791869491678145,-1.1901982451226545,-3.0556822632379763,-2.8795555131426247,-1.1762636463852214,1.5057948696937218,2.1685874854831635,-2.6187666084784604,1.786513223632239,0.7007256765988532,-4.483912005409039,-0.45909954708627304,2.288641869165989,0.09254528456476827,-0.23559944826763754,-0.3241103705959729,-2.367891793493973,1.886552255965292,-2.4791554459793064,3.8300387596287258,0
7.573529264215484,-0.35766742950643843,-1.1648025097776769,-1.203250842861041,-0.29506965336479163,2.3117272546075824,-0.4559940458397962,1.6106150631175598,0.5627488238581054,4.118743727700866,-3.4461840149203478,1.1537461391102601,-0.3126683183392398,-3.688538029948609,0.32030890700418824,-0.5083309691620821,-1.35825880994628,0.5808170688419303,-1.2936828906013027,5.700800022703406,0
8.375475887520704,1.4080783803422376,1.6468205076204,-1.1844186969248072,-0.3509110490099798,0.1696783380340349,2.128758498584288,-1.938631549138638,-0.43377993638783835,-0.18977903531187446,-2.935389980516424,1.558291520431799,-0.2194656811548461,-0.9614619488303406,0.5299846860350561,-1.015426110842978,-1.8449890875652217,-0.342345866171051,-2.2855866448908655,1.5545259299988374,0
5.1381495424462305,-1.3663235452630305,-2.346618069168837,-0.8866726972488718,0.04920516935664265,0.7721471348301596,2.490583822929907,-2.575773641183029,-2.41132072742862,-1.2093858383331257,-2.162052125217762,0.01926818999218279,3.4634497045361585,-0.4040634095243473,-1.0034446745345882,1.147413774222278,-2.1087548229099093,0.7454553300413419,-2.7182965495286773,0.6740525634999263,0
8.831774730842172,-1.7173537336569376,0.06349249856116267,-0.902600067612427,1.9766997425339903,3.390711062666395,-0.8568490575758312,-0.2866005344226361,-0.1559162232554743,-0.14997058581312994,0.9664300536494881,-0.18099428002150533,1.3770927217095374,-2.657451278786254,-1.286110357113519,0.9824678529546952,-0.772679832409784,-0.4206611429419831,-1.828794369004322,3.185368071404503,0
9.836499963781975,-0.12102368090384466,-1.584377554195926,-4.000559395870699,4.000554199264242,2.604289028361025,-8.453701166392747,3.182826821700729,0.9050245421572828,1.2382825603428003,9.197772561330979,0.2619473617535667,0.1833214337531015,-2.5106747907349978,-0.22621402240411514,6.334310512468763,0.2291555311250142,-1.6358994034264716,2.4758188541059165,1.9500298435134493,0
6.140415864989134,0.2544666747549685,-2.7063715202351926,0.04967764310604306,2.705546756968782,1.989239999637569,0.18103206743357925,-1.161862972990645,-0.8813816505870998,-0.3055322059751757,-2.218898029305725,1.1049649048164467,2.6285604993423908,-3.005312321533226,2.072905159482115,0.9566876884463108,-5.645856454666197,-0.4863939698854285,-1.7265273188767805,-0.7956380713512017,0
8.518284302959472,-0.3843396578607273,-4.6358137328528235,-0.05633649121242024,3.462286450491955,3.3957823732754973,0.5684430944084714,-5.204959016116768,0.46000910825642727,-1.0153558638715952,-2.245664861870573,0.06496103916855656,3.717453585501338,-3.8348525901624138,-1.5690633173741404,-0.786154208979196,-2.139779678147659,0.6185626788938614,-2.674484209373354,1.807521633379335,0
6.545508817010043,-2.1713590354924017,-2.901628534977361,0.16617849347321267,0.5344886064434398,1.1284664987847983,0.7392128326040316,-1.5315216066379551,-0.012516506835036892,2.7507394379988312,-4.034236886349712,-0.6625326571300209,0.9316060203640526,-4.252510007500694,0.12213867185264533,0.2920483281592047,-2.1878476286391173,0.4981543772736511,-2.239113875379944,1.7349253535907239,0
6.800667767940247,2.166756045540625,-8.875791032402732,-1.2298161693411582,0.20089994922690357,1.9928396857438286,-1.7393179876381515,-8.222553448962302,-0.24446107740782738,0.9376445300720967,-4.154292594352482,0.09585028253755798,2.1179899088326777,-1.6563639736109852,-2.972777594336727,-1.1373862932625123,1.4787914496197812,3.572099835157969,-0.9323826479700439,1.8191459712788083,0
0.39790301698425923,0.461899309766188,-8.595021528508392,-0.888183071789876,0.5290944862518301,2.588648128918622,-0.513407140760506,-2.9464945950428785,0.49713641615540316,-0.6338095334577556,-2.998932868220516,0.2592687016362843,4.976976289877924,1.3199639108545849,-0.5651218679764513,1.0266956694197364,-3.4171541786688273,3.8619340384852503,-1.1621686421220807,0.6713651381199806,0
4.8806770153468,0.2825340217871665,3.173247664261047,-1.577169626083616,-2.2804712291431235,1.7882499022423168,-0.26450701409138594,1.7633638943284915,-0.6760782343202832,0.6751438177789959,-2.505272392861496,0.45912869803926654,-2.18291973819394,2.3654600774161287,-1.5904034735174402,0.2751451498321851,-2.944561753441021,2.447887097682199,-2.998197634191724,3.3164121083438687,0
4.037359538015322,-0.04710050166982472,-6.328125672729511,-0.5094769074207857,3.911502525959368,1.6483417022509552,-1.7910548195720701,-7.372087630305389,-1.892822480672562,-1.5214457396076515,-1.591663824588246,-1.2107584839966188,3.3157503237300316,-2.8537235683313247,-0.9791142141690051,-1.1257127263338167,-0.9505591991913528,2.6734322700836213,-2.9671692579658018,2.923921262083909,0
9.747837559835844,1.573012491599105,-5.5248806263111545,-0.6405991367279305,2.6195623132547534,-0.6610039247617356,-7.391295636386201,-0.9338253741979998,0.8921895268513373,1.058152104617461,1.3024919096566732,1.1874195530500253,0.15404812503380205,-1.6072528951540574,-0.08035947253546522,2.359930552222034,-2.3868916482809137,2.2299853299757997,0.7744018944574123,0.19025743448987273,0
2.7328242555519413,-0.30607743111888364,-7.0427196087990165,-0.5035528201372867,5.836466877904948,2.155930506739817,-5.193541094496926,0.24536945396876364,0.29326826585678306,0.15084374237971954,2.9271826867372615,2.0065534619087084,3.744678691723213,-2.436489666759176,0.5805689425162018,0.7077788130539532,-2.6391631121379113,1.8720343210457115,0.5783309071686915,3.486488077662999,0
8.157755627702016,1.439566790186565,-3.3258264887952507,1.4696631892757588,2.195435986649441,3.0034632179017478,-6.367828707276873,-0.7975579628580586,1.1296129706941769,2.424631705795826,1.6012637134555245,0.28151759610572497,-0.7793501103758591,-5.172952096490427,-0.9668651343572585,3.247895684723109,0.5088940225503429,0.663656870915819,-0.4014296564307862,-0.12502507229402435,0
7.691419098055062,-1.149465015650454,-2.2240019364082086,-0.626055933710118,1.6842575845074883,3.7062445901020196,1.0886357720623616,-2.3504786140597447,-1.1025448580056627,-0.8627675959771599,-0.8812597994685828,0.46103479528866953,3.517633842772791,-2.87423081410746,0.4218193155079821,1.4471056208396182,-1.8012536488444697,-0.3730438576215349,-2.4971358353881863,1.4079451102561624,0
4.825905965050023,1.9806578494824036,-1.3386345967039865,1.4501421488114747,-0.21690276990916124,4.416125034865342,2.816091241359029,-0.14735319347890896,1.3871670466575248,1.6195840889317301,-2.4358307658546487,1.9522270369808776,1.5354225006690156,-2.2760195258556886,-1.0887408887764858,-0.22334119591575807,0.3159675689722401,0.6905829471373285,-2.229041511755259,1.7593563727227148,0
12.9667364298911,1.1887262221001054,-2.358872871055906,-1.3125062561471807,2.4869102657863644,2.6348200821827823,-2.3555670014973114,-2.8601285754619417,-0.8373200517691414,-1.5622237186391623,4.781403153735795,0.15335232026058276,2.9898955261084383,-2.2147964149978105,0.8942355340202527,1.6582165567882639,4.634448353450683,-0.12808768658038905,-0.49842318503173166,3.7139903773504557,0
4.175790251320684,1.8647090324523106,7.723523148231597,-0.3349122121636914,-1.02623653704803,1.1946035812491973,1.579949573709488,2.5246514217036977,1.3212962269345028,1.2340361525322456,-2.6965915446325526,-0.8982110363861463,-4.2435710263135356,-1.2032038899108533,-1.2559548779410894,-1.6649183151223554,-2.839672712776513,-1.41490292073468,-2.51060443034796,2.3423125944053536,0
4.379243924111199,1.341404300351312,-2.663909584230013,-0.9528764701945316,0.32082266510452084,0.1840564923620669,-0.05846927434142916,-0.02464330072101384,-0.19863413084065298,2.528124291862506,-4.848460634662638,-1.5550546188426997,0.5481179294445842,-2.22648532189541,-0.8071565198638568,-0.537491987161169,-4.671914337567458,1.3921896822724726,-1.8062042125171507,2.8622865323902005,0
2.0311153519193383,1.0067947102007555,-6.495509176294293,0.30534758100607284,2.5320737009858134,0.06674602179234129,-6.723208787473496,1.6071330372182864,0.6137099950763467,4.616500998452146,-2.403559119422795,0.7053280771445165,-0.059729867828488326,-5.134085106487494,0.3922627125981909,3.872124585905949,-7.018793791482099,1.7266620005431137,-0.4089373146418256,-0.552779585253154,0
5.076032260941037,-1.4514372837818472,-6.410557917269836,-0.3140973195403549,4.465060187252821,3.5527187091964665,-6.760719385631562,-1.5404412076194784,-2.134244750488411,-0.9903340211896681,0.8666282515942519,-1.4018740332205775,3.7598259881522353,-3.213207424864897,0.6069023812644933,2.574232119746795,-4.374231864980821,2.30862028884043,-1.5396316815028182,2.69000678017239,0
0.5082662344551547,-0.5773756999317107,3.2428887696710063,0.07065108923250851,-0.21853371084324524,-0.9994338793237492,3.6970423086683097,0.16857290641795175,-0.14570477399707088,1.1042425075164721,-3.6743503485476956,0.25425542600350076,-2.025129515312001,-0.16404813632297832,-2.10709199800476,-3.303678489625761,-2.117538415681353,0.120537900498221,-2.0855415572259743,1.8598599017743593,0
6.789518526678197,-1.297641537350066,4.271043508363728,-3.131522180409253,-1.7536310409620492,-0.3338871975168418,1.2452961271685543,2.347850847523279,0.712250449859707,2.7619658534072737,-1.9214687015591954,-0.359527761849666,-2.0338850020854866,-1.8219149087543052,-0.2564825340774466,0.8275896047803073,-1.643836877219152,-1.2941697987985812,-1.9731858102914952,4.54108663339578,0
4.158692072943789,-0.9239341226223139,-4.609826235896903,-0.41385807485213233,0.3089525362258888,0.3506016779967007,0.3713381907544517,-3.3019458421700993,-0.27665557969018606,3.510105690441256,-3.2628247646806003,0.7336708762855201,0.4217186932566579,-4.014271913315589,1.2217668190277697,-0.8395733311379447,1.3309975526693125,0.8564752477961393,-0.7097661463910032,2.337144947540616,0
5.283309019334306,0.46378234760757997,4.105283681847029,2.1963527336297752,-2.5260546490062796,3.432364359412382,6.696716542664456,0.6585770796050551,0.23570565125280613,1.0408106572304292,-6.097353007175061,0.5294830572705822,0.045102006497174996,-2.207495233213418,0.5193958763819868,-2.66040915748768,-0.5842162292476492,-0.8548102613253136,-3.6800981262442116,2.289960336330646,0
4.2921519525542555,-1.3592201803031947,2.572174061803112,-1.719429349634974,1.7984642986275752,3.12750090869297,0.4571399924326871,-0.46923643795967485,1.3100711327165369,-3.2394261941719993,1.5826771904456056,-1.1143409054097746,2.1001226512721547,-0.05467100448069305,-2.06386387266057,0.852573586035043,-2.3045533607778643,-0.8632346459149209,-2.5086125126890284,2.475069466879431,0
8.031028611446821,1.187026386153032,-2.54670788839092,-4.615946718767616,4.74732522483583,0.9853593702990451,-8.731652552748187,2.6283429779168515,-0.012108807200492275,-0.39609525832636683,8.964491778695596,-0.526139201816754,1.986300301412613,-2.1059975413184713,-1.1375405261121887,5.085724553957642,-0.3874625750690466,-1.7109798122257232,2.984144152888196,3.499690521140806,0
1.4634520798736808,1.5513169596453944,0.8462841696407079,1.041934390233075,-0.8317269614966949,1.8097892124728445,6.343131649011314,-0.27941954161838356,0.8575766357202234,2.5484698388443574,-5.503750025058707,-0.7847931860486622,1.1781005991392441,-3.460836080463088,2.209736490313391,-2.300923049948465,-0.41129313842259896,0.17300828744440522,-4.111778471954666,4.44561672642338,0
7.007808359323757,-0.6954906474051982,-3.1154097528432576,2.1664368636435247,2.0131123978114864,-1.1637377530211606,-1.0902620240361034,-1.874633876794224,-0.5939358227064618,0.3192304435593081,-2.9007729538173153,-1.7091788720368004,0.7189688917875741,-2.448771762053929,-1.976401763204681,-3.736743132234074,-0.4313637691225747,1.0840809952723185,0.16616318131596408,1.803133776516823,0
3.9067128325018827,0.09957832004197245,-0.6152172483670382,-2.4892088961457683,-0.22683908572827693,3.6079065738720293,-0.1002757737260669,2.8046981354373943,-1.0829643550561912,5.591779820475615,-2.5464517815485705,0.21879200316931108,-1.267315168019001,-4.139338350377585,0.5659137899568728,1.5978680686965827,-2.9230357223108214,-0.7957574173230513,-0.7186447171049906,3.5294891459868154,0
1.0272626975567052,1.179347403166375,6.5938873649757,-0.7068615637826019,-1.739391069669686,0.8140837957598157,0.2874708856228704,0.5772886545827061,1.4876692702228467,0.17535790742341517,-0.34233671218353884,0.6004807568023942,-4.765190019141806,2.276428728465154,-0.27435965837754683,0.12927449499778065,-0.7670062025353274,1.5446939618371203,-3.5541042619557213,1.235968605172382,0
4.951116136212869,-0.0035092762459215045,-2.4725811078164748,1.1220180111895837,-0.07462944410997374,0.8216468147058344,3.170741665513661,-2.976363637686726,-1.7736834923631217,-0.6373838277656523,-5.417066034891963,-0.188121651283958,3.0252543972583066,-1.9330746018000151,0.23048758420329243,-0.5440323080358063,-3.5009700271103292,0.8454090346745603,-3.3061059132528805,0.021122083591977196,0
6.759999472466456,0.6680215337453645,-1.9903167500986751,-2.5614203891240583,3.5532868849786077,0.5256268589497912,-7.822134701520351,0.6339233082591795,0.3038364988346441,-0.8002044685814282,5.771271822236868,-0.6641300966088963,1.1088354068459727,-2.168530851612643,1.5134582791192688,5.177245302857519,-1.916389670442678,-0.42405163942823854,0.485441177730245,1.0877373958511494,0
11.804396649516054,-0.9453549244199709,-4.9666368250399255,-0.06542908684657933,2.4907717396491034,1.638912611881044,-11.379057699250069,-1.0760648581173684,-0.5786424268199658,2.3101626920779594,5.752844803559586,1.1398492299336944,-0.6645941933140127,-5.214729211913005,0.2926792141912781,7.185417104425359,2.4439236093625314,1.4102921773524941,0.1226899447445724,0.3006178345660581,0
6.37358901464538,1.4467094639058558,2.8327229821954405,-1.227546826272285,0.8084775987090385,2.1037599322970406,-1.5248189859621182,3.9939528196377205,-0.5595952628117143,3.72011657758528,-1.6060343024553587,1.9804253460388932,-3.221951917138033,-2.616553786161493,-0.8919939036518161,-0.9611192851436241,-3.425621108611499,-0.6223456829840022,-0.4113720861317419,3.9570038435040464,0
1.5188999099245026,1.3630080861455232,-2.186755696790831,-2.660693461232188,-0.9230360433934954,2.969448780981766,0.528246403591197,-1.6176188299586385,0.04788546963621353,1.062706823797965,-0.741597756452428,0.08188656371981755,0.8393720061386135,0.5609095864480861,0.7375938174445528,0.33699658698509416,1.0372983122935402,1.3213055754671579,-0.6428545355731761,3.028857884136578,0
6.710936490998779,-0.5864810022959088,2.28969830894214,3.912351934843574,-4.0660998360845175,2.7707365693789887,5.961777481029069,3.046920972272094,1.9761039459677041,2.6645820040949166,-8.236765527028833,0.7283199494484408,-0.36066006445091914,-2.352375079051451,1.353794617893883,-2.8145286995998853,-1.7649835308221524,-1.5608996119695187,-0.66914984512559,-1.0682514670630185,0
5.371433525234831,1.5208568161622005,1.8298033118340615,0.3622574339375457,0.7998977757160055,3.979644515365516,-0.22743294622301152,0.7682089198221196,0.07491826059078233,1.1840149443496537,-2.258332859352213,-1.7754228651353003,-1.3382598779695127,-2.835253264159279,-1.659944764982515,-1.3850902594871284,-2.346848851589829,-1.195996888696176,-0.6186430879505467,1.2784482096272825,0
9.31727814230824,1.2950739812443066,1.9872405273084548,2.6114829009220597,-0.7307514777298352,3.403383593190987,-0.3582868379248489,-0.2370168145124032,-0.0943524544593521,1.4715786935682629,-1.7871433345023349,0.013695426033598527,-2.064097915093725,-4.648744768267135,-1.4188940555899092,0.9826583213489997,0.0006372227069326719,-3.286049003343331,0.6386330905076414,-4.5046821470672,0
5.555424369725816,1.468394445678536,-8.35376188748417,1.5415666611951573,4.7548222350220986,3.6157008769029035,-5.461705092268962,-3.689909194340234,1.0326377835520775,-0.2936068744170681,-0.5948437682175254,1.4147219976314045,3.6080554210174305,-4.491610930451707,-1.2455624125936788,2.508742986465739,-4.462253071906241,2.03392456614434,-1.3798081826606459,-1.371599534237319,0
6.573146665899198,-0.06256445277124267,-0.9868686425760306,1.9949790340964644,1.6472584258231833,3.0469792726296014,-2.267351979460148,-1.357373476593986,-1.26365550471501,1.3305607326388798,-4.226730383439361,0.7453672642914726,-0.9823143096027717,-4.8480026599775865,1.306576070686695,-3.5254836835523773,-1.6134810502210737,-0.42749162835961996,0.010691226665799247,2.031876551971573,0
5.905990541330272,-0.38312282390301866,-3.5373687289485,2.17179202112835,3.0596556149796563,2.8695901753543014,-3.79111413722336,0.15516566562693734,-0.05218236268652626,-1.1587497187090179,1.6870043313576495,-0.14890016866714512,2.9179506069787102,-2.3291812118433963,0.6002036520682007,2.5228188651350854,-2.087266236694907,1.2640046748273082,-1.3162388922127195,-0.1979023594559417,0
8.669095367239011,-0.7991079199485193,-8.397696362913567,-2.546100940816718,4.405138586104281,2.0225669762332985,-12.848056083391441,-4.325411320543353,0.6334250237623578,-0.9921080798580906,6.599970693841736,0.47750519759829235,1.8067873657644573,-2.7367131087995045,2.443316998466168,6.4267494843648265,0.3242546367922863,1.8960678781014022,1.595326616760841,-0.4025979432859766,0
7.901128302080479,1.04752520403455,-5.586369657958194,-0.3700563404254491,2.734683508123948,2.176568960982282,-4.348675553681984,-2.167726863128344,-0.4528269601380875,1.2144295983532563,0.4974988083199974,-0.0814902107085232,1.6742853636666095,-3.389285369385174,-0.7390622849784808,2.2104410315896,-1.307145007390453,1.4180953901880227,-0.6307233939182271,1.0190931466529103,0
4.6842898023176325,0.06623564251806349,3.231622616309546,0.5477812268687224,-1.6097649286315892,0.5822374292619785,0.5917219419582594,3.8536573197151878,-1.2089705244278643,0.12372387062587464,-0.4977994661846654,1.2645001142145023,-1.5931451966404104,1.3482954949385206,0.6275194393908393,-0.2944987879289399,-1.7232352768944719,-1.91057782467483,2.092467454634962,-2.486231361720669,0
8.601404136350567,-0.4375107092645,-3.1898259524849126,-0.4752600255764232,-0.36056256172898316,1.0153169898254482,1.8648284073571784,-0.5790781445993836,-0.3555076331391602,1.737960008886911,-1.9187235468210453,-0.6004828129167373,1.8710368852058605,-0.7732671320172199,-0.426240625112871,-1.3654825924965714,1.5394996964820296,1.339275782836168,-0.45307380268587716,3.7281429478460324,0
5.417545609962321,0.1840795158038056,-5.755504075940294,-0.2052385647721684,4.426365762362239,0.8272382392565258,-5.605159332196744,-2.1175526923512042,0.25287091464203576,-1.3733275801891125,3.336642638312449,-0.050931892781897824,2.685253069246177,-1.6367672126903476,0.32106961289400077,1.2490256915481013,-0.7117607384683469,1.1888223544419962,1.0055646847239217,0.5402213622438513,0
4.076784675832344,0.5917663172878603,-10.235931482585661,-2.50628156075343,-0.026892192155623995,0.25569848268604,-0.017073403968121723,-5.924291715561808,-0.24956218709505515,0.8998292690648406,-3.7068764342488545,0.034428552176551275,5.1074450334512855,-0.8500209722017138,-0.3087961207441077,1.2555252439427267,-0.724168140684069,3.4329959816657873,-1.372416332105673,2.2815998043201966,0
3.6534338470095817,0.14204627565361533,1.6297974215982334,1.6687929599004776,-0.237434209682455,0.7965061593311813,2.306663064461628,0.9784959003606735,-1.3095571747427595,1.0395960591345041,-2.8114800478322737,0.9557504739584998,0.2441682765291311,-3.9766046439803264,-0.7683085442886856,-0.3103186056001509,-1.6135821488907895,-3.1166789991424317,-0.0737186964960731,-1.5719809169737053,0
4.411134048106112,-1.2221032075187956,-5.4935597351108,-0.8086583082303972,1.3637182384304087,-0.10812092861412692,-5.472996970872198,-3.12695610643004,1.4173067535364854,2.2247712711001375,-0.2958843403563796,0.13946786359104005,0.48802073576656635,-3.765969302276469,0.29874013856762727,2.746682215899972,0.08819866422152511,2.398609813598559,-1.4802996519682987,2.3261012184806646,0
2.9104526565026356,-0.4319818583946124,-1.975200616930417,1.5613011209909058,3.395284999168326,1.6758241338581017,-6.781858158995161,0.28917261645520564,-0.8454366960544033,2.3034237449467696,-2.815577901679399,1.46117580912932,-3.034466420724201,-5.194944933669894,1.667166279300895,-3.2882150512073647,-4.118774240934863,-1.2338071638811015,3.214891100974328,-0.3305881684289601,0
4.606803158908071,-1.2508278293962383,-12.308171700623657,-1.9819154234295897,3.527640226794605,2.479894167660542,-7.114847432630237,-5.12394166013364,1.1704237255416732,0.5029813059124837,-0.029585646030356936,-1.7659400475124054,3.5201321430920185,-0.5880417058666686,1.8847955743762768,1.0618449752788974,-1.7695270073040497,4.721554537101635,1.073159586756598,1.7569273689818723,0
8.893504220982678,-0.39383508686795526,0.0034455235353471987,-0.6559231800546579,-0.41573453714181374,1.4353243099191073,-3.0398725834071603,3.2517804717138317,-1.1430093581222993,1.767304200124354,3.5574357277176416,2.1489514478179643,-0.19977664618873092,-1.8695698596429193,1.4600584713895408,3.9323954757006487,1.624227043924079,-1.9869874868655422,2.177305534013366,-0.7018345691668587,0
3.839479484741456,1.610308499537941,-3.841047289721665,-3.219878822192561,2.158799442024332,1.7440979774826293,-2.7398276325475583,-3.5209739864561294,0.47769634567143304,-0.836124386831403,-2.0779880482366315,-1.4812851762564516,2.775866666476979,-2.3838303603914657,0.6727405020194154,2.3858367087199386,-5.802038453183621,0.9044113752496775,-2.7032307349052664,2.1239276030645367,0
8.607924920227052,-0.3091182993099899,-3.453333853900171,-1.707031457771636,4.293714285819807,2.1832751383249853,-4.85988621729344,-2.1059319047637266,0.11812280148277929,-1.2139136847063376,6.280787485696213,0.1697013153343879,2.050618443310152,-1.5765137142269894,1.3702783868478035,1.1836898436299756,3.4573125913622045,0.519746932688012,0.8500157482765685,3.580002933158232,0
7.049994526172227,0.17474433039737383,-1.3361717118012741,-1.7189570119658513,0.5824286958059639,1.9140745427327757,-3.0707850838610313,0.6986392606702758,-0.5470976721591859,2.2913926073585973,1.169454045340143,-0.5190857984602032,0.17623781288404505,-3.1340641019320397,1.225531120268098,2.6185240718404734,0.43459225215194386,-0.009793546366493988,-0.6043555083471288,3.418937439996342,0
7.538219603077524,0.49286196072381566,9.554939513056082,-0.7330997162597555,-4.3861510069776495,3.852604203331498,3.2832701975863707,2.3388491033420697,0.9024634127376183,-0.7529717511995397,-1.9994699236391285,-0.9154495353314637,-3.627246303839964,2.800265406492244,-1.0839605706203363,0.9643658928854006,-1.3723682095076333,0.15305422303173977,-4.564320800371928,1.3756319670100274,0
11.332146382821351,-1.3965580706961271,3.048458354740914,-3.441625108595483,1.1991435353278437,2.34872652928125,1.5307456337023007,-0.0026189576245965185,0.39862537687474625,-1.3653317113407795,2.713649747163424,-0.3116628965641781,1.921488785892519,-1.643617585550833,-0.015989933094088887,1.449203121460363,0.4601470871451738,-2.5272595770249375,-1.649567664180981,4.296170553652566,0
8.02161724201993,0.2545443114995418,3.5594629610013135,-1.903627877037295,-1.124295095853589,0.9238958643118347,5.827290976703786,2.21943865481645,-0.14317086655718783,2.802925248995204,-2.0786770460257906,-0.8827285874709263,1.282792873903706,-5.020594096468163,-0.386145210410241,2.6434778536890975,-1.7762409650772548,-4.249493770776791,-2.654139420301208,1.9227241699327775,0
4.323933648502882,-0.22072828382819437,-0.3110036242999681,-0.44774628205184963,4.154680723959693,0.7135196105841896,-5.585003269189295,0.4053584824433325,-0.5075582318829869,-0.24859336782725117,1.3707117747808069,-1.2549334002646735,-1.710300580693215,-2.263070344392566,0.6639404990430375,-2.212315961087806,-2.892965509876989,-1.4050967245402135,2.817019207086271,0.5073926731679577,0
6.458554512459994,-0.9216275695301287,-0.5109908694239773,-2.188336009374227,2.6883234741120132,1.1175668826026803,-1.8865887779660526,-0.12727826615499738,-0.004776736487349244,-0.01262736166053835,5.640947992657924,0.1702588148648767,2.2146380436736943,-3.308337852252916,0.21535257445584302,3.043603430832284,3.279662458899832,-1.6704796958433148,-0.3673957151208356,3.843443575259805,0
4.56490190038938,0.0343516436753491,-2.494910594340235,-1.9982790247639568,1.6068325181877487,3.5995932790239222,-3.797064985208066,-4.388854734854708,-0.015285432338464872,-2.488881084185158,2.2097181113395488,-0.651837705314008,1.8380508587422493,-0.14602486793745947,-1.0745323485632952,2.0900156232473686,0.6391414613137751,1.7535397442539227,-1.8716704037657288,2.0773115061831686,0
4.8611649067226965,-0.4548433887221673,0.28238743576074976,-2.8210948071963298,1.8261371708695955,0.9370661729732229,-2.5711967921085153,0.4260719360135524,0.8523316570994286,2.062240886307936,-0.37356012558609003,1.1320202910640955,-1.00785405741484,-3.2832771708171125,-1.0159162680267808,-0.2048445173631397,-2.0715689325032436,-0.7940414191598071,-0.3674914021745451,4.649402141159917,0
7.699110511941743,0.690529529597739,4.6770986060222395,4.674482723098308,-2.274576782801862,0.837117355288708,4.881999067942999,-0.2812434833394226,2.002649570611722,1.572673664131051,-8.915776780826924,-1.307195464852957,-1.9361319854266335,-4.558145275615022,0.13752370787948978,-3.871817190773472,-2.1579212811886057,-0.7959680278820528,-4.244114270348366,0.7256230745080231,0
0.7229312770840073,-2.227168908985079,-0.06105160735010416,-1.8815071607060578,-1.7474643018344165,0.9491948866027404,0.7382124359043932,0.49037223574192557,-0.9320982151765185,2.1298264378088305,-4.4368856028136054,0.36705812340158384,-1.999487914985631,2.141315447448279,1.4913520219996181,-2.925702376884747,-2.2394646754647436,2.6630117260192976,-0.833615696456453,3.9145739306311267,0
6.903996118856205,-0.5067138074613378,0.3354585241705271,0.03062654800591047,2.2697172644577934,3.6282730032231547,-2.2531486436309387,1.1280542517710592,0.43058412330196166,3.8839210789729366,1.264737617960209,0.3017787197012054,-1.4275950075846198,-6.171483729085931,0.3047828751032135,-0.1965587402190565,2.543214192289074,-1.1584399872153597,-0.4440089550064986,5.167459383387934,0
6.484416050453753,0.35521272088131617,2.7037701844916846,-1.8790856872285469,1.5452744205212618,0.6937999716970427,-0.9007543201128655,1.1638315421357879,-0.12157364323566111,0.863387308138479,1.51765837206122,0.011809147695236607,-0.6603542744147626,-3.2156900974233094,-0.3934167145497811,1.7828628281929175,-1.5655968416239903,-2.374788062412565,-0.9575589208224098,1.8488460103970474,0
1.9238142491777,1.9472379243070037,3.517474627371693,-2.3208547944771123,1.5011454512909883,1.4636701337368934,-0.220035147293377,0.9406783665120597,1.433092000349769,0.7736871647064868,1.2259139494693552,0.8185758706419417,-2.4158679910412646,0.02640907537606174,0.10729942335199341,-0.5960040732939222,-1.5410470287533162,0.006198773257357626,-1.5719181290220785,3.2719295977821523,0
2.1619092008216683,1.2465619659079374,-1.166918830225692,3.349068041187897,0.2725523317071037,3.0012521287610676,3.6365386542305336,0.06827225521057445,1.2783754851568296,1.7699815309150781,-5.945023117201134,-1.7918541632450742,0.3928341896157219,-2.2865672213054262,0.20955818305913523,-5.697607295181342,-0.5902427676251696,0.7351891981804066,-0.6273716558782415,2.4205306497084726,0
8.09861719982645,-2.242218856512574,3.2895696081595127,4.728017969122398,-3.350679661003702,2.62777911923207,3.938803299258568,1.8564922634257168,0.1731733729327618,0.6684915203152864,-3.579762206060275,-1.2043147180499845,-0.9387264566076768,-2.3848760336273367,-0.4026455930547847,-0.35839969930844806,0.9113369343819533,-3.7460911819053004,1.309727037366771,-6.279231614447555,0
7.610417584498176,-1.3614354995136602,-6.8739364654999475,-1.3662760265619731,2.5392571364683274,3.764685852870545,-7.466009142326005,-1.9471079598826013,-0.732109377780556,3.2264583283371775,3.5923346184600775,-0.2341912171044841,0.3095880917828059,-4.400623188487945,0.7572142161265586,4.618548659658739,1.8681756132482987,1.046421821734095,1.2390086538070286,0.5391974933302247,0
2.691531728831631,0.9457828548170343,0.38469361037484223,-2.519710778583436,0.4941372971594583,-0.09787148568078319,-1.3449419564785614,1.70740607334054,0.15803092579229372,-1.4950451192116283,2.6002622833377314,-0.30034896643157866,0.9742403540621679,2.478453261528391,0.44633605011108385,1.138542801699259,-1.3652951954507246,-0.06793447714319734,0.9306649764187989,1.2036975604642677,0
3.1481819841125613,-0.43662973070468647,0.44095488298444724,-0.6796507271873247,3.6743374941423825,3.7448989082241773,-3.2890265600718247,-3.389422087548522,-0.9362408945448489,0.46381279309647283,5.822441547671221,-0.4469821228675069,-3.2314992674430516,-2.5106298729300334,0.18307118753589277,3.9905596672521373,0.6072802831432766,-2.101264881163096,0.5112966704459351,-6.516713231914575,1
5.3514020818572785,0.008092217662215925,-0.8873762363818093,1.8432049408747782,-0.8313036542336469,5.156555385068145,2.427454034878358,-1.072015658799868,-0.6786981144339462,1.4713631269081175,-5.502945179396072,1.316642603622503,0.21203271042589433,-1.4737642911553062,1.0760858881414217,-3.5127950950182902,-0.3050752461019226,2.1175148861408166,-2.535108138253671,3.695873616635036,0
5.803227912558213,-0.24426109233730292,7.560974778288291,-2.969710142267618,-1.8692444757498134,2.5868015736143333,1.686098128114991,1.4047504982503038,0.24939225824795005,0.1985732183464438,0.17694830433763606,-0.06961827762854257,-3.1651901130999422,1.4032534630703386,0.38064998457597804,1.2526595908934226,-1.0223407438045329,0.27811626100766484,-4.365629219151429,4.126653543339868,0
8.460016724815171,0.43371733535940976,0.5488327750578074,0.2396952212915433,2.691585389505893,2.995720222790913,-3.0594938064363135,-0.9571243715875974,0.7977613329468998,1.0702831111224564,0.3609583833411682,0.6339854602662123,-1.502266185317859,-5.281286030067319,-0.0752824722421005,-0.1610759591301515,-0.9187678711039113,-2.840472627885062,0.996622631393659,-0.5403874862259846,0
4.591499460389081,0.6874452161321071,-2.955706792935469,-0.8044770810262526,2.3690428295851746,1.046506785509065,-4.99002699499902,2.132130727695324,-0.5524673656313704,-0.42369378605481156,4.061927911099905,0.16631808007380922,1.1802587243562186,1.087333045301235,-0.3249273815399503,2.233669471971439,-1.2502457714946023,1.5180276475785965,1.3245363170804891,0.8493340598026274,0
9.738189428160874,-0.2285255161878253,4.184707546381849,-3.1784336333589622,-1.3919373072191275,2.893086895416014,-0.7884565452390102,2.7758142496816096,-1.2945075452327255,1.9698495822827171,3.1703176395173145,-1.0958811926392897,-2.3865821711658093,0.14392403810978047,-0.3186140651505112,0.5803748591106237,4.097252025469967,-0.7359723094472621,0.2063071377369885,5.801425444101034,0
8.153990464879033,1.1729055694157702,3.0257195907786407,-0.06312280083976951,-0.22125049339157588,-0.16533079049021815,-0.5346571295972521,0.6702223389110331,-0.042693650998695216,0.19633322631373817,-0.5668566145845608,-0.19082105906817157,-1.213275895335677,-2.3637975636636805,1.2869191205821515,1.2304147080033494,-1.651225325928123,-2.1929921209441066,-0.6259153348628179,-0.8865889461375911,0
5.841852674072014,1.1972972342827863,-0.9201675548987388,0.3646560454509373,0.6396236546489522,0.5140484956085825,-4.076430275114163,0.5109126707296578,-0.19675767702120997,3.4970206811997757,0.3696378308403534,-0.8556468102802868,-2.0964460642770333,-4.120132423876293,0.7265076800355519,1.86102361214908,0.9013768615559283,0.46226463542709306,-0.5915203676980028,1.8045593812614016,0
9.265520924320388,1.2779150413051927,3.983558984558898,2.3528390864263233,-1.9328673493738115,2.3828158690118606,0.5595620038941389,0.9424709862297241,-0.4631685679274582,1.3225237863535106,-2.6330400790605757,-0.20016824473789918,-2.344682902192563,-4.1194107391882575,-1.8494843456335437,1.9999337271867685,-1.536229480205909,-3.5131806571954654,-0.5018110882433969,-4.720815428680078,0
3.8500101752262204,-1.6197187157075117,-5.3693314741313705,2.0437997711382674,2.126398224122091,4.64813766765217,-6.035909515595285,-1.0564509089850507,0.594911524812369,3.743202592823974,-1.9109188202736909,0.20087605113694212,-1.0297807020140946,-5.292310082293464,-0.9232872150753396,0.8602681524311303,-1.2692541809845606,2.060818898280231,-0.31989046939888877,0.7959410030002115,0
5.626177086055323,1.4676955894574444,-1.4120176236316921,-4.305795384488123,2.4032141069146817,2.61321393122294,-3.439518069299552,-2.9200854197825863,-0.5057153562755194,-3.127255550891639,1.9855722556133637,0.2939883922438661,1.3494108097177315,2.6860927465541415,-0.40332092867997454,0.09260465572866738,-2.4917394154262418,2.329101891953353,-1.3902446131481119,4.1166676008142105,0
4.3101431206615,-0.16935374451351004,-6.525720106981809,-0.5719054892710874,-0.4511555626543373,0.9480992386552083,-0.9973225432342857,-2.510333184286921,-0.1648867331500469,2.050699448014605,-1.1605242130969453,0.693696895961727,1.4509551192524612,0.22745366111937046,-0.9875164585857522,-0.3950413161825588,2.6785948871712755,3.2030086278764633,0.46388350250681754,2.243469599545436,0
6.304051049529557,0.1310845507753506,-2.367197615751389,0.6370858985808345,-0.060070203210240924,1.3759436503939204,1.6691747201583054,-2.6051090184015147,-1.2044645923917672,0.7385813965034304,-4.798742267480102,-1.6378938366164604,2.1872778358299207,-3.7104309815492025,0.34966384254096483,1.0118383103488615,-3.246755772878054,0.19056298006762618,-3.2180612995351052,0.10157633734550942,0
7.952894916155762,-1.1853335060135524,-3.7431463340753597,-2.496972622682117,1.0515812462930825,0.5525454809861026,-4.903428071132723,-2.2837644861169775,0.35214972284796653,1.6258346892173465,-0.9864349861117734,-0.9044446067303175,0.26223323081816585,-2.5959334615231535,-0.33829434818290044,1.6982096081422515,-1.5160229017760858,2.010973676909563,-1.4559989298026683,4.0997609399334385,0
3.530719298914822,-1.4056557341555895,3.4342069409718863,4.217622470473804,-0.6194932520080393,1.6450886226782457,3.4293592023859194,0.3585882129330843,1.9328169751292736,0.5155246659203052,-2.0876321858134985,1.4568663774177932,-0.9418562478430818,-4.714106345754808,1.0720217583237615,-1.3440542384168432,1.442887829474032,-4.839358588775101,1.179852791376255,-4.8650537241488045,0
3.982061927122929,0.7424195877165065,-2.8725670104118444,-0.31880929706858463,-2.184900793994307,4.267366895567227,2.499478993617934,-3.289754359393868,-0.6927836100583545,1.4103672078412488,-4.9558020995236,0.5450281765062581,0.8105588797931731,-0.1660572004409219,1.5669757589108957,-0.4800180519182109,-0.17701328296184893,2.3652490340071317,-2.510710950078918,1.2218956729350434,0
4.557725055878298,0.7664647917044581,-0.6980938231405734,1.1226771328006637,1.3791329571032152,-0.0741879561238672,0.9611253791184158,-0.7296245407797495,-0.4637135490077378,1.4854577527238297,-1.300469722530624,-0.6792087773918655,-0.031802603853332,-3.2772323609867087,0.8835389287533907,-1.550643912591958,0.3632329353106385,-0.9214444149555182,-0.14408069744648555,0.7019441338168937,0
6.780729155927496,0.6911938550574667,-2.0819117905382156,0.7103544467939774,-0.868736652060297,2.614995531859216,-0.6564375641237205,1.021945360837943,0.12777023666633017,1.4478086400098162,-1.4185386389976276,0.7667891650759759,0.6814980413112492,-1.7478205067685395,0.8568309338588325,1.0397764923090658,-0.6157906693945188,-1.0887658642452678,1.6859843485218344,-1.835153433122455,0
4.739758579724315,0.05097434096619951,-3.303913896148823,-1.0557669366323974,1.1959063672487176,2.8149147457537715,-1.1158881201584558,-3.5948971656058104,1.1528027463551933,-0.5098613564476104,0.9938128522952275,0.6461376519121663,2.1130215083288943,-1.1863093164205332,1.1687180451155654,1.2133881965840723,1.7773668751302742,1.5403158064109528,-1.7420999603051652,2.3554495214062814,0
6.270350357592333,-0.10604568401875988,-0.03455751384215061,1.604061343157658,1.3860924500456986,3.1180922472716253,-0.6858605448730104,3.0410718981146365,-0.3884481358055981,5.443371274096232,-2.0645724105181817,-0.1844951555890202,-2.6551564172875626,-5.0831566628469815,0.14042905179755769,-3.255963644714898,0.9679204865307227,-0.4761979973091519,0.8648703712510486,4.415048241867718,0
5.447495580442075,0.10016302363330228,5.787872229228203,-0.4186418899153128,-2.3421022040074586,1.8674053825615744,3.792857947285963,0.9891165317213733,-1.0020060919038514,0.8930509756837646,-1.6622592003792365,0.3348852234230878,-1.6146081172122106,-1.2665060596015605,0.12367018793983431,0.4153614516519273,0.6052871090405192,-1.5229552597365537,-2.9956025450829005,1.881313853842175,0
7.4340279625556605,0.17431026168447536,-1.5379394843355825,-3.2478767654976406,0.1880873349681259,4.359876932559143,-0.837912852396939,-1.444070159966306,0.16479030031558323,0.019096656360428566,-1.6326117789451953,-1.066010899563593,0.6703230653784973,0.9185298825227513,-0.005606592316313193,-0.9714224588330738,-1.8152774758505235,1.7441293438380128,-1.05233030577024,4.5366055605335385,0
6.9996543243840526,-0.13375605369857013,-4.927372074828059,-2.9954580093066943,2.1333151546974793,-1.4490526912077708,-4.964072205862781,-0.925422395907839,0.5155009963132484,-0.8192074085152312,2.734183163203934,-0.3900232378136991,2.584101074391052,0.46979069311048166,-0.9345971453718832,2.677089873294495,-1.5727379231181127,1.6952104848379457,0.5719835225135728,2.212691794088888,0
4.884442747183199,-0.4367970789897604,-3.0223581350564377,4.314553990673282,-1.022697702445503,0.6841247119816792,3.1328335228861217,-0.43620583707069027,1.7081480262745292,2.1523019665114638,-4.1257770130958145,1.5373089800090411,1.78500322475693,-4.672753541465536,-1.1159968814445331,-0.459327974213269,0.9753244885766852,-2.1137052416018616,1.0671046728719498,-4.069356610741852,0
10.33617075433558,-0.9837622874311044,0.43152894102147643,2.2237940819844244,0.29347102533896663,3.336282380248037,0.7390146852561115,0.6054172072088237,0.475460730547855,1.1446992495203718,-1.6330126563104792,-0.39422794645794035,0.575258306642831,-3.104429721579175,0.8617388744065295,0.25227711624949545,-0.06054100819288932,0.5661210764381723,-2.821342823275282,2.1114423539566944,0
4.425665362199592,-0.9857171976913359,0.3038276852433363,-2.5373536888309576,2.133855652103554,3.3698621144100334,-4.545846739669973,0.11701283784278782,-0.03807082916295848,0.5382488392614576,-0.4757227893813606,1.2629131776730655,-1.4653327205481181,-1.307834067209535,1.8474042920996354,-1.6378550397771732,-2.763708707251654,0.8425112438795039,-0.311955282789663,5.4445901764588225,0
7.026101183491743,-2.3371730615259536,3.8523229445058704,-0.6534840322449982,-0.19002444391766515,2.0436900186529394,-0.697833484984845,1.9292030320926394,0.192123839993097,1.117243382298633,-0.16884411370950986,0.27029372524288464,-2.5533454389619608,-1.7126092511529158,0.09274689867532912,1.539933039281678,-2.697576074179869,-2.199936525637998,-0.3120861043589973,-1.4066355852435581,0
8.584020817804504,0.15440671505166548,-2.4620378629177755,0.1153227163715731,0.6522724226505332,0.0643742492999424,0.27884161560845605,-0.6835182022707297,-0.29226933132250776,1.3894073951405885,-3.644353347889284,-0.8721127931713215,2.248431569687062,-3.686774169203857,-1.3170625450415308,1.3148363531859348,-3.581777743357677,0.874778362400618,-3.280885864717046,2.515319496256422,0
7.849980589464935,0.3936493691270946,-6.182456689864495,0.0920142062860938,2.962724914239528,1.422970575051846,-9.226051777393568,0.5041961167331908,-0.167445653083633,3.0615612864111834,4.028048631946812,0.9932145067464127,0.5953942819939485,-4.5757851827482074,1.7732988207347367,3.643820091533298,2.4069918151826064,2.327873274686251,0.6561607127815168,4.093550162031438,0
6.657353992093446,0.40283577418993677,-1.487927542486181,-3.5364098899459164,0.2790842917575729,-0.14827699262298388,2.5103904904172007,3.0372804052937714,-0.3240490781690684,2.3958019733931737,0.04444513285446668,0.4964848625324931,3.1080746151737153,-1.1143186698062357,0.7958182537878195,1.6890324939257346,-1.5413673568728106,-0.11135341933022969,-1.3095703125562574,5.984188177903999,1
4.579098292638698,-0.4080642800357763,-0.011894017075148403,-1.9449359997037141,0.4395885536714488,2.7055030101856725,-0.7466756623929408,0.6892164884867757,0.959985616475321,1.6268910099518439,-0.5313040154714578,-1.5917848229884677,-0.11006680201781482,-1.7551953000825782,0.06479421530074578,1.6539351916128733,-2.29218439915904,-0.11649666113912038,-1.3437972263567568,2.1638929425978266,0
5.754866233125525,-0.8138695122738563,-0.16551748336725838,-2.1258611949653923,-1.0940629253839047,2.113208618754015,0.9582098182684805,-1.7181402722552415,0.11283511990937642,0.8090902845841949,-2.087603409515834,0.4819155151159868,-0.43773795458404563,0.5845180161613315,0.44331054204905745,-0.7619073212799459,-0.041507023824408296,1.4058957886721863,-1.6316330284597083,3.112919165480703,0
7.04343742622231,1.1270875103986076,9.00219981799214,0.650631851081328,-3.6997703818567986,3.96929079429433,6.276763296526246,3.8774066075297906,-0.9546799553493961,2.015165962390621,-6.509187903326527,0.7146404871902637,-2.981424319299054,-1.7267207809281713,-0.5462099028098744,-1.8847275975076956,-3.512893277163456,-2.1100616273025676,-4.018465123025036,2.6052998253621134,0
8.587698077005436,-0.057753323212759965,6.795853464105714,-0.16777673412116578,-2.312725357783887,0.7586100030331512,0.18335235697267505,2.841807466390692,0.15465623315239926,1.5079576324789876,0.3258054386886592,-1.289393624780222,-3.336004229835814,-3.67454622700322,-0.7583503329137512,4.23634525211769,-1.3440501608216684,-5.594371744088587,0.4429509959619311,-4.877308092147516,0
5.239947148113323,-0.1263986610708775,1.126202072872801,0.5037557177723184,-0.5262277176163463,0.30532484600136456,0.01517859426944535,0.245350224219827,0.5725129340046095,0.025498794466622732,0.12661628892318064,0.538357377228015,-1.4881305524769108,1.6550801522877172,-0.5909912381015352,-0.7514288941235896,0.6377383844223841,1.2459767091525222,-0.4231842407927632,0.045121659496447745,0
8.513805136681645,-1.550279523641584,-3.080898734897438,5.0359176290505365,-1.602651049104221,2.14487913575727,6.591384587436375,-1.7104828268500416,0.8075714976095575,1.9442007486997888,-7.577019454234922,1.561741228605017,3.21083540541356,-4.668796716313905,-0.8883850171244463,-3.690801317907752,1.755066532218006,-0.2870677837170045,-1.6329943524641772,0.4938552411516286,0
-1.187340586304169,0.20044970217590788,-1.231283746755369,-2.3861339433585544,0.787820900913187,2.196418906456803,3.5751365524358008,-0.29364491431994666,-0.4087487363740486,0.4938545145159625,-2.9541568512350302,0.5397090854643968,2.0456191569357203,-0.2550542712096016,-0.12635908922123062,-2.255560482785327,-3.027453116956489,-0.39889191921152123,-0.5414939624334636,3.1387444844336274,0
13.841403519422606,-1.199699152057563,-1.7124568819232442,-3.7311364877175417,0.863317182750776,2.1054750245890936,-4.133661473226544,-1.6896604602811063,0.22778009631550944,-1.295687204339258,6.62339666199314,-0.40405523408657185,2.377141366245991,-1.040109656518025,-0.691161551909861,4.870115455623829,4.559129965244526,-1.0158755326198046,0.7329214360516461,2.5390794706446864,0
0.19107254724408618,1.0067947102007555,-6.495509176294293,0.30534758100607284,2.5320737009858134,1.1093529532000896,-6.723208787473496,1.6071330372182864,0.6137099950763467,4.616500998452146,-2.403559119422795,0.7053280771445165,-0.059729867828488326,-5.134085106487494,0.3922627125981909,3.872124585905949,-7.018793791482099,1.7266620005431137,-0.4089373146418256,-0.552779585253154,0
7.571231229600361,0.5472297091589035,-4.536354729366899,-0.48198283797249597,0.1707018884844388,2.8776862167602038,3.0763759824323844,-2.6613142614050993,-0.7957606605646275,0.6706266352060518,-6.627927391612904,-0.7007444154652996,4.160541071143372,-2.4629312922904316,-0.03869330473384602,-0.8748237146473601,-4.414424001349741,1.874977868247563,-3.7947258311395005,3.628872075666285,0
8.985006458091107,-1.6965110484140322,1.684897310841603,-0.5097587864676274,0.901486961636056,4.798018042366051,2.4978745226606156,-0.2146198780477836,1.2139133032983584,-1.2225747873381012,-1.5670361115567624,0.020769179866998774,2.4044341754794605,-2.140043245471884,0.04560420175223553,0.7818893693182462,-3.1243989840020654,-0.9353868407824038,-3.5158326493781518,2.2990086580689644,0
3.7895727824533036,-0.8992184168923935,5.044300514573647,0.8965783247561296,-4.074647264802667,2.694948758048031,2.5524308169193364,4.961218789799325,-0.834871644615316,-0.5077684050050937,-2.8285160861914442,-1.0849590892021117,-1.4014405527122358,3.3400545010539537,-0.7535562866775612,-0.5521243965447427,-2.5924407574995527,-0.8854698789436246,0.5212666367549521,-1.6457906182990951,0
7.4426837077384524,0.6680215337453645,-1.9903167500986751,-2.5614203891240583,3.5532868849786077,2.4069937599851428,-7.822134701520351,0.6339233082591795,0.3038364988346441,-0.8002044685814282,5.771271822236868,-0.6641300966088963,1.1088354068459727,-2.168530851612643,1.5134582791192688,5.177245302857519,-1.916389670442678,-0.42405163942823854,0.485441177730245,1.0877373958511494,0
4.157217031333738,0.4613696158202885,2.7736262824966977,-0.06669137622702137,-1.1313780917545386,1.2489492628908474,3.6425577798319235,0.49029386706572453,1.0707417060602453,-0.22588701138011058,-0.39326335437724,0.07227263430626463,0.8630403138775291,-0.9680052623354148,-1.003460203014042,0.8946980772878277,0.6218925866524108,-1.6454240993158953,-1.7392016426081918,0.4291498852831353,0
5.890954726094288,2.1562926678721888,0.6481779969725697,0.9196565777440837,-1.0654183211081967,2.326706514719278,0.8373319915002191,-3.863292040718325,-1.5618508133245257,-0.7520190429649827,-2.3299116299440565,0.5526051723152146,-1.1532874300144744,-0.5327667466159954,-0.2611212745784832,-0.5481377833102761,0.567332140714681,0.11213157736666668,-1.3701456211278968,-2.3115755661144193,0
4.956289714327378,-0.6487930181753979,4.980098759884575,2.9665233414727235,-3.243247175811681,0.14769867575194418,0.028920767241870423,2.69691269101887,-0.5325077928128483,-0.4340192862605463,-2.1712396450517777,0.5912756126223901,-3.8244255217866754,2.159806260401057,-0.8845280755125683,-0.2736480988873541,-1.6227764088688248,-0.6490177195364633,0.6723639316517382,-5.271779237045329,0
8.734020182379409,1.1895558607555858,-8.740333652438101,-4.966979632859057,2.8369952614312197,-0.03552348725942345,-10.011678226077953,-1.997444321809653,-0.4563669871777648,0.8412118415646832,7.753954778266464,-1.0309774340213669,1.7770965960049818,0.35036517989701516,-0.9133656405616744,4.553072578880153,3.7400372411937495,2.2537118910606306,3.9357745686810013,2.898935248178656,0
8.664721928942054,-1.8176421660757118,2.083814455715417,1.69403956263886,-1.278174783069473,1.5501181407113043,6.889144879823123,-0.030757805954768846,-1.5010623345060283,1.2785849164268315,-3.170711428846117,0.7733516526090511,1.6360505856715233,-3.469586943400298,0.18135250016160578,-1.0473367284905037,1.685319408489042,-2.0969561955763028,-2.51602728858986,1.3670540365898225,0
9.470307248308467,0.727283992299124,-0.1031120241069325,0.3502192166557042,1.606016796644306,0.6885011355321735,-1.0716904027207383,-0.9113969319294073,0.7594731762223799,1.2125301216461228,-3.0830527880961047,1.118890328064055,-0.6653622538727038,-3.6261578064439157,0.10556529377069218,-2.740206812753321,-1.6906761525877707,-0.08488610050823808,-0.9984284813496584,3.5117395231354624,0
5.043876261107487,0.1843104857818612,6.943236277289327,-0.8336100669218762,-1.0787824889446924,1.4386740256485107,-1.2359315601057437,0.37414471546391526,-1.7182608305077025,1.8229658195032592,-2.091548928441488,0.5934260814234857,-5.609167819830435,-1.8761600123581967,-0.019258066590248438,0.9972817257245048,-2.8833950070309338,-0.022142540148387124,-4.145056567146931,1.4330547843553327,0
6.779289498882042,-0.3542145660926418,0.38989340573951464,-0.9811196725775929,1.4276884084092567,2.2737828219884246,-0.5870112177863149,-1.9150440506461188,0.8945329067388668,0.7899948911865231,-1.0438124268270077,1.4227955700590713,-0.30959699163932397,-3.2928576561158387,-0.8667033700126618,-1.2031777175062288,0.17373615989756996,-0.34564588037400723,-1.6031460058766924,3.900851991664707,0
0.3274192569998884,0.9719970090596053,-1.2974962670137395,1.0272553536594606,-0.8869449721315292,0.28577973856539096,-0.07088428735174102,0.7081701766723099,0.7540479939620948,2.0600136855376268,-2.7478500181788372,-0.2901421580752175,-0.9298676374295658,-0.49738585361757587,0.1131600711011686,-0.45379048303938485,-1.297954615374791,1.1096891293877236,-0.13103060486061868,-0.39649700646239444,0
1.415658319423727,0.3654265541995467,-0.21238727232232302,0.23192013016701707,0.0174021696004788,0.8679462083779039,-1.9861923731867115,2.5514982239851447,-1.9983456219676095,4.635021041587125,-1.9544351590561537,-1.3140688205057804,-3.0836902763373955,-2.7204500074976337,-2.2804787296784355,0.13260947109992782,-1.8169241163400436,0.4242465339903395,0.11958972884730601,1.1511452155307114,0
4.971698132047795,0.8062917379499552,-2.8398703078875887,0.8057745362095277,3.43271608460265,1.9324397896647296,-0.4399582020380091,1.6760858241413348,0.39742949035827413,1.593629262875019,-1.246525043209193,-1.5286884395542604,1.9831383394521125,-3.365642890345441,-0.3388818806082085,-1.768017904487992,-2.883108127965233,0.3193040852818212,-0.3974107451110911,3.6677777093671775,0
7.202373780883453,0.6960579623006138,1.5540369354209558,-3.5675301564333797,-0.02193845694315899,1.9919668224292426,-0.679625540948965,0.9734102064519599,0.38625385153596753,-0.06619155747421224,4.517983309875884,-0.4880555609974807,-0.2736840195729294,1.6356015730858773,0.4214340255470921,3.8729220417117425,0.5889866347575556,-0.46185752440373884,-0.37565677712160184,0.5660918079196692,0
3.671980611862957,1.1649651524339888,-3.754048963539182,-3.608932618919028,-1.4334210014659425,-0.9213156234928084,0.35620791566428617,-4.4133654988681705,-1.4092419947251698,-1.144070956043496,2.764571936474168,-1.187441424586226,1.9271706302939475,3.4897996080814813,-1.233582149787414,0.6192704497323411,6.015798882285657,1.8764701277481723,0.9444407828178196,2.091398609669483,0
5.019433913557878,-0.12941145120193132,4.136880153368742,5.7268676381003045,-5.585899360862131,0.5678145137683795,8.702378270991233,2.979273311460878,0.016814030212643966,0.560412093277856,-7.523172520259575,0.1319722290770083,0.08642043819626921,0.27055099987165393,0.6897810937467684,-2.9289657573452015,0.21618165072428153,-1.4717483600730208,-1.0316871112305783,-3.657465960437893,0
9.082212470558495,0.5716111750031106,4.877007209909415,6.390012086790503,-5.150477888985935,2.5872868010328043,9.198110462832501,0.762160821906691,0.5154377958226806,2.2794180039316014,-7.765741444441644,0.5587226329341695,-0.4681956164663732,-5.28243273297421,0.7437009672629117,-1.312655084977284,2.1887549464888165,-4.033949177198109,-2.1964951686037733,-4.471005100156919,0
6.1043864760014355,0.2906148001494306,-3.1828271915440527,-1.9369750093247107,-1.252707001607999,1.9404575814829117,0.6642477679366865,-4.274529739017053,0.5764176907758441,-1.6587343063128213,-3.664818952883093,0.5187654462321547,1.9509771901285697,2.359416685177099,-1.9772795879332044,-0.07983563167459184,-2.4516142547570707,2.8768806203948944,-2.290118214454556,0.8397342734236142,0
5.826592598154014,-0.7991152669877752,-5.6337499652404,-3.974158540283506,0.42630981657904066,-0.36374640566321637,-6.064371647248168,-1.167574140043114,0.05280831865335904,1.2600751436560278,2.400198785016586,2.474369529495705,1.372030783991387,-0.0534392202633604,0.3598158022500024,4.34000909837625,-0.13603351867813074,2.223874459424836,0.5669791612091608,2.594500291045783,0
8.217512280436921,-0.5610429326027628,6.831849624475069,0.24709428996244065,-3.107676672502342,1.0138659719108056,3.7412398939659037,1.6459721524589055,-0.09330141282503533,1.8223522868110593,-4.208209429586987,-0.4394239838819226,-2.7527583058635985,-2.3313558382908632,0.442409431493195,0.8588640793852891,-2.105559942839178,-1.6773868396138742,-3.99811657163813,0.8033923811669998,0
4.542467246829549,1.4052474508538726,-0.4111952715331432,-1.146397553385703,0.11115799892046208,0.12505334370655197,1.7029408830516222,2.6639983675578303,0.6030542042175645,1.5677278794290421,-3.8677302605100095,-0.7537520221841215,1.3809820831905508,-1.3743148332943116,0.45160654781057835,-3.0918874141954396,-2.953404680851442,-0.5101350764778814,0.34112032465179176,5.141540673973695,0
5.485863097285604,0.04709879808064231,-0.7926435786328813,-3.1386408618325214,-0.830668383384884,4.906184853204868,-1.4869334433663868,0.023300842764889307,0.8964720238990661,0.8088947727933713,-1.2413051301816052,-0.21180002478219587,-0.11127841658897153,1.0750919663197758,0.9555695930852467,1.2583029588526684,-2.514799039373437,1.725567824898134,-1.3382811459212869,3.0870189734043074,0
6.97936728873774,-0.3366113119604229,-1.121324978660452,-1.319634745009204,2.3048617723539593,3.347563619362736,1.7611060496059385,-2.456607711171451,0.21477671965679443,-1.859819479684257,-0.6000857594068886,0.4012033586529761,3.6790979009335008,-2.081682191347483,0.5893420530775458,0.6281141465140374,-2.546104875750054,-0.4169671364960521,-2.9877334707532466,2.379363352360013,0
6.128122635789019,0.3520114827755851,-0.8441208060937953,1.1279362234485908,-0.875927348478269,3.5407940496440475,-1.123253955980529,2.3877675440901096,-1.518568202267943,4.303138465784237,-4.016814885494659,-1.2764592418524698,-1.059655727088201,-3.8369551966362994,1.4534971934330025,1.1284174464174486,-2.607773636301676,1.2285698095385333,-2.2400104109516716,2.6055392120298273,0
6.120998195679173,0.34658114159851244,-1.6313576398339753,0.8954175572072931,0.26438942399875387,1.0955309915323768,-0.44634674940976665,-1.946441100179559,-2.2967711012039906,1.5958242279840733,-1.6394826638624398,-0.12994908691433468,0.272268126435398,-3.5347949271994725,0.32584877496864606,0.8005467185049193,0.6712486836629685,0.48946507124075556,-1.9283907771030449,1.0853563058774203,0
5.240087392941866,-1.547178083772751,1.0606644405880046,-1.7432014503535629,3.579639736683399,-0.38052253478286074,-3.8398199334373535,-0.15809885359330345,0.7902977130520217,-0.150463749262584,2.927617736896015,-1.0603051449290513,-1.0791556115159933,-3.1202235713298796,0.9725092274317072,0.9382804170768391,-2.0232001303404674,-2.4866748073991953,1.0089961472466427,0.13147803229381497,0
6.038119167515417,0.6910063881820455,-6.701024120803461,-2.265558967376365,2.1983168552786547,2.0874141175926733,-5.103090964017549,-2.6087078820258425,-0.048696849684162206,-2.6550346292462663,3.1526486493248385,0.6635734874391425,4.287894412942162,1.6113597126006687,1.5909840039446963,4.1685351435028934,-2.0053211623094134,2.7139558370038346,-0.25249057115739193,-0.02547729431906063,0
5.102323574990818,-1.095606918173778,1.0296071910114342,6.079019646532429,-2.974980660008615,3.7512672399189757,4.693616548473437,1.2199669117876304,0.23737439163850194,0.7844379677027725,-6.871610413828116,0.6079945737450566,-0.48055624980547207,-0.7763334998748416,0.9956967904907279,-4.917818371661655,0.6407972495113687,-0.2074829823449137,0.3944463459783236,-2.4584085486551266,0
6.878026079690684,-1.0260431910812287,-3.2365818622498765,4.887060258482408,2.751237807332197,2.7718794569252507,-3.5184734536492623,-2.729577846531438,0.24374836171234918,0.9071769770565413,-2.7831450612180917,0.11215560261588199,-0.9684713105101629,-6.149725487082597,0.2237576394426006,-3.361655607554118,0.23530742625709222,-1.761234731852016,2.7132361900776405,-3.5889730863324605,0
8.328857509461407,-1.09154641766553,-9.131688716796564,-1.478480447960006,3.1558420205193145,2.6987705677525193,-1.5915489033299282,-2.670796149127376,-1.709103881205609,-0.48722901568234933,-2.433819143425916,0.10765468277371949,6.677758695352672,-2.2770359469768446,-1.5266271983461603,1.8147815427971492,-5.331998273426054,2.706119199998736,-2.2554422067152373,3.2194066738229123,0
5.300270620601998,0.3607489428341934,4.33110137832952,-0.1521137935911454,-2.1832533842627417,3.4366107156913275,3.7732541037478944,1.2967276845184177,-1.3152232591456372,-0.14010804473729466,-4.632290459919872,0.4082268458544102,-1.3186535126601102,1.2231738047354888,-0.6363982351303545,-1.5713938208887894,-4.019426547683059,-0.21439288742906526,-2.3414182799436176,0.3611172762434374,0
4.803134276331297,1.6780143494994209,5.3405389345349485,2.0776403297339203,-1.7937938823028836,2.8994955168290097,5.142240948978954,0.28733662718298336,0.2544755266921105,0.6367596323735925,-5.450547980019153,0.8844461651468103,-1.847689297640032,-0.9141759008646357,-0.38752440875501143,-3.7830269692631755,-0.7897766416925094,0.5589382355771946,-4.290700908215838,3.264627904159963,0
6.034095126345812,0.6493540665108849,-4.641758890112707,-1.5693368962786767,1.3496803282907042,0.256455741540464,-1.4158314670590446,-1.5628311680902733,1.5317246390684103,-0.8470956174838236,-0.14410051667933998,-1.3015570862894517,3.2108430616863073,0.23703838691127918,0.43246164280467064,1.7578809236061252,-2.693859947037626,1.5642929354455157,-0.7297835737100897,0.7315449038524935,0
4.200844921804527,-0.5889558363863914,4.451352479195443,0.9724917557663586,-1.6809664687045083,3.2707724256668387,2.497817438793182,0.8994623611340653,-0.5844679310644331,-1.5781953859750346,0.21840444180967164,-0.4859514854547102,-1.213780820630988,2.4401318951957522,-0.6544359448711757,-0.4053543167778062,0.7472729834562164,-0.0725043510671235,-1.3134049074410288,-1.0118890951411952,0
7.4320760334720495,0.8618844874754379,4.504999664361479,-0.9734482476722242,-1.5995942414666686,2.9380383171143447,2.8884217862144568,3.1456691053076247,0.6871094999543645,0.19007744025616502,-1.6389255915373229,1.1400256226219345,-0.891640757509603,1.1010267231184432,1.036989143621858,-1.3272269916386548,-1.6540964955351494,-1.0785673037255399,-0.6986295383102736,2.2806096548709296,0
7.027749291778844,-1.6233821595204154,0.367369716510298,-0.8584691527492199,1.2799017676465727,-1.0228644690927347,0.80117425236934,0.24324803531542605,0.6724494063564123,-0.2498313787303681,-0.5263472792097511,0.010484348399868807,2.1075253421134725,-2.6207377340663642,-0.5731271603205103,1.8958388907241575,-3.0145732307149955,-0.9384413246211993,-2.54252290952683,1.735697128847468,0
7.46728113813498,-0.4603868218068198,1.6727983752680233,0.27801552322165923,0.18276025901816695,3.6332600908095896,1.4753679140006657,-1.0604038520568766,1.3129641642207404,1.145394307126637,-0.8368576374259271,-0.012982038415020769,0.007325037897049302,-4.628414300566228,-0.8160002652700148,1.314274185616512,0.4796073834826009,-2.532014949322646,-1.6350118476745772,0.013962859090006965,0
6.776382541012538,0.7948688506266611,-1.9916913781609615,3.6384630133505196,-0.5634684479659975,1.1437064956280336,1.3472271920491252,1.5850984837827047,1.3970135120882694,0.9594584711545298,-2.485438135214052,0.9284040287774886,1.063734962045611,-2.4288365569333403,-0.6091957558930674,-1.9755196654531835,0.49881303972149627,-2.740986872536948,3.884204954757023,-4.1432874538928495,0
2.2805930602224036,0.4449514431008835,-2.6546455861263816,1.2660959324602161,-0.9919001164859205,2.332583439920225,-2.6227298082798707,-0.489521636480471,1.5845744791180099,3.1767375489521767,-3.0004918832835434,-0.7012531563180455,-2.060570504069413,-1.3093141039214626,0.3822778891213147,-0.7983572142489284,0.47085573823602234,2.6581392571504034,-0.2974364794793166,1.296720792432692,0
4.669555310128918,0.4638339043609596,3.3857808462754915,0.8071017828173472,-2.3173744591071355,2.396456973279847,8.28603261346299,-0.009062424084872678,-1.7703922433385362,0.824111422377092,-2.2471249387434673,0.0568491541769308,2.027578135847517,-2.6790562501139448,-0.11519802539454581,0.005300472760199959,2.9958201151541033,-2.4266659562496957,-3.2009593226598687,1.8444664063692935,0
3.8620571455706973,0.4928069881860107,7.661401153851872,-1.942490211233849,-1.8682278396607805,2.245539460744497,2.8682371197491268,1.2053660783701878,1.408965155737797,1.5066092280837249,-0.9441899902037457,-0.3068843384563531,-3.0923314223301817,-1.9083848585961658,0.3947042984536939,2.4683969308595803,-1.5118833868152657,-1.8126029336424183,-4.532999540868188,1.8387195354052759,0
7.268977847240082,-0.2935940230205841,-4.109677451819254,5.165203338724989,-0.6389761961022268,-0.30617083086359465,1.1596122546697545,-1.7911369825123105,0.247961672268502,2.518278148070719,-7.725680361340705,-1.2310970089983073,0.6156765032149356,-4.771144695675495,0.31840810978427225,-3.8646521086945778,-0.4088814526820953,0.7535664862841711,-0.20513798877649458,-0.6840705876659627,0
9.54767960376364,0.4303681672827299,4.525384776529586,4.3088900619834885,-4.176353054729133,-0.7546703546681426,13.041479240405407,1.3017210375229138,0.4130831545655754,1.4027387762708865,-8.353861986166827,0.07095558476313817,2.272928959636311,-2.8806476271602204,1.4325751098389143,-3.8098286348699237,1.2554538201985266,-2.0319516586111668,-4.421985898943939,1.7345020210382722,0
10.683120020262322,0.19698295274549799,-7.818752826194928,-2.1053296968414053,2.596169898618271,2.574127339012768,-6.707327790668979,-0.8745443780573638,-1.0724912189070837,0.8183065799875622,4.158891208264538,-3.353660010302622,2.5239617411213944,-0.6606425151417354,0.8759703213085982,2.4485698506390303,1.664848654718904,1.8707345527706636,2.835446176704629,2.1207570276598813,0
9.387236675975043,0.929364441186508,-1.6974923213959159,5.880966050460349,0.08136318469511261,3.6617317970288124,0.9501662480799916,-0.37593998934953565,1.0032987835995466,2.125164223816248,-7.029755920269901,2.1373691101904138,-0.1721604999824321,-6.465434824003105,1.4167112324797164,-4.4742745211339425,-0.8706075278686585,-2.359313513781884,1.7073907949368023,-2.574775899237536,0
6.5576985342773,-0.2299425881616471,-9.83187454469917,-2.827195101739758,5.763153972319401,2.8569833065442505,-9.386289646439568,-2.9520002813355157,1.0518670135983754,-1.12290600831308,3.791714608894919,0.16207151233986514,4.037228478053466,-1.76023836094779,0.4261783729588181,3.4242385973674185,-3.7228588118497816,2.3774285666677932,1.368892357702602,1.4245798140955674,0
2.1231731089239148,-2.2981082289382226,-2.520550503315855,1.8752800906439124,0.4968325619579044,2.0163752414642464,2.010402516721797,-0.3174798123954392,-0.08947323354649499,1.642783931355885,-6.914367435161789,0.01619007376182185,1.5887475251476233,-2.850003821414461,1.6764142707328533,-4.933917217505826,-2.4570875478213035,1.6187888284292407,-1.685021610427243,5.033852210342288,0
3.185424244645967,2.2370607712284465,4.185755399202914,-2.237138620199963,-1.6456449028062579,2.2883114814689383,2.5396575811352777,2.2741287746388146,-1.0756201362785671,-0.30184810909394244,0.6972588852341102,0.7537164410218334,-0.4436024233595409,2.3366336408968778,-2.9227158644950118,1.59406663858576,-1.1057095861323116,0.022606403338498504,-2.259198919304708,2.002215536560965,0
2.9416025863967707,-0.6636809324271231,-0.8888249045502519,-0.30045300607717107,1.685142070007673,2.472860297386412,-2.9475308165281775,0.946328042061006,0.20015674877080525,0.7832663899525932,1.687695063025392,0.9860487420359196,-0.9430894485902486,-1.422078794475636,1.5857721954892179,-0.07376399287417612,-0.4408439244072385,-1.636812293050161,2.981741499527101,-1.3527252156889764,0
7.080206825244868,0.1049783358653314,-3.167713982105407,1.079455514611194,4.48791542890659,3.457052135902605,-5.672264448248981,-3.228619128262195,-0.8601935402431161,-3.3704917081493706,5.345569996880374,0.7493316221058792,2.674595791336335,-1.8694259740225903,-1.4033275419326363,2.4832171237941854,1.37060369223946,1.152754717514609,-1.0873420754414176,0.2482303751384645,0
5.294918100869274,-0.9236005219131284,-7.060906217197504,1.0956971537246876,3.252727110108721,4.256585417801905,-4.348092098911252,-3.1203293959077807,-0.8997546966097002,1.513783060261755,-1.6435078002923098,-0.2595297795591807,2.325728130691783,-5.205118078039696,-2.422802360539133,2.5904245937495567,-3.386356437102084,1.7212321498664145,-1.8027847099341514,-0.3502614624266129,0
6.097719299882617,0.7278376246395681,1.8537543864931796,2.0660114142563377,-1.6480475932225955,3.8596455833834415,5.337247316652186,-0.8636264347192291,1.4539423480730942,2.788524252105951,-4.767345633513781,1.3100306452968453,0.2874686918865348,-5.737019551611454,1.069229567117975,0.6473769771500775,0.22074399425344438,-2.0709231043573118,-3.63640351675853,0.049978000900124095,0
3.1572907692488537,1.1845247565704886,-4.221189047739746,0.1527795071306428,1.605771013466219,4.381106696915235,-3.673235866398243,-1.409111968856383,1.7833848166618582,1.9428336631716334,-2.1287902683911906,-1.5710338402488198,1.1943773632682761,-4.143772296139512,0.5348841119975545,2.1388287050346184,-2.879084470590353,2.0083933365396653,-2.6022736007320972,2.431842932016439,0
6.820018705664872,2.0470119884464077,3.6336136043604226,3.16946977942148,-2.6463491491994686,0.7541582344989015,2.8242731752340884,1.4023208484968048,1.5131387896270692,0.11277268800500417,-4.439669834285379,-1.7490541007977642,-2.0728487829038014,1.0058244184997973,-0.707258422574869,-2.889477408494348,-0.6998770931005739,0.5767048117018652,-1.2561300580021046,-0.8445748452209336,0
3.3923585378761594,0.7460688711486654,0.5780411036425968,-0.7497605716459657,1.2466901654437548,2.563939286701615,-1.3567942600236573,2.687135089857291,0.949023293092693,3.454225716609663,-1.694930455851113,1.374541054507928,-1.0386809366880798,-4.128970837312752,-1.0092352608448056,-0.2626099970304627,-2.4771468279447504,-0.5016100563591877,-0.9893241202206221,4.5559421457419,0
7.176862832791743,0.6542974033936263,3.938364542655696,6.627632629278834,-5.212529916124934,0.5452972775544155,5.501885215910251,0.8945506661806433,0.6761216248939781,0.41441088253869873,-4.137234157645224,-0.7899719990407488,-1.9492742957776228,-0.2829208614396945,1.4309798069601376,-0.43468456951715384,3.0625442521496407,-1.8418294221472982,-0.04340238375002414,-7.976702992265476,0
8.329398859010498,-0.016045710099575686,0.7778153151508784,-1.8264877320810768,1.3199347038001115,2.3236406782540997,-1.0117057212263063,1.1776490589109996,-0.11481073847193869,1.1189410942562907,-0.1456249632479861,1.0276965707589787,-1.140213983695543,-0.22235055958304198,1.0222974266254872,-2.6100363877727863,-0.6090218112977239,0.4406954227335511,0.3104718912093367,4.930161859959243,0
3.753526657290073,-0.056212664591075066,1.8066241604103441,-1.6643405436310914,1.8556244960065436,-1.4285281627492292,-1.5119910359673776,0.8681371829274028,1.4445307755887333,1.0068563333008338,-0.8986831947989677,1.1653295835363682,-1.2778779050397548,-2.4158509483122836,0.6297862340316515,-1.5029886731638076,-2.6897217872681454,-0.9006891783360148,-0.5532210621939135,3.863756125801081,0
0.970379377533334,-0.3529354228589094,7.841380760294757,0.7028343181495833,-6.0717401875363395,2.0582593686554134,6.642721549017014,4.765283441797045,-0.34235201697532897,-0.49317079937928066,-3.926292587875738,0.6048158615439309,-1.3547095192050187,4.255160745207886,1.7213355756149804,-0.21016326728782897,-1.369187054083568,-0.1796966017794155,-2.7320246657110845,0.15720705896559597,1
2.715297047350234,-1.9398286660695805,8.330151698439218,-0.7763600184355308,-0.388660478307595,0.461956938033135,1.1198057707084466,1.713587976857648,0.3807590348452688,0.07269454729868097,0.6755810847595056,-1.261399214035954,-5.120653582545793,1.3332742700778109,0.38481377804725847,-1.8728059607676009,-0.25640094203439656,-0.5492917521354741,-2.001656078676331,1.9393160418225712,0
9.37068283891169,0.4795562245370403,-4.727621882194831,-1.5436903255136531,2.540765890955468,0.6599615074516363,-1.549897599378527,-4.581946474373072,1.4735553270070576,0.21626503619683735,-0.826819242847839,-0.980233691545045,2.724876527472203,-2.9700873627727598,1.920827744452673,-0.4078674626051195,0.6489685629921078,2.441842493372966,-2.9159837343355184,5.92564382387087,0
11.075227974114535,1.6929904078189244,-5.887397813469613,-0.6520967608718594,1.975840799104422,3.6110466172705182,-4.5536817832481535,1.0349971655669132,0.9716238220610809,4.483475076155145,2.4775699238384186,-0.4094112833861094,1.1404519164533387,-4.8481652503694015,1.7909132747641165,1.5499877828791848,3.8036966647768287,0.5812054611469523,1.8819055495055719,4.777721732137507,0
2.6570737735350294,0.5316238596566885,3.343612637705562,-0.767949689922603,-0.7171546345692112,4.314519124222919,-1.399890589980753,3.5069576451389035,1.497666385866361,0.2516205229202154,0.8207998089993311,-0.5652465741061482,-2.2512210578624092,0.9020163534685893,0.4701921487377453,0.2879517265073268,-1.8524179563765564,-1.955919692411784,2.1892010556470445,-1.4342533984332446,0
6.5927794463088,0.06659215159955593,2.149420611585977,-1.5697183905748326,-0.559477746130352,2.12958388398195,1.0176227145111714,1.7435001094244655,-0.2857174721028454,1.0393449907558707,-2.4578149266919813,-0.959635456142356,-0.4622967413481167,-0.570445574406809,0.7304263495389076,-0.7493471606494877,-2.784232040040425,-0.009617089121771727,-1.6744459829600447,3.7704230630083235,0
5.433654749560743,0.5207954420653779,2.1891654712765716,3.20429017617107,-2.129007565932696,2.402596000824261,0.33643532416354566,0.6360920536400979,0.5069894460790585,-0.9902757118605787,-1.3464572268664987,-0.049044064906055104,-1.8098151150049089,1.655974991445171,-0.9291768534644337,-1.724302617473521,1.42943878288549,0.039012153107212066,1.0574712745528312,-3.20531587253749,0
6.285532542048605,-1.0546289042935666,-3.3611369767223476,-1.7880023159812155,2.1263556402109236,1.1060478655858776,-6.697143497181286,2.078022562836246,-1.410316095299261,1.9332214793981894,2.1148920831311573,-1.197315168204717,0.17266204396433893,-2.3876398419262412,1.444208150963578,3.2086567081380104,-2.6915177244210753,0.31759185656250843,1.4033849814946788,1.5831093045823175,0
12.686022613299084,-0.09359654360181645,2.4622514690667687,-2.8641714329776606,1.1183951251101367,2.8927964046203094,0.9922957563705301,0.8963296196256969,0.03289910821505696,-1.3072357850566219,1.5597483372469318,-0.8921544876503976,2.13205215521473,-1.261178580693988,-0.5830304334311681,1.959965531122863,-1.9341693046509612,-1.6840370493842713,-2.2040079836106385,3.6562720107254965,0
4.9968516862783705,0.21084065001895672,-0.46480970058775467,-6.266846233054354,-0.5222262737739377,2.8084951443499127,-4.415210547403365,0.4047183573147448,0.9921635024828308,-0.9077187710133658,1.133668574811665,-0.09808588965362448,-0.16373110927175993,2.132050775159526,-0.6001463610012151,1.4308650758250585,-3.1548807203509166,-1.374742388120465,3.2458577649901974,1.517905250327106,1
5.540209187600061,1.0404419367544704,-0.6397914343932026,-0.7213032068289076,1.4745952287329434,2.738992060582778,-0.2082295692663837,-1.8750429818192513,0.22061821059341222,-0.9904674785505709,-0.12072874977366668,0.36583397941035456,1.166594441060762,-0.7435503145166865,-0.18259496136760067,0.562706796899201,-1.6280418662108058,0.7566488390065009,-2.2182701820523048,1.326224018528156,0
6.145710251223162,0.4263039795961907,-2.9962506942608282,-0.5931643265619868,0.6369966177357107,-0.054674573483711075,-0.4967473774601623,-2.54690874769668,0.4142734656300388,2.3212686243153424,-3.2886488070595576,-0.7252948375765005,-0.16629125394780986,-2.4559526737869195,-0.2177509566825414,-2.089481655861665,0.10480800901907061,1.8335608209624434,-1.3324742444056414,4.071377635334934,0
7.1882708140132765,1.2152350548384139,1.3416335720273291,1.1323862093672301,1.7048696371007117,4.176559326234164,-2.86984728655769,2.89934841461534,0.7624098166145781,2.3132102587397636,-0.6467538286655684,-0.8858888220391015,-1.9455945199413396,-4.238238379581503,0.3669232591145063,1.2116586121436954,-3.921891104382267,-1.792991255198685,0.12825411986060953,-0.9708027148434807,0
7.258935262259094,0.14380477638190506,-9.379569671336517,-1.6699834380451424,4.346461170505734,0.8684330489851301,-9.252641038153907,-2.964857686745922,0.5901314723424054,1.1843005644174478,2.314075292737549,-2.1442884598606367,2.381344597024451,-3.6601693433258644,0.6438996712759961,3.231146422558187,-1.5447983520752917,2.501812871152616,0.9487455051735749,1.9943673954586585,0
5.872445739507538,-0.38073978201229386,-1.975644498585475,2.8485787307309303,0.01247003176659811,1.4847203737695236,2.610191706344899,-3.3936607909160195,0.17711425649593548,0.4690580476369476,-4.057939000497792,-0.16184116792339692,1.178617594189754,-2.4234987409598454,-1.9473370465646698,-1.501805083306667,0.5050522896353045,1.7559549940716284,-3.3382852416381246,0.5704631258328,0
8.259387081812617,2.0611919569212493,4.519930589515274,4.551144714536877,-4.632728811844592,2.6569852103436085,7.533640397577958,0.8487824215679445,-0.04798345841053895,1.7636796405215371,-7.756338267607753,0.579704320059772,-0.4993050607625925,-3.5101679330124487,0.22758308654750167,-2.2078917674787903,0.8989260825217054,-2.0963505173169743,-2.8477528875039955,-0.9262823163768155,0
5.963885894333683,-0.502608936913339,-2.7031876592166326,0.2886914544977073,1.4571273332084291,2.615354514866161,-2.0653487883062844,0.7070294179062702,0.30963896290613524,2.250862353894244,-0.6471266968980061,-0.40094340378602605,1.0137764642560443,-3.7899988420421544,-1.0387521691072197,2.4734423546127697,-2.325529570930124,0.3576817981112925,-1.339671236582838,1.0154998460312095,0
6.217075944504383,1.0012150721368984,0.7330598256410521,2.6916363948723285,-2.5870734026872033,-1.6379672479975917,9.001374732149612,-0.7694961211501399,-0.004323514832526846,1.823718333017792,-8.147815393342325,-0.08933641252650673,2.6036621141012057,-2.958269579144356,0.20108681323119876,-4.472494621060049,1.3552513817892304,0.8460046667319174,-4.762688283535541,5.836446592563714,0
5.820748251920003,0.7312325855182549,0.995253843424113,0.47245380550860816,-0.9867011024682149,1.7900473454494947,1.082057126233916,2.6709584803016453,-0.10760113261703179,0.3669595771134372,-2.636943923315601,0.20386812642769794,-0.27495438302648023,1.154124984359335,0.7655460326396164,-2.4774786766895946,-1.9725076859983122,0.12015807888107388,0.8221399354223831,1.2879050262781329,0
4.045687463829861,-0.19234054367025555,1.3843763899385249,2.456232676758596,-1.5265642887561237,4.071482142966987,2.352939522171827,1.8422209724322536,-0.9200868021244905,0.9293096427442697,-2.289648524683495,1.6924621473941814,-0.8237938785428646,-0.5893324093150893,0.17081910891917992,-1.7275610899599232,0.343411893721995,-1.5463435895763533,1.4605172140487137,-2.3664626167027816,0
8.080033364923214,2.382607913303798,3.7102811730273215,1.6370375286331642,-3.095477585130541,2.1916166317764074,4.405837290654972,2.839832293746063,1.400857979482218,3.781963667541642,-5.728309894391904,0.4470012038294394,-1.231346656953932,-5.297072340376094,0.30409095064572045,1.221501163552313,-2.5816561451834623,-3.8502034598586428,-1.3736004672948008,-1.8944392047459264,0
4.171461719327445,0.6929950487613514,3.9722405729563808,-1.679494211022928,-0.15358228760270287,2.148744399854985,-2.3447021144331446,2.9493691772698747,0.1117855895032883,0.10272753764038534,1.1748568518406775,0.3415252069899821,-3.23415457919065,1.8532113887595778,-0.43815584620875964,-0.20307124861466963,-2.2458571777417733,-0.4697093362268421,0.9586317463403895,0.567481721996855,0
7.21801833094253,1.3144570345690503,-5.9008370425934045,-2.691386865161004,2.908234151994011,2.703999478358984,-4.162938402049389,-0.42041137583747346,1.4999498024842486,1.2576346363477526,0.6607608901561249,-0.012899979932841865,2.85150737032951,-2.2140647115551726,-1.2063075063276472,2.556964512429883,-3.4156629401933354,1.6316910996734744,-0.578174403624121,3.5140940737075668,0
2.3892414111088534,0.45333717177074095,-4.298611697526879,-0.6215724394024983,3.125688557675791,-0.7428109536355898,-1.9265742129439904,-0.0020950711585814297,1.0299433146051689,0.44520875647697933,-0.204200559465026,-1.399206577072441,1.9878662253440131,-0.8147572091702194,-0.6378723202495382,-1.0620117579389095,-2.72110464680597,1.6485329161801292,0.11199539204439213,2.7819123162682944,0
0.22265439531392017,0.7737926326718029,2.398204736274937,-0.19603519904344813,-0.3395101631106161,2.410867828069494,3.554968780443293,1.7699203353642692,-1.5365512023225352,-0.03584812454123232,-3.4367910266630313,0.39583643407556174,0.5391209284384686,0.6545991955205048,-1.3271442496291987,-2.6104504531296375,-3.0077910812078836,0.7851930265783931,-2.5701104409793643,4.032763973249537,0
9.614059343221761,0.34638365721139835,-7.504791663180602,-4.663956438272302,-1.0642520632498864,1.2226551574433604,-1.9106005202079939,-5.9211967348113825,0.04717288419383034,-0.5024740463285284,-1.1718308888849667,1.0353308791151108,3.457330037306833,1.480647593626042,-0.11540096336304313,3.0310683431498253,-0.2612228269916905,2.9956223041084407,-0.9209028902580351,1.4960330024785229,0
3.3435313117259695,-0.9580996860149408,2.938923031920858,0.3681921755572418,0.22902870004387643,3.524485412908507,0.8517548935701303,0.4157155016168572,0.6551942090802428,-0.25799279605038317,-0.2787205659760165,-0.1723308998535303,-1.4411983015069354,-0.007806080917039296,-1.6425500682949157,-2.3594334173969735,0.7034014517394427,-0.35358133857296703,-0.42225186249602276,1.820356396319902,0
4.565499882696611,-0.69423299956122,0.6366136562263145,-0.6369236025211324,1.022806130083052,1.6557127661215214,0.9730044395235742,0.015023862930765297,1.2876091799552942,0.6620444619599954,1.0095742121940134,-0.10654852460253281,0.6703475479914289,-2.8391466996144223,-1.2387111397140826,0.6451357655520622,0.7579074093557159,-2.309606117925572,0.10900042006084298,0.6408877402505069,0
4.599917182368072,0.9444363149938924,5.866426905551999,-3.274579429908977,-0.42457477126386445,2.302951678658661,-2.7081690886784426,3.249512469003441,-0.8081843995023595,-1.088543177789616,3.0257290848522174,-0.10422535303278807,-3.037471834247128,2.539432175086197,0.3973920509565655,1.7137430711813213,-2.483677309181563,-1.2874300688555889,0.43493460031677245,0.7036892390685431,0
9.180002737992794,0.3145804750198983,-0.07611122674389549,1.0658361085270118,1.833455475928139,2.7609125159217185,-1.3090779874541094,-0.848984469969329,0.25148813799954933,0.33350861196143056,-2.880109441432452,-1.9120727725192348,0.6515404759154038,-4.19771875044971,0.6887704311817159,1.7999204920857754,-5.328083304428674,0.5320019336651962,-4.292015454456469,0.8092035275682513,0
2.2966293224342946,-1.078261161497447,-0.8579800894696638,-1.0056107017210896,2.331709341716183,2.789258257415099,-1.82875803361391,-0.5710532421864298,-0.06833297904413273,-0.6936693837393628,0.4126951730042289,-1.8117050884212444,1.4481168909882425,-1.649491645874113,-0.5825200869080123,-0.11224956517118256,-1.6419834303711862,0.5369942177253623,-1.4501467298577533,3.6989978366121052,0
11.231352494812798,-0.6965314757199494,-2.4925078952207698,2.783209600939415,0.5809281377884641,0.6125928334784667,4.597165780951107,-0.5650680966888726,0.6243262986503066,1.3773347165581673,-6.421508970055888,-0.4140535792618601,2.5375148128287255,-2.9552344251599845,-0.45334082856108315,-6.10954064371005,-0.13719472436499613,0.8494988544967961,-1.2010651000588486,4.8312995115068,0
10.586737292780327,0.38787380037288893,3.361851481568698,5.068760135280293,-4.9617519378158566,2.305873247650844,6.327514515368896,2.6382278354095154,-0.5642151235113065,1.013974367345858,-6.317831719399597,0.815285289325058,0.18599189561938068,-2.2516987728961024,-1.3539125280810724,-0.5078953782440314,-0.20328212096487086,-3.405080202194419,0.1013056558724954,-5.452880763358965,0
6.633226179656926,1.6339254563454342,-4.7963014940630435,-2.5649768907703123,4.414315250709417,3.2587089448146003,-6.629749901275212,-0.4531572523032803,1.988469427416972,-0.5733116234357902,4.584659475983261,1.2064256047034734,2.4339788081386793,-2.0643433216700275,-1.326720802705879,3.0628714736481295,-1.8535965549564792,0.10216029509911773,1.3655703525852854,1.7800810088355399,0
5.897365689179469,0.46057326657593445,-6.593138951569418,-0.8681280985215759,0.4942577903570029,0.875084491343062,-3.048330610511502,-5.215232256071447,0.46473314581932473,0.036358493182047646,-0.37444094908971115,0.6046315425208766,1.5703852640656573,0.07048659085418191,1.8144278820719,0.8824414763303855,1.7046674394790728,3.444043588214254,-0.6466106960916483,0.8534438935795815,1
6.163403990178233,-0.056212664591075066,1.8066241604103441,-1.6643405436310914,1.8556244960065436,0.7982994678176896,-1.5119910359673776,0.8681371829274028,1.4445307755887333,1.0068563333008338,-0.8986831947989677,1.1653295835363682,-1.2778779050397548,-2.4158509483122836,0.6297862340316515,-1.5029886731638076,-2.6897217872681454,-0.9006891783360148,-0.5532210621939135,3.863756125801081,0
5.964036688141167,-0.30512588888091635,1.0934837901855996,0.622635041014709,-0.7401850558660167,1.0964552884213583,5.6741670689378925,-0.04182750638989985,-0.2909201850487338,2.550037835048263,-3.865942130329332,-0.4780951297251593,1.0447857549237765,-3.968473675847401,-0.08629614038461567,-0.8150984787838674,0.10941324171850608,-1.1908875864617565,-3.049950791892294,2.743397388284259,0
6.4748400246217575,1.727253969113951,2.0663727597916837,-0.573240187123498,-0.45979921998995377,3.0975321881740054,2.142936310299417,0.7084898480904932,-0.6578381858156338,0.6817482046348716,-1.7357537328219357,-0.6892355894170279,-0.3350880951186642,-0.301815538389453,-0.3809407557356079,-1.70776080489561,-0.18709075676846432,0.328446548644455,-1.7686150757667969,3.7786584417606797,0
8.84152332811506,0.4181756459398066,-6.689208871905847,1.5541268832095332,5.8399055662690955,1.2397236478674296,-6.996981987509736,-1.9737425811953588,-0.39693273711016447,1.772626008621622,0.45884144546781824,-0.6808982366655784,2.380184595245862,-7.970147916825187,-3.15888153391904,1.758308034020129,-2.445134428367674,1.011316708518827,-1.402857547674293,2.9023547357015946,0
7.073913476177042,-1.2058526489766679,1.3355390431276046,0.06209448715458499,-0.9386980588042949,3.5874279505379567,-0.39021149819308826,2.008967367180024,-0.8897851410125044,0.11881373456032873,2.077800152136474,0.049703871182983264,-0.09581980214870667,-1.1186487127109206,-0.048880831596582505,2.821617655617655,0.5176995517848415,-3.578782647727084,2.6692661770576653,-4.2958729724436955,0
4.8140596007020395,0.60172047667766,3.9077317529844096,-0.8049479050640365,0.09044477797222106,0.7621976589273292,-2.250808072926713,0.7845758104905021,0.5807886115011167,0.21439093803394793,2.015827385667261,0.5112713224320939,-3.4903453076427784,0.04471529316756841,-0.7472853627932412,0.8715655750752322,-0.05484891792467628,-0.9886003957306333,0.178506911820556,-0.8490625166557656,0
6.528180169541741,-1.5766564675780272,6.324620878671831,1.1834033543938451,-1.386173042949594,-0.5192999312540577,4.643564926011016,-1.0115822387937374,0.5281167626540383,1.5147575124027992,-5.6264692230736895,0.24728607755733328,-2.3950508629778797,-3.8703633514729026,0.1730489118834158,-1.3413699836635529,-1.8789281846204182,-0.3631398895844562,-6.450758050731941,3.294905239711693,0
5.526385724253576,-0.14554388500545545,-0.0013893683385104686,-0.9006211665791599,-2.0864205780584917,4.893038985573529,1.8254001109195845,0.5181124278407125,0.3107187188653863,-1.4236628871843635,-0.6338530399413808,0.0896747520882579,1.90842992669578,1.6724827824263022,0.6909848770150565,2.6124818143492297,-1.988447519500395,-1.3060486398866316,0.42482048940660666,-3.455316794701184,1
8.607775001896838,0.587735623938931,-1.8439004987441625,1.1551725606343095,3.236849182820959,1.9135447169619857,-2.003440639168272,-0.2853199661500996,0.41116264960243304,1.439218324063095,0.02504302688456545,-1.3698114648669812,0.9193793962945449,-5.106526962035517,-0.2409975430595322,-0.4529123941896842,-0.34092766787445683,-0.3178073815425424,-0.957828651763374,3.0170843121440023,0
8.255477737810319,-0.5716765744916152,-4.403782425116633,2.3944751848748727,6.284553231210327,0.8316156113421644,-4.067330362500046,-6.542185226091345,-1.672738440190523,-4.368847700534044,-0.7684658201276647,0.3493258467482928,3.7984666470184583,-4.172066389917486,-1.2455904969451617,-0.08860469071121457,-4.793633118298546,1.9223652154614572,-4.286866192695632,0.054012147998546665,0
2.8145267911397562,-0.5221918248610806,0.11018619247617792,0.8910659302770252,1.2294323792761972,1.3423450710224918,0.9433562827202625,-1.7532084729367035,1.8447393313973877,1.7858632193648813,-3.1395374684226938,-0.4566861330943406,0.5834166326263607,-5.335795771719666,-0.5551313293336818,-2.238552105431882,1.0867644090055077,0.5408252017587337,-3.6459038767982435,6.592261377692709,0
4.832675200219777,-0.7925987101592316,-1.8288382748323457,3.577220300957268,-0.7364393600919581,1.4841790576482037,1.674192497038504,2.8402226848461565,-0.10672541919398792,1.5222602359994228,-3.9370886821344735,0.8843804456980071,0.33249235497218943,-0.8658896822484786,1.5224776474499178,-3.4570326673387757,-1.2118240898247863,-1.197180345489605,3.4568094042453517,-2.744105142400911,0
11.360913858972598,1.417044595497681,1.7826455239264132,4.8083593121665595,-1.6636063944856718,2.210052235855156,6.101540433955635,-0.7239062928020596,0.947406935155093,2.332102695602611,-8.174618671648837,1.139723193483694,1.4318958216425082,-8.995473661895454,0.5617644167120418,-1.8212088820754078,-0.5707775216680031,-4.558266619416319,-2.1688923486248206,-1.1786359553566461,0
3.989344308531174,0.31662910633671715,-3.430781211230289,-1.0926539288638262,3.0265527037771047,3.1688183391834266,2.233513468008968,-0.7844601348689215,-0.5251324625124234,2.4042501162763403,-3.882379141886496,0.38942327729763343,2.9247898967167463,-4.819909684060163,0.02797711048138588,-3.3191988144357873,-2.3018839858464855,0.2207816893806711,-1.8777918508408642,7.260286880356892,0
4.372285755371536,-0.13490701124050175,0.604078723525779,1.2297669659269763,-0.4178652329796273,3.330498457707905,-0.01906818719455998,-0.8123652837050158,0.5398125049936776,-0.9635457287341826,-2.0353382998164924,2.298836526998267,-0.5571379361021411,1.2782780102834332,-0.44468017566945556,-1.5372290487071956,-1.0134561344438275,2.0369618397615783,-1.7518416413342646,0.7269690716331485,0
8.183011273043235,-0.1423486865154642,-5.670129589878039,-4.047601350879749,2.730701719864964,3.298206814682017,-0.28844075631176835,-2.400677416308323,-0.2846769245903387,-0.4469739154414205,-0.7469082129270771,1.028334777858993,4.916955675977865,-1.401962922687208,-0.41847283057180573,-0.9938993869434063,-1.8031673008290126,0.7299751857172836,-0.2653987698297763,6.382816751349872,0
8.414182639959375,2.281044125269128,-3.2563923567904447,1.2632554853417366,0.604444320359659,4.029313756524159,-0.2739389818357759,2.0083117907425594,0.3810082497807453,3.307749194085907,-6.016563234077765,1.636802783470996,0.8471323910457504,-4.534165620788124,-0.23744452493575993,-4.143348309755391,-2.8983844124324936,-1.0583819239053518,2.215497735038008,3.059997319173359,0
4.5949230199755835,1.1649651524339888,-3.754048963539182,-3.608932618919028,-1.4334210014659425,1.4905811651165837,0.35620791566428617,-4.4133654988681705,-1.4092419947251698,-1.144070956043496,2.764571936474168,-1.187441424586226,1.9271706302939475,3.4897996080814813,-1.233582149787414,0.6192704497323411,6.015798882285657,1.8764701277481723,0.9444407828178196,2.091398609669483,0
8.51192337123577,-0.3642835485216925,-1.935864672145767,-1.3962082156940654,-0.32434699474846784,1.7385853047115574,0.7326624956012598,-2.68493794731617,-0.40994999199452997,1.4562543453129875,-4.154784612500408,-0.7054042821066152,1.3065369577137236,-3.4736256937711496,-1.625050030239822,0.5343024809020542,-1.9995101776059045,0.2667724494235396,-2.703480965525414,2.792878924385147,0
4.369210637820412,0.8573906983973175,-1.719331220975616,-1.4722275086730692,0.7626857272156652,2.4624955706513267,-2.0201976851713614,-1.1975608026225228,0.35537327659796314,1.2489927020847937,-0.24538879521465312,-0.45465637739502357,0.23548591437042532,-2.3743165692875685,0.5965843373237173,1.8597938669764278,-1.1108947338393453,0.14525416378707967,-0.9496213190681521,1.2870179035162896,0
2.639546263369345,0.4646829293830282,4.94168540559723,1.6586450520523202,-2.970491107392003,5.7901836052316416,6.662361384171875,2.5882398418826074,-0.4214532488636361,1.0161693801496117,-4.277111643827498,0.7317297103117941,-0.3070650983346781,-0.8569985199891277,0.9863138182496888,-1.4204415009342315,-0.6887416599438525,-1.8101226880567998,-2.165787358644444,0.4287615776119457,0
4.4769673956037295,1.0789784247751215,2.7641110189968603,3.093138369065816,-3.4744879119287484,8.012814123962878,2.2258492156728464,2.4682830101992543,-0.16469887358518656,0.322099362554643,-3.376080379477741,0.8225420455823117,-1.5385766419464184,0.9936640437512593,-0.43033253385003223,-0.3346054136806772,-0.9797569340246872,-0.8187837877205094,0.4802819255072108,-4.263524981899126,0
6.044201172149222,-1.3217266601146898,-0.587843965350056,0.23226667742026363,3.3402311838160896,-1.5355167858552499,-6.658584664723283,1.3560822514371507,0.8546092726077711,1.0856349755193413,1.3139667402097053,0.20912792010957026,-3.1050715707408583,-2.575953958978671,0.4272419930535919,-1.2327800406680114,-2.904366254916977,-1.9316585580614927,4.251540800612404,-2.171679984761654,0
7.824329232988649,-2.5264743345653806,0.044101541078211653,2.569961760583973,-1.368002244114215,1.075881845674874,2.928214375831645,0.2178421995983747,-1.1816592303527655,1.2254829162296081,-2.126476641883081,-0.9615731468117881,0.2370613599709177,-2.0395015534674568,0.5082305664389787,-1.1683890831772552,2.1426657472573076,-1.5543258159624518,0.7800481672726058,-1.7759237873218974,0
8.398378873312248,1.6696158327326545,-4.854021545329122,-3.044569255497761,2.3433522667567623,-1.3016153471355223,-4.615305645847991,-4.850907277704792,0.3400463789678302,-0.7558132805696802,3.0932977011447025,0.09397725648437813,1.4415267176603326,-1.0241000054423939,1.3554120340466271,1.3908040342725487,2.3223286018792884,1.0620502040985893,0.6741176019830439,2.112611212972776,0
6.098640819889695,-1.737549036118919,4.042913481336121,-0.969073040771121,-1.6561842395706752,2.640779747494849,0.9158883361354128,4.587886574673245,0.1507263827503201,0.4159553182603317,-2.4113229405267322,-0.09767072743252331,-1.4988943254207907,1.8338499492615237,-1.1680782793603706,-1.13863294540699,-4.232891966479723,-0.4993369831579767,0.006273284567885895,1.6328391851555093,0
8.867363452256637,2.4492967262632397,2.3212232866137423,1.8968574749244422,-0.8909872975934826,1.8822455803036295,1.502921512846653,-0.8045415215989224,-0.06878884381011492,1.3215239926184048,-5.8494000348761945,0.5172746714328772,-1.4669016090941216,-3.2006332028214173,-0.10863790521789736,-2.899572132265953,-1.5931564403391136,0.480603603247437,-3.209246496061479,3.035132127042307,0
3.078097323701704,1.942053764822754,-1.8890557945692974,-2.129172496201231,0.26165011290613205,4.681786375599933,1.555789475401275,1.3351914964997293,1.054638986702549,1.2286136857123524,-2.495631189950313,-0.8458212296701921,2.6391073844190664,-1.96423105029413,0.41293561509903254,1.8634792915795084,-5.034371099929961,-1.315122155631022,-0.6204356057080104,0.7189290448391138,0
7.78693533729641,0.4638339043609596,3.3857808462754915,0.8071017828173472,-2.3173744591071355,3.0286570127588033,8.28603261346299,-0.009062424084872678,-1.7703922433385362,0.824111422377092,-2.2471249387434673,0.0568491541769308,2.027578135847517,-2.6790562501139448,-0.11519802539454581,0.005300472760199959,2.9958201151541033,-2.4266659562496957,-3.2009593226598687,1.8444664063692935,0
6.9982854370446645,-0.1661277553509628,-5.845966942855279,-1.2419789217850488,0.02999906726156054,0.37621937594853583,-3.5984508711759906,-0.3014569981147759,1.0235930871069252,3.139278172752566,-2.8601569719434874,0.9940954732298365,0.9100015305941516,-2.0532799517567795,0.29257670627062987,2.188711885957728,-3.257377046523319,2.4462170026242345,-0.5877957673624736,1.7484158974042125,0
8.57118983953147,-0.26810182039685415,-4.369040929886684,1.0072292908008493,3.316117202805163,1.5100478358039955,-0.6227665821325952,-1.6311134085885945,-0.2575803971659775,4.152093967198752,-4.9139809562959105,0.4159109956397094,1.5643006452254684,-10.015874668398812,-0.3455961669741747,-1.39332553297997,-2.8283157916832034,-2.646530207766131,-0.18193235094685467,2.3365107571136,0
6.411705037481492,1.1928626425797275,2.866017765733531,-2.728833311271511,1.7743987437733018,-0.01984474604500143,-3.046096297149463,1.7869730478497317,0.07736356493765013,-0.08398665256102844,3.462034004470511,-1.9078893065803826,-1.9809592298231726,-0.24995141240761645,-0.793939053114166,2.213095090004074,-2.6072745814213487,-1.8489291029790305,0.730534516441482,-0.3696245181802032,0
4.012870377007803,0.6141959088853028,0.5259492123714435,-1.4288962027307996,-0.39558971002665966,3.3120429848865633,-0.5011989288550396,0.7566859528765376,-1.4514007421639936,-1.6241166360790003,4.609203775028594,0.9543973883033452,-0.23471184047737592,3.8050802747729313,-0.8960554156669183,2.2947961586344254,1.3371439108711707,-0.7848005315540337,2.4617061722114695,-3.9232082615914847,1
6.892863548714315,-0.48197063843855603,-6.070574855463555,0.06096457845989023,2.6555936747226925,-0.14808887355181738,-4.150160767304556,-0.285200640165451,1.8619828559136142,3.7952471125545797,-0.3922833517318016,-0.27550174121628485,1.5697027990861716,-5.295438353425334,-0.08833754154576076,1.5468476824808497,-0.24722344245000916,2.082023833682606,-1.2245297061265914,4.755015957712138,0
7.802894742878302,-0.5711204210716516,-0.13240748723556062,3.4942312523668395,-0.8746090019634462,1.709444763389272,2.3688882355125234,-0.7642117078445423,-0.8031263371173013,0.8426835545727287,-6.341793159565676,1.6518321847663109,-0.20837977352123438,-1.785571299682137,2.664517391374535,-3.778078681009777,-1.5207246584384608,1.3369238178110514,-2.07827715294542,1.0163070545689614,0
2.832723674965868,0.8390585129559777,-3.5072820749128244,-2.2942599986306753,0.6498087729054239,-1.0073618243088793,-3.2701193304055614,4.716229371666879,-0.25676882177546373,4.351054426516051,-1.0225505733662228,1.8131496203583828,0.059847219812326324,-1.272906315781141,-0.42461880828553766,1.403652226698109,-4.226299436239035,1.0711150670724467,1.3550952519185908,3.597273004520642,0
3.693933188360763,1.2481477559046172,-0.50242264931376,-1.3381792385477351,0.9625281369318601,2.40984639871566,0.43264198091269185,0.865003392668596,-0.7948218943543952,1.649313382966501,-2.8912158460886896,-0.16629847211996254,0.5798842026580213,-2.13963950350534,-1.1496805511049546,-2.3376723063667635,-2.233577180702142,0.2027226684888217,-0.8843834130087417,5.402062230214121,0
7.698749726864808,-0.5368120368655337,-2.2178404984943656,1.5591801807848862,0.5649337091386926,4.1430734740076485,0.5459566615806435,-0.8670384233728188,0.846807344727155,2.479350994953214,-4.7892657451138625,1.16532104740933,1.1412052644433195,-6.155835701808542,0.9532584857472012,-1.0720605364721554,-1.607235968151778,-1.5466248107143337,-0.5728058850047797,1.1626915290062327,0
0.5415033212441531,-0.6264334624357981,-1.6217639938283188,-2.763070373335676,2.7208959279258553,3.521926777212686,-1.0739811717580827,0.6780265098546732,-1.509894876895732,0.5430465051221471,0.08024181736181328,-0.06871984588624176,0.8784306959006734,0.3085261613395491,-0.5372493823481894,-1.520614917388968,-3.062898929672878,1.6535040478589886,-0.818852590018987,5.4471436781679445,0
